# server_id	appearance_id	confidence	name
# generated by harness/build_modern_ids.py - see that file for the ground-truth chain
100	100	name-verified	void
101	101	name-verified	earth
103	103	name-verified	dirt
104	104	name-verified	sand
106	106	name-verified	grass
108	108	name-verified	flowers
109	109	name-verified	flowers
194	194	name-verified	dirt
231	231	name-verified	sand
280	280	otb-only	dirt floor
293	293	name-verified	grass
294	294	name-verified	pitfall
351	351	name-verified	dirt floor
352	352	name-verified	dirt floor
353	353	name-verified	dirt floor
354	354	otb-only	muddy floor
355	355	otb-only	muddy floor
356	356	name-verified	dirt wall
357	357	name-verified	dirt wall
358	358	name-verified	dirt wall
359	359	name-verified	dirt wall
360	360	name-verified	dirt wall
361	361	name-verified	dirt wall
362	362	name-verified	dirt wall
363	363	name-verified	dirt wall
364	364	name-verified	dirt wall
365	365	name-verified	dirt wall
366	366	name-verified	dirt wall
367	367	name-verified	dirt wall
368	368	name-verified	earth ground
369	369	name-verified	trapdoor
370	370	name-verified	trapdoor
371	373	name-verified	stone wall
372	374	name-verified	stone wall
373	375	name-verified	stone wall
374	376	name-verified	stone wall
375	377	name-verified	stone wall
376	378	name-verified	stone wall
377	379	name-verified	stone wall
378	380	name-verified	stone wall
379	381	name-verified	stone wall
380	382	name-verified	stone wall
381	383	name-verified	stone wall
382	384	name-verified	stone wall
383	385	name-verified	hole
384	386	name-verified	dirt floor
385	387	name-verified	small hole
386	388	name-verified	stalagmites
387	389	name-verified	stalagmites
388	390	name-verified	lava hole
389	391	name-verified	lava hole
390	392	name-verified	stalagmites
391	393	name-verified	stalagmites
392	394	name-verified	hole
405	408	name-verified	wooden floor
406	409	name-verified	white marble floor
407	410	name-verified	black marble floor
408	411	name-verified	trapdoor
409	412	name-verified	trapdoor
410	413	name-verified	stairs
411	414	name-verified	stairs
412	415	name-verified	sandstone floor
413	416	name-verified	stone floor
414	417	name-verified	tiled floor
415	418	name-verified	stone floor
416	419	name-verified	stone tile
417	420	name-verified	stone tile
418	421	otb-only	sandy floor
419	422	name-verified	sandstone tile
420	423	name-verified	tiled floor
421	424	name-verified	sandstone floor
422	425	name-verified	sandstone floor
423	428	name-verified	stairs
424	429	name-verified	stone tile
425	430	name-verified	stone tile
426	431	name-verified	stone tile
427	432	name-verified	trapdoor
428	433	otb-only	trapdoor
429	434	otb-only	stairs
430	435	name-verified	sewer grate
431	436	name-verified	stone floor
432	437	name-verified	stairs
433	438	name-verified	stairs
434	439	name-verified	wooden floor
435	440	name-verified	wooden floor
436	441	name-verified	wooden floor
437	442	name-verified	wooden floor
438	443	name-verified	wooden floor
439	444	name-verified	wooden floor
440	445	name-verified	wooden floor
441	446	name-verified	wooden floor
442	447	name-verified	wooden floor
443	448	name-verified	wooden floor
444	449	name-verified	wooden floor
445	450	name-verified	wooden floor
446	452	name-verified	wooden floor
447	453	name-verified	wooden floor
448	454	name-verified	wooden floor
449	455	name-verified	wooden floor
450	456	name-verified	wooden floor
451	457	name-verified	wooden floor
452	458	name-verified	wooden floor
453	459	name-verified	wooden floor
454	460	name-verified	wooden floor
455	461	name-verified	wooden floor
456	462	name-verified	wooden floor
457	463	name-verified	white stone tile
458	464	name-verified	wooden floor
459	469	name-verified	stairs
460	470	otb-only	nothing special
461	475	name-verified	closed trapdoor
462	8709	name-verified	open trapdoor
463	477	name-verified	pedestal
464	478	name-verified	sandstone wall
465	479	otb-only	stone floor
466	480	name-verified	sandstone wall
467	481	otb-only	stone floor
468	593	otb-only	loose stone pile
469	594	name-verified	hole
470	595	name-verified	hole
471	596	name-verified	strange carving
472	597	name-verified	strange carving
473	598	name-verified	strange carving
474	599	name-verified	strange carving
475	601	otb-only	hole
476	600	otb-only	hole
477	602	otb-only	ramp
478	603	otb-only	ramp
479	604	otb-only	hole
480	605	otb-only	hole
481	606	name-verified	loose stone pile
482	615	name-verified	hole
483	608	name-verified	loose ice pile
484	609	name-verified	hole
485	610	name-verified	hole
486	611	name-verified	snow heap
487	612	name-verified	ramp
488	613	name-verified	ramp
489	615	name-verified	hole
493	622	name-verified	water
598	21477	name-verified	lava
599	728	name-verified	lava
600	729	name-verified	lava
601	730	name-verified	lava
670	799	name-verified	snow
671	800	name-verified	ice
708	837	name-verified	tar
709	838	name-verified	tar
710	839	name-verified	tar
711	840	name-verified	tar
724	870	name-verified	cobbled pavement
777	923	otb-only	sandstone floor
778	924	otb-only	sandstone floor
779	925	otb-only	sandstone floor
780	926	otb-only	sandstone floor
781	927	otb-only	sandstone floor
782	928	otb-only	sandstone floor
783	929	otb-only	sandstone floor
784	930	otb-only	sandstone floor
785	931	otb-only	sandstone floor
786	932	otb-only	sandstone floor
787	933	otb-only	sandstone floor
788	934	otb-only	sandstone floor
789	935	otb-only	sandstone floor
790	936	otb-only	sandstone floor
791	937	otb-only	road
804	950	otb-only	soil
806	952	otb-only	ploughed soil
836	982	otb-only	dry earth
873	1081	name-verified	mountain
874	1082	name-verified	mountain
875	1083	name-verified	mountain
876	1084	name-verified	mountain
877	1085	name-verified	mountain
878	1086	name-verified	mountain
891	1100	name-verified	rocks
892	1101	name-verified	rocks
893	1102	name-verified	rocks
894	1103	name-verified	rocks
895	1104	name-verified	rocks
896	1105	name-verified	rocks
897	1106	name-verified	rocks
898	1107	name-verified	rocks
899	1108	name-verified	rocks
900	1109	name-verified	rocks
901	1110	name-verified	rocks
902	1111	name-verified	rocks
903	1112	otb-only	mountain
904	1113	otb-only	mountain
905	1114	otb-only	mountain
906	1115	otb-only	mountain
907	1116	otb-only	mountain
908	1117	otb-only	mountain
909	1118	otb-only	mountain
910	1119	otb-only	mountain
911	1120	otb-only	mountain
912	1121	otb-only	mountain
913	1122	otb-only	mountain
914	1123	otb-only	archway
915	1124	otb-only	archway
916	1125	otb-only	archway
917	1126	otb-only	archway
918	1127	name-verified	mountain
919	1128	name-verified	mountain
920	1152	name-verified	flat roof
921	1153	name-verified	flat roof
922	1154	name-verified	flat roof
923	1155	name-verified	flat roof
924	1156	otb-only	stairs
925	1157	name-verified	tiled roof
926	1158	name-verified	tiled roof
927	1159	name-verified	tiled roof
928	1160	name-verified	tiled roof
929	1161	name-verified	tiled roof
930	1162	name-verified	tiled roof
931	1163	name-verified	tiled roof
932	1164	name-verified	tiled roof
933	1165	name-verified	tiled roof
934	1166	name-verified	tiled roof
935	1167	name-verified	tiled roof
936	1168	name-verified	tiled roof
937	1169	name-verified	tiled roof
938	1170	name-verified	tiled roof
939	1171	name-verified	tiled roof
940	1172	name-verified	tiled roof
941	1173	name-verified	tiled roof
942	1174	name-verified	tiled roof
943	1175	name-verified	tiled roof
944	1176	name-verified	tiled roof
945	1177	name-verified	wooden roof
946	1178	name-verified	wooden roof
947	1179	name-verified	wooden roof
948	1180	name-verified	wooden roof
949	1181	name-verified	wooden roof
950	1182	name-verified	wooden roof
951	1183	name-verified	wooden roof
952	1184	name-verified	wooden roof
953	1185	name-verified	wooden roof
954	1186	name-verified	wooden roof
955	1187	name-verified	wooden roof
956	1188	name-verified	wooden roof
957	1189	name-verified	wooden roof
958	1190	name-verified	wooden roof
959	1191	name-verified	wooden roof
960	1192	name-verified	wooden roof
961	1193	name-verified	wooden roof
962	1194	name-verified	wooden roof
963	1195	name-verified	wooden roof
964	1196	name-verified	wooden roof
965	1210	name-verified	chess board
966	1211	name-verified	chess board
967	1212	name-verified	mill board
968	1213	name-verified	mill board
969	1214	name-verified	mill board
970	1215	name-verified	mill board
971	1216	name-verified	mill board
972	1217	name-verified	mill board
973	1218	name-verified	mill board
974	1219	name-verified	mill board
975	1220	name-verified	mill board
976	1221	name-verified	mill board
977	1222	name-verified	mill board
978	1223	name-verified	mill board
979	1224	name-verified	mill board
980	1225	name-verified	mill board
981	1226	name-verified	mill board
982	1227	name-verified	mill board
983	1228	name-verified	mill board
984	1229	name-verified	mill board
985	1230	name-verified	mill board
986	1231	name-verified	mill board
987	1232	name-verified	mill board
988	1233	name-verified	mill board
989	1234	name-verified	mill board
990	1235	name-verified	mill board
991	1236	name-verified	mill board
992	1237	name-verified	mill board
993	1238	name-verified	mill board
994	1239	name-verified	mill board
995	1240	name-verified	mill board
996	1241	name-verified	mill board
997	1242	name-verified	mill board
998	1243	name-verified	mill board
999	1244	name-verified	mill board
1000	1245	name-verified	mill board
1001	1246	name-verified	mill board
1002	1247	name-verified	mill board
1003	1248	name-verified	mill board
1004	1249	name-verified	mill board
1005	1250	name-verified	mill board
1006	1251	name-verified	mill board
1007	1252	name-verified	mill board
1008	1253	name-verified	mill board
1009	1254	name-verified	mill board
1010	1255	name-verified	mill board
1011	1256	name-verified	mill board
1012	1257	name-verified	mill board
1013	1258	name-verified	mill board
1014	1259	name-verified	mill board
1015	1260	name-verified	mill board
1016	1261	name-verified	tic-tac-toe board
1017	1262	name-verified	tic-tac-toe board
1018	1263	name-verified	tic-tac-toe board
1019	1264	name-verified	tic-tac-toe board
1020	1265	name-verified	tic-tac-toe board
1021	1266	name-verified	tic-tac-toe board
1022	1267	name-verified	tic-tac-toe board
1023	1268	name-verified	tic-tac-toe board
1024	1269	name-verified	tic-tac-toe board
1025	1270	name-verified	brick wall
1026	1271	name-verified	brick wall
1027	1272	name-verified	brick wall
1028	1273	name-verified	brick wall
1029	1274	name-verified	brick wall
1030	1275	name-verified	brick wall
1031	1276	name-verified	brick wall
1032	1277	name-verified	brick wall
1033	1278	name-verified	brick wall
1034	1279	name-verified	brick wall
1035	1280	name-verified	brick wall
1036	1281	name-verified	framework wall
1037	1282	name-verified	framework wall
1038	1283	name-verified	framework wall
1039	1284	name-verified	framework wall
1040	1285	name-verified	framework wall
1041	1286	name-verified	framework wall
1042	1287	name-verified	framework wall
1043	1288	name-verified	framework wall
1044	1289	name-verified	framework wall
1045	1290	name-verified	framework wall
1046	1291	name-verified	framework wall
1047	1292	name-verified	framework wall
1048	1293	name-verified	framework wall
1049	1294	name-verified	stone wall
1050	1295	name-verified	stone wall
1051	1296	name-verified	stone wall
1052	1297	name-verified	stone wall
1053	1298	name-verified	stone wall
1054	1299	name-verified	stone wall
1055	1300	name-verified	stone wall
1056	1301	name-verified	stone wall
1057	1302	name-verified	stone wall
1058	1303	name-verified	stone wall
1059	1304	name-verified	stone wall
1060	1305	name-verified	sandstone wall
1061	1306	name-verified	sandstone wall
1062	1307	name-verified	sandstone wall
1063	1308	name-verified	sandstone wall
1064	1309	name-verified	sandstone wall
1065	1310	name-verified	sandstone wall
1066	1311	name-verified	sandstone wall
1067	1312	name-verified	sandstone wall
1068	1313	name-verified	sandstone wall
1069	1314	name-verified	sandstone wall
1070	1315	name-verified	sandstone wall
1071	1316	name-verified	sandstone
1072	1317	otb-only	sandstone
1073	1318	otb-only	sandstone
1074	1319	otb-only	sandstone
1075	1320	otb-only	sandstone
1076	1321	otb-only	sandstone
1077	1322	otb-only	sandstone
1078	1323	otb-only	sandstone
1079	1324	otb-only	sandstone
1080	1325	otb-only	sandstone
1081	1326	otb-only	sandstone
1082	1327	otb-only	sandstone
1083	1328	otb-only	sandstone
1084	1329	name-verified	sandstone wall
1085	1330	name-verified	sandstone wall
1086	1331	name-verified	sandstone wall
1087	1332	name-verified	sandstone wall
1088	1333	name-verified	sandstone wall
1089	1334	otb-only	sandstone wall
1090	1335	otb-only	sandstone wall
1091	1336	otb-only	sandstone wall
1092	1337	otb-only	sandstone wall
1093	1338	otb-only	sandstone wall
1095	1340	otb-only	sandstone wall
1096	1341	otb-only	sandstone wall
1097	1342	otb-only	sandstone wall
1098	1343	otb-only	sandstone wall
1099	1344	otb-only	sandstone wall
1100	1345	otb-only	stone wall
1101	1346	otb-only	stone wall
1102	1347	otb-only	stone wall
1103	1348	otb-only	stone wall
1104	1349	otb-only	stone wall
1105	1350	otb-only	stone wall
1106	1351	otb-only	stone wall
1107	1352	otb-only	stone wall
1108	1353	otb-only	stone wall
1109	1354	otb-only	stone wall
1110	1355	otb-only	stone wall
1111	1356	name-verified	white stone wall
1112	1357	name-verified	white stone wall
1113	1358	name-verified	white stone wall
1114	1359	name-verified	white stone wall
1115	1360	name-verified	white stone wall
1116	1361	name-verified	white stone wall
1117	1362	name-verified	white stone wall
1118	1363	name-verified	white stone wall
1119	1364	name-verified	white stone wall
1120	1365	name-verified	archway
1121	1366	name-verified	archway
1122	1367	name-verified	archway
1123	1368	name-verified	archway
1124	1369	name-verified	archway
1125	1370	name-verified	archway
1126	1371	name-verified	archway
1127	1372	name-verified	archway
1128	1373	name-verified	ornamented wall
1129	1374	name-verified	ornamented wall
1130	1375	name-verified	ornamented wall
1131	1376	name-verified	ornamented wall
1132	1377	name-verified	ornamented wall
1133	1378	name-verified	ornamented wall
1134	1379	name-verified	ornamented wall
1135	1380	name-verified	ornamented wall
1136	1381	name-verified	ornamented wall
1137	1382	name-verified	ornamented wall
1138	1383	name-verified	ornamented wall
1139	1384	name-verified	ornamented wall
1140	1385	name-verified	ornamented wall
1141	1386	name-verified	ornamented wall
1142	1387	name-verified	ornamented wall
1143	1388	name-verified	ornamented wall
1144	1389	name-verified	ornamented wall
1145	1390	name-verified	ornamented wall
1146	1391	name-verified	ornamented wall
1147	1392	name-verified	ornamented wall
1148	1393	name-verified	ornamented wall
1149	1394	name-verified	ornamented wall
1150	1395	name-verified	ornamented wall
1151	1396	name-verified	ornamented wall
1152	1397	name-verified	ornamented wall
1153	1398	name-verified	ornamented wall
1154	1399	name-verified	wall fountain
1155	1400	name-verified	wall fountain
1156	1401	name-verified	wall fountain
1157	1402	name-verified	wall fountain
1158	1403	name-verified	archway
1159	1404	name-verified	archway
1160	1405	name-verified	archway
1161	1406	name-verified	archway
1162	1407	name-verified	archway
1163	1408	name-verified	archway
1164	1409	name-verified	ornamented wall
1165	1410	name-verified	ornamented wall
1166	1411	name-verified	ornamented wall
1167	1412	name-verified	ornamented wall
1168	1413	name-verified	ornamented wall
1169	1414	name-verified	ornamented wall
1170	1415	name-verified	paravent
1171	1416	otb-only	paravent wall
1172	1417	otb-only	paravent wall
1173	1418	otb-only	paravent wall
1174	1419	otb-only	paravent wall
1175	1420	otb-only	paravent wall
1176	1421	name-verified	ornamented wall
1177	1422	name-verified	ornamented wall
1178	1423	name-verified	ornamented wall
1179	1424	name-verified	ornamented wall
1180	1425	name-verified	ornamented wall
1181	1426	name-verified	ornamented wall
1182	1427	name-verified	ornamented wall
1183	1428	name-verified	ornamented wall
1184	1429	name-verified	ornamented wall
1185	1430	name-verified	ornamented wall
1186	1431	name-verified	ornamented wall
1187	1432	name-verified	ornamented wall
1188	1433	name-verified	ornamented wall
1189	1434	name-verified	ornamented wall
1190	1435	name-verified	ornamented wall
1191	1436	name-verified	ornamented wall
1192	1437	name-verified	ornamented wall
1193	1438	name-verified	ornamented wall
1194	1439	name-verified	wall fountain
1195	1440	name-verified	wall fountain
1196	1441	name-verified	lava wall
1197	1442	name-verified	lava wall
1198	1443	name-verified	lava wall
1199	1444	name-verified	lava wall
1200	1445	name-verified	lava wall
1201	1446	name-verified	lava wall
1202	1447	name-verified	lava wall
1203	1448	name-verified	lava wall
1204	1449	name-verified	lava wall
1205	1624	name-verified	archway
1206	1625	name-verified	archway
1207	1626	name-verified	archway
1208	1627	name-verified	archway
1209	1628	name-verified	closed door
1210	1629	name-verified	closed door
1211	1630	name-verified	open door
1212	1631	name-verified	closed door
1213	1632	name-verified	closed door
1214	1633	name-verified	open door
1215	1634	name-verified	buttress
1216	1635	name-verified	buttress
1217	1636	name-verified	buttress
1218	1637	name-verified	buttress
1219	1638	name-verified	closed door
1220	1639	name-verified	open door
1221	1640	name-verified	closed door
1222	1641	name-verified	open door
1223	1642	name-verified	closed door
1224	1643	name-verified	open door
1225	1644	name-verified	closed door
1226	1645	name-verified	open door
1227	1646	name-verified	gate of expertise
1228	1647	name-verified	gate of expertise
1229	1648	name-verified	gate of expertise
1230	1649	name-verified	gate of expertise
1231	1650	name-verified	closed door
1232	1651	name-verified	closed door
1233	1652	name-verified	open door
1234	1653	name-verified	closed door
1235	1654	name-verified	closed door
1236	1655	name-verified	open door
1237	1656	name-verified	closed door
1238	1657	name-verified	open door
1239	1658	name-verified	closed door
1240	1659	name-verified	open door
1241	1660	name-verified	closed door
1242	1661	name-verified	open door
1243	1662	name-verified	closed door
1244	1663	name-verified	open door
1245	1664	name-verified	gate of expertise
1246	1665	name-verified	gate of expertise
1247	1666	name-verified	gate of expertise
1248	1667	name-verified	gate of expertise
1249	1668	name-verified	closed door
1250	1669	name-verified	closed door
1251	1670	name-verified	open door
1252	1671	name-verified	closed door
1253	1672	name-verified	closed door
1254	1673	name-verified	open door
1255	1674	name-verified	closed door
1256	1675	name-verified	open door
1257	1676	name-verified	closed door
1258	1677	name-verified	open door
1259	1678	name-verified	gate of expertise
1260	1679	name-verified	gate of expertise
1261	1680	name-verified	gate of expertise
1262	1681	name-verified	gate of expertise
1263	1734	name-verified	framework window
1264	1735	name-verified	framework window
1265	1736	name-verified	brick window
1266	1737	name-verified	brick window
1267	1738	name-verified	stone wall window
1268	1739	name-verified	stone wall window
1269	1740	name-verified	white stone wall window
1270	1741	name-verified	white stone wall window
1271	1742	name-verified	white stone wall window
1272	1743	name-verified	white stone wall window
1273	1744	name-verified	sandstone window
1274	1745	name-verified	sandstone window
1275	1746	name-verified	sandstone window
1276	1747	name-verified	sandstone window
1277	1748	name-verified	mast
1278	1749	name-verified	sail
1279	1750	name-verified	sail
1280	1751	otb-only	steering wheel
1281	1752	otb-only	steering wheel
1282	1753	otb-only	steering wheel
1283	1754	otb-only	steering wheel
1284	1771	name-verified	drawbridge
1285	1772	name-verified	stone
1286	1773	name-verified	stone
1287	1774	name-verified	stone
1288	1775	name-verified	stone
1289	1776	name-verified	stone
1290	1777	name-verified	stone
1291	1778	name-verified	stone
1292	1779	name-verified	stone
1293	1780	name-verified	stone
1294	1781	name-verified	small stone
1295	1782	name-verified	stone
1296	1783	name-verified	stone
1297	1784	name-verified	stone
1298	1785	name-verified	stone
1299	1786	name-verified	stone
1300	1787	name-verified	stone
1301	1788	name-verified	stone
1302	1789	name-verified	stone
1303	1790	name-verified	stone
1304	1791	name-verified	stone
1305	1792	name-verified	stone
1306	1793	name-verified	stone
1307	1794	name-verified	debris
1308	1795	name-verified	debris
1309	1796	name-verified	debris
1310	1797	name-verified	debris
1311	1798	name-verified	debris
1312	1799	name-verified	debris
1313	1800	name-verified	debris
1314	1801	name-verified	debris
1315	1802	name-verified	debris
1316	1803	name-verified	debris
1317	1804	name-verified	debris
1318	1805	name-verified	debris
1319	1806	name-verified	debris
1320	1807	name-verified	debris
1321	1808	name-verified	debris
1322	1809	name-verified	debris
1323	1810	name-verified	debris
1324	1811	name-verified	debris
1325	1812	name-verified	debris
1326	1813	name-verified	debris
1327	1814	name-verified	debris
1328	1815	name-verified	debris
1329	1816	name-verified	debris
1330	1817	name-verified	debris
1331	1818	name-verified	debris
1332	1819	name-verified	debris
1333	1820	name-verified	debris
1334	1821	name-verified	debris
1335	1822	name-verified	stone pile
1336	1823	otb-only	stone pile
1337	1824	name-verified	debris
1338	1825	name-verified	debris
1339	1826	name-verified	debris
1340	1827	name-verified	debris
1341	1828	name-verified	debris
1342	1829	name-verified	debris
1343	1830	name-verified	debris
1344	1831	name-verified	debris
1345	1832	name-verified	debris
1346	1833	name-verified	debris
1347	1834	name-verified	debris
1348	1835	name-verified	debris
1349	1836	name-verified	debris
1350	1837	name-verified	debris
1351	1838	name-verified	debris
1352	1839	name-verified	debris
1353	1840	name-verified	mossy stone
1354	1841	name-verified	blue shrine stone
1355	1842	name-verified	red shrine stone
1356	1843	name-verified	stone
1357	1844	name-verified	stone
1358	1845	name-verified	stone
1359	1846	name-verified	stone
1360	1922	name-verified	fountain
1361	1923	name-verified	fountain
1362	1924	name-verified	fountain
1363	1925	name-verified	fountain
1364	1926	name-verified	water basin
1365	1927	name-verified	water basin
1366	1928	name-verified	water basin
1367	1929	name-verified	water basin
1368	1930	name-verified	draw well
1369	1931	name-verified	draw well
1370	1932	name-verified	marble well
1371	1933	name-verified	marble well
1372	1934	name-verified	marble well
1373	1935	name-verified	marble well
1374	1936	name-verified	marble fountain
1375	1937	name-verified	marble fountain
1376	1938	name-verified	marble fountain
1377	1939	name-verified	marble fountain
1378	1940	name-verified	small basin
1379	7775	name-verified	wheel
1380	7776	name-verified	wheel
1381	1943	name-verified	millstone
1382	1944	name-verified	millstone
1383	1945	name-verified	millstone
1384	1946	name-verified	millstone
1385	1947	name-verified	stairs
1386	1948	name-verified	ladder
1387	1949	name-verified	magic forcefield
1388	1950	name-verified	ramp
1389	1951	name-verified	ramp
1390	1952	name-verified	ramp
1391	1953	name-verified	ramp
1392	1954	name-verified	ramp
1393	1955	name-verified	ramp
1394	1956	name-verified	ramp
1395	1957	name-verified	ramp
1396	1958	name-verified	wooden stairs
1397	775	name-verified	mystic flame
1398	1960	name-verified	ramp
1399	1961	name-verified	ramp
1400	1962	name-verified	ramp
1401	1963	name-verified	ramp
1402	1964	name-verified	ramp
1403	1965	name-verified	ramp
1404	1966	name-verified	ramp
1405	1967	name-verified	ramp
1406	134	name-verified	grave
1407	1980	name-verified	grave stone
1408	1981	name-verified	grave stone
1409	1982	name-verified	grave stone
1410	1983	name-verified	stone coffin
1411	1984	name-verified	stone coffin
1412	1985	name-verified	stone coffin
1413	1986	name-verified	stone coffin
1414	1987	name-verified	stone coffin
1415	1988	name-verified	buried coffin
1416	1989	name-verified	buried coffin
1417	1992	name-verified	sarcophagus
1418	1993	name-verified	sarcophagus
1419	1994	name-verified	sarcophagus
1420	1995	name-verified	sarcophagus
1421	1996	otb-only	stone circle
1422	1997	otb-only	unlit campfire
1423	1998	name-verified	campfire
1424	1999	name-verified	campfire
1425	2000	name-verified	campfire
1426	2001	name-verified	unlit campfire
1427	2002	otb-only	unlit campfire
1428	2003	name-verified	campfire
1429	2012	name-verified	sign
1430	2013	name-verified	sign
1431	2014	name-verified	sign
1432	2015	name-verified	sign
1433	2016	name-verified	sign
1434	2017	name-verified	sign
1435	2018	name-verified	dragon flag
1436	2019	name-verified	castle flag
1437	2020	otb-only	flag of world
1438	2021	name-verified	street sign
1439	2022	name-verified	street sign
1440	2023	name-verified	sign
1441	2024	name-verified	sign
1442	2025	name-verified	statue
1443	2026	name-verified	statue
1444	2027	name-verified	hero statue
1445	2028	name-verified	monument
1446	2029	name-verified	minotaur statue
1447	2030	name-verified	goblin statue
1448	2031	name-verified	angel statue
1449	2032	name-verified	dwarven statue
1450	2033	name-verified	watchdog statue
1451	2034	name-verified	sandstone statue
1452	2035	name-verified	gargoyle statue
1453	2036	name-verified	gargoyle statue
1454	2037	name-verified	gargoyle statue
1455	2038	name-verified	gargoyle statue
1456	2039	name-verified	pedestal
1457	2040	name-verified	pedestal
1458	2041	name-verified	pedestal
1459	2042	name-verified	pedestal
1460	2043	name-verified	minotaur statue
1461	2044	name-verified	minotaur statue
1462	2045	name-verified	minotaur statue
1463	2046	name-verified	goblin statue
1464	2047	name-verified	goblin statue
1465	2048	name-verified	goblin statue
1466	2049	name-verified	pedestal
1467	2050	name-verified	cobra statue
1468	2051	name-verified	cobra statue
1469	2052	name-verified	pedestal
1470	2053	name-verified	cobra statue
1471	2054	name-verified	cobra statue
1472	2055	name-verified	cobra statue
1473	2056	otb-only	ornament
1474	2057	name-verified	cobra statue
1475	2058	otb-only	ornament
1476	2059	name-verified	statue
1477	2060	name-verified	statue
1478	2061	name-verified	statue
1479	2108	name-verified	street lamp
1480	2109	name-verified	street lamp
1481	2110	name-verified	coal basin
1482	2111	name-verified	coal basin
1483	2112	name-verified	coal basin
1484	2113	name-verified	coal basin
1485	2114	name-verified	empty coal basin
1486	2115	name-verified	stone coal basin
1487	2118	otb-only	fire
1488	2119	otb-only	fire
1489	2120	otb-only	fire
1490	105	otb-only	poison gas
1491	2122	name-verified	energy field
1492	2123	otb-only	fire
1493	2124	otb-only	fire
1494	2125	otb-only	fire
1495	2126	name-verified	energy field
1496	2121	otb-only	poison gas
1497	2129	name-verified	magic wall
1498	2129	name-verified	magic wall
1499	2130	name-verified	rush wood
1500	21465	otb-only	yellow flame
1501	2132	otb-only	fire
1502	2133	otb-only	fire
1503	2134	name-verified	poison gas
1504	2135	name-verified	energy field
1505	2136	name-verified	smoke
1506	2137	name-verified	searing fire
1507	2138	otb-only	fire
1508	2140	name-verified	ashes
1509	2144	name-verified	lava
1510	2145	otb-only	strange slits
1511	2146	name-verified	blades
1512	2147	name-verified	strange holes
1513	2148	name-verified	spikes
1514	2152	name-verified	stone pillar
1515	2153	name-verified	marble pillar
1516	2154	name-verified	wooden railing
1517	2155	name-verified	wooden railing
1518	2156	name-verified	wooden railing
1519	2157	name-verified	wooden railing
1520	2158	name-verified	wooden railing
1521	2159	name-verified	wooden railing
1522	2160	name-verified	wooden railing
1523	2161	name-verified	wooden railing
1524	2162	name-verified	stone railing
1525	2163	name-verified	stone railing
1526	2164	name-verified	stone railing
1527	2165	name-verified	stone railing
1528	2166	name-verified	stone railing
1529	2167	name-verified	stone railing
1530	2168	name-verified	stone railing
1531	2169	name-verified	stone railing
1532	2170	name-verified	framework wall
1533	2171	name-verified	fence
1534	2172	name-verified	fence
1535	2173	name-verified	fence
1536	2174	name-verified	fence
1537	2175	name-verified	fence
1538	2176	name-verified	fence
1539	2177	name-verified	closed fence gate
1540	2178	name-verified	open fence gate
1541	2179	name-verified	closed fence gate
1542	2180	name-verified	open fence gate
1543	2181	name-verified	fence
1544	2182	name-verified	fence
1545	2183	name-verified	fence
1546	2184	name-verified	bars
1547	2185	name-verified	bars
1548	2187	name-verified	nothing special
1549	2188	name-verified	sandstone pillar
1550	2189	name-verified	sandstone statue
1551	2190	name-verified	oriental pillar
1552	2191	name-verified	ramp
1553	2192	name-verified	ramp
1554	2193	name-verified	ramp
1555	2194	name-verified	ramp
1556	2195	name-verified	ramp
1557	2196	name-verified	ramp
1558	2197	name-verified	ramp
1559	2198	name-verified	ramp
1560	2199	name-verified	obelisk
1561	2200	name-verified	broken obelisk
1562	2201	name-verified	stone railing
1563	2202	name-verified	stone railing
1564	2203	name-verified	stone railing
1565	2204	name-verified	stone railing
1566	2205	name-verified	stone railing
1567	2206	name-verified	stone railing
1568	2207	name-verified	stone railing
1569	2208	name-verified	stone railing
1570	2209	name-verified	sandstone railing
1571	2210	name-verified	sandstone railing
1572	2211	name-verified	sandstone railing
1573	2212	name-verified	sandstone railing
1574	2213	name-verified	sandstone railing
1575	2214	name-verified	sandstone railing
1576	2215	name-verified	sandstone railing
1577	2216	name-verified	sandstone railing
1578	2218	name-verified	ramp
1579	2219	name-verified	ramp
1580	2220	name-verified	ramp
1581	2221	name-verified	ramp
1582	2222	name-verified	white stone railing
1583	2223	name-verified	white stone railing
1584	2224	name-verified	white stone railing
1585	2225	name-verified	white stone railing
1586	2226	name-verified	white stone railing
1587	2227	name-verified	white stone railing
1588	2228	name-verified	white stone railing
1589	2229	name-verified	white stone railing
1590	2230	name-verified	white stone railing
1591	2231	name-verified	white stone railing
1592	2232	name-verified	white stone railing
1593	2233	name-verified	white stone railing
1594	2234	name-verified	wooden railing
1595	2235	name-verified	wooden railing
1596	2236	name-verified	wooden railing
1597	2237	name-verified	wooden railing
1598	2238	name-verified	wooden railing
1599	2239	name-verified	wooden railing
1600	2240	name-verified	wooden railing
1601	2241	name-verified	wooden railing
1602	2302	name-verified	big table
1603	2303	name-verified	big table
1604	2304	name-verified	big table
1605	2305	name-verified	big table
1606	2306	name-verified	big table
1607	2307	name-verified	big table
1608	2308	name-verified	big table
1609	2309	name-verified	big table
1610	2310	name-verified	big table
1611	2311	name-verified	big table
1612	2312	name-verified	big table
1613	2313	name-verified	big table
1614	2314	name-verified	big table
1615	2315	name-verified	square table
1616	2316	name-verified	small round table
1617	2317	name-verified	counter
1618	2318	name-verified	counter
1619	2319	name-verified	small table
1620	2320	name-verified	counter
1621	2321	name-verified	counter
1622	2322	name-verified	table
1623	2323	name-verified	table
1624	2324	name-verified	table
1625	2325	name-verified	table
1626	2326	name-verified	table
1627	2327	name-verified	table
1628	2328	name-verified	table
1629	2329	name-verified	table
1630	2330	name-verified	table
1631	2331	name-verified	table
1632	2332	name-verified	table
1633	2333	name-verified	table
1634	2334	otb-only	passthrough
1635	2335	otb-only	open passthrough
1636	2336	otb-only	passthrough
1637	2337	otb-only	open passthrough
1638	2338	otb-only	passthrough
1639	2339	otb-only	open passthrough
1640	2340	otb-only	passthrough
1641	2341	otb-only	open passthrough
1642	2342	name-verified	counter
1643	2343	name-verified	counter
1644	2344	name-verified	counter
1645	2345	name-verified	counter
1646	2354	name-verified	throne
1647	2355	name-verified	throne
1648	2356	name-verified	throne
1649	2357	name-verified	throne
1650	2358	name-verified	wooden chair
1651	2359	name-verified	wooden chair
1652	2360	name-verified	wooden chair
1653	2361	name-verified	wooden chair
1654	2362	name-verified	throne
1655	2363	name-verified	throne
1656	2364	name-verified	throne
1657	2365	name-verified	throne
1658	2366	name-verified	sofa chair
1659	2367	name-verified	sofa chair
1660	2368	name-verified	sofa chair
1661	2369	name-verified	sofa chair
1662	2370	name-verified	bench
1663	2371	name-verified	bench
1664	2372	name-verified	bench
1665	2373	name-verified	bench
1666	2374	name-verified	red cushioned chair
1667	2375	name-verified	red cushioned chair
1668	2376	name-verified	red cushioned chair
1669	2377	name-verified	red cushioned chair
1670	2378	name-verified	green cushioned chair
1671	2379	name-verified	green cushioned chair
1672	2380	name-verified	green cushioned chair
1673	2381	name-verified	green cushioned chair
1674	2382	name-verified	rocking chair
1675	2383	name-verified	rocking chair
1676	2384	name-verified	rocking chair
1677	2385	name-verified	rocking chair
1678	2386	name-verified	small purple pillow
1679	2387	name-verified	small green pillow
1680	2388	name-verified	small red pillow
1681	2389	name-verified	small blue pillow
1682	2390	name-verified	small orange pillow
1683	2391	name-verified	small turquoise pillow
1684	2392	name-verified	small white pillow
1685	2393	name-verified	heart pillow
1686	2394	name-verified	blue pillow
1687	2395	name-verified	red pillow
1688	2396	name-verified	green pillow
1689	900	name-verified	yellow pillow
1690	2398	name-verified	round blue pillow
1691	2399	name-verified	round red pillow
1692	2400	name-verified	round purple pillow
1693	2401	name-verified	round turquoise pillow
1694	2402	name-verified	couch
1695	2403	name-verified	couch
1696	2404	name-verified	couch
1697	2405	name-verified	couch
1698	2406	name-verified	couch
1699	2407	name-verified	couch
1700	2408	name-verified	couch
1701	2409	name-verified	couch
1702	2410	name-verified	luxurious couch
1703	2411	name-verified	luxurious couch
1704	2412	name-verified	luxurious couch
1705	2413	name-verified	luxurious couch
1706	2414	name-verified	luxurious couch
1707	2415	name-verified	luxurious couch
1708	2416	name-verified	luxurious couch
1709	2417	name-verified	luxurious couch
1710	2427	name-verified	wardrobe
1711	2428	name-verified	wardrobe
1712	2429	name-verified	wardrobe
1713	2430	name-verified	wardrobe
1714	2431	otb-only	chest of drawers
1715	2432	otb-only	chest of drawers
1716	2433	otb-only	chest of drawers
1717	2434	otb-only	chest of drawers
1718	2435	name-verified	bookcase
1719	2436	name-verified	bookcase
1720	2437	name-verified	bookcase
1721	2438	name-verified	bookcase
1722	2439	name-verified	bookcase
1723	2440	name-verified	bookcase
1724	2441	name-verified	dresser
1725	2442	name-verified	dresser
1726	2443	name-verified	dresser
1727	2444	name-verified	dresser
1728	2445	name-verified	pendulum clock
1729	2446	name-verified	pendulum clock
1730	2447	name-verified	pendulum clock
1731	2448	name-verified	pendulum clock
1732	2449	name-verified	locker
1733	2450	name-verified	locker
1734	2451	name-verified	locker
1735	2452	name-verified	locker
1736	2453	name-verified	standing mirror
1737	2454	name-verified	standing mirror
1738	2469	name-verified	box
1739	2471	name-verified	crate
1740	2472	name-verified	chest
1741	2473	name-verified	box
1742	2474	name-verified	wooden coffin
1743	2475	name-verified	wooden coffin
1744	2476	name-verified	wooden coffin
1745	2477	name-verified	wooden coffin
1746	2478	name-verified	treasure chest
1747	2480	name-verified	chest
1748	2481	name-verified	chest
1749	2482	name-verified	chest
1750	2483	name-verified	large trunk
1751	2484	name-verified	large trunk
1752	2485	name-verified	large trunk
1753	2486	name-verified	large trunk
1754	2487	name-verified	bed
1755	2488	name-verified	bed
1756	2489	name-verified	cot
1757	2490	name-verified	cot
1758	2491	name-verified	cot
1759	2492	name-verified	cot
1760	2493	name-verified	bed
1761	2494	name-verified	bed
1762	2495	name-verified	bed
1763	695	name-verified	bed
1764	2497	name-verified	bed
1765	115	name-verified	bed
1766	2499	name-verified	cot
1767	2500	name-verified	cot
1768	2501	name-verified	cot
1769	2502	name-verified	cot
1770	2519	name-verified	barrel
1771	137	otb-only	cask of beer
1772	2520	otb-only	water cask
1773	2521	otb-only	lemonade cask
1774	2523	name-verified	barrel
1775	2524	name-verified	trough
1776	2522	otb-only	wine cask
1777	2526	name-verified	dustbin
1778	2527	name-verified	big wine cask
1779	2528	name-verified	big wine cask
1780	2529	name-verified	big wine cask
1781	2530	name-verified	big wine cask
1782	2531	name-verified	big wine cask
1783	2532	name-verified	big wine cask
1784	2533	name-verified	big wine cask
1785	2534	name-verified	big wine cask
1786	2535	name-verified	oven
1787	2536	name-verified	oven
1788	2537	name-verified	oven
1789	2538	name-verified	oven
1790	2539	name-verified	oven
1791	2540	name-verified	oven
1792	2541	name-verified	oven
1793	2542	name-verified	oven
1794	2572	name-verified	red carpet
1795	2573	name-verified	red carpet
1796	2574	name-verified	red carpet
1797	2575	name-verified	red carpet
1798	2576	name-verified	red carpet
1799	2577	name-verified	red carpet
1800	2578	name-verified	red carpet
1801	2579	name-verified	red carpet
1802	2580	name-verified	red carpet
1803	2581	name-verified	oriental carpet
1804	2582	name-verified	oriental carpet
1805	2583	name-verified	oriental carpet
1806	2584	name-verified	oriental carpet
1807	2585	name-verified	oriental carpet
1808	2586	name-verified	oriental carpet
1809	2596	name-verified	painting
1810	2597	name-verified	blackboard
1811	2598	name-verified	blackboard
1812	2599	name-verified	tapestry
1813	2600	name-verified	tapestry
1814	2601	name-verified	painting
1815	2602	name-verified	blackboard
1816	2603	name-verified	wall mirror
1817	2604	name-verified	wall mirror
1818	2605	name-verified	blackboard
1819	2606	otb-only	emblem
1820	2607	name-verified	emblem
1821	2608	name-verified	emblem
1822	2609	name-verified	emblem
1823	2610	name-verified	emblem
1824	2611	name-verified	emblem
1825	2612	name-verified	painting
1826	2613	name-verified	painting
1827	2614	name-verified	painting
1828	2615	name-verified	painting
1829	2616	name-verified	scarab ornament
1830	2617	name-verified	scarab ornament
1831	2618	otb-only	painting
1832	2619	otb-only	painting
1833	2620	name-verified	painting
1834	2621	name-verified	painting
1835	2622	otb-only	painting
1836	2623	otb-only	painting
1837	2624	name-verified	painting
1838	2625	name-verified	painting
1839	2626	name-verified	painting
1840	2627	name-verified	painting
1841	2628	name-verified	painting
1842	2629	name-verified	painting
1843	2630	name-verified	wall mirror
1844	2631	name-verified	wall mirror
1845	2632	name-verified	wall mirror
1846	2633	name-verified	wall mirror
1847	2634	name-verified	wall mirror
1848	2635	name-verified	wall mirror
1849	2636	name-verified	wall mirror
1850	2637	name-verified	wall mirror
1851	2638	name-verified	wall mirror
1852	2639	name-verified	picture
1853	2640	name-verified	picture
1854	2641	name-verified	picture
1855	2642	name-verified	purple tapestry
1856	2643	name-verified	purple tapestry
1857	2644	name-verified	purple tapestry
1858	2645	name-verified	green tapestry
1859	2646	name-verified	green tapestry
1860	2647	name-verified	green tapestry
1861	2648	name-verified	yellow tapestry
1862	2649	name-verified	yellow tapestry
1863	2650	name-verified	yellow tapestry
1864	2651	name-verified	orange tapestry
1865	2652	name-verified	orange tapestry
1866	2653	name-verified	orange tapestry
1867	2654	name-verified	red tapestry
1868	2655	name-verified	red tapestry
1869	2656	name-verified	red tapestry
1870	2657	name-verified	blue tapestry
1871	2658	name-verified	blue tapestry
1872	2659	name-verified	blue tapestry
1873	2660	name-verified	cuckoo clock
1874	2661	name-verified	cuckoo clock
1875	2662	name-verified	cuckoo clock
1876	2663	name-verified	cuckoo clock
1877	2664	name-verified	cuckoo clock
1878	2665	name-verified	white tapestry
1879	2666	otb-only	tapestry
1880	2667	name-verified	white tapestry
1881	2668	name-verified	cuckoo clock
1882	2669	name-verified	demon trophy
1883	2670	name-verified	demon trophy
1884	2671	name-verified	wolf trophy
1885	2672	name-verified	wolf trophy
1886	2673	otb-only	orc trophy
1887	2674	otb-only	orc trophy
1888	2675	name-verified	behemoth trophy
1889	2676	name-verified	behemoth trophy
1890	2677	name-verified	deer trophy
1891	2678	name-verified	deer trophy
1892	2679	name-verified	cyclops trophy
1893	2680	name-verified	cyclops trophy
1894	2681	otb-only	dragon lord trophy
1895	2682	otb-only	dragon lord trophy
1896	2683	name-verified	lion trophy
1897	2684	name-verified	lion trophy
1898	2685	name-verified	minotaur trophy
1899	2686	name-verified	minotaur trophy
1900	2693	otb-only	bloodspot
1901	2694	otb-only	bloodspot
1902	2695	otb-only	bloodspot
1903	2696	otb-only	bloodspot
1904	2697	otb-only	bloodspot
1905	2698	otb-only	bloodspot
1906	2699	name-verified	cobwebs
1907	2700	name-verified	cobwebs
1908	2701	name-verified	cobwebs
1909	2702	name-verified	flowery wall
1910	2703	name-verified	flowery wall
1911	2704	name-verified	flowery wall
1912	2705	name-verified	flowery wall
1913	2706	name-verified	flowery wall
1914	2707	name-verified	flowery wall
1915	2708	name-verified	flowery wall
1916	2709	name-verified	flowery wall
1917	2710	name-verified	flowery wall
1918	2711	name-verified	flowery wall
1919	2712	name-verified	flowery wall
1920	2713	name-verified	flowery wall
1921	2714	name-verified	mossy wall
1922	2715	name-verified	mossy wall
1923	2716	name-verified	mossy wall
1924	2717	name-verified	mossy wall
1925	2718	name-verified	mossy wall
1926	2719	name-verified	mossy wall
1927	2720	name-verified	mossy wall
1928	2721	name-verified	mossy wall
1929	2722	name-verified	mossy wall
1930	2723	name-verified	mossy wall
1931	2724	name-verified	mossy wall
1932	2725	name-verified	mossy wall
1933	2726	name-verified	mossy wall
1935	2728	name-verified	mossy wall
1936	2729	name-verified	mossy wall
1937	2730	name-verified	mossy wall
1939	2732	name-verified	mossy wall
1940	2733	name-verified	mossy wall
1941	2734	name-verified	mossy wall
1942	2735	name-verified	mossy wall
1943	2736	name-verified	mossy wall
1944	2737	name-verified	mossy wall
1945	2772	name-verified	lever
1946	2773	name-verified	lever
1947	2813	name-verified	blank paper
1948	2814	name-verified	parchment
1949	2815	name-verified	scroll
1950	2816	name-verified	book
1951	2817	name-verified	blank parchment
1952	2818	name-verified	document
1953	2819	name-verified	parchment
1954	2820	name-verified	sheet of paper
1955	2821	name-verified	book
1956	2822	name-verified	map
1957	2823	name-verified	map
1958	2824	name-verified	book
1959	2825	name-verified	book
1960	2826	name-verified	book
1961	2827	name-verified	book
1962	2828	name-verified	book
1963	2829	name-verified	book
1964	2830	name-verified	book
1965	2831	name-verified	book
1966	2832	name-verified	book
1967	2833	name-verified	parchment
1968	2834	name-verified	document
1969	2835	name-verified	parchment
1970	2836	name-verified	holy tible
1971	2837	name-verified	book
1972	2838	name-verified	book
1973	2839	name-verified	book
1974	2840	name-verified	book
1975	2841	name-verified	book
1976	2842	name-verified	book
1977	2843	name-verified	book
1978	2844	name-verified	book
1979	2845	name-verified	book
1980	2846	name-verified	book
1981	2847	name-verified	book
1982	2848	name-verified	purple tome
1983	2849	name-verified	green tome
1984	2850	name-verified	blue tome
1985	2851	name-verified	grey tome
1986	2852	name-verified	red tome
1987	2853	name-verified	bag
1988	2854	name-verified	backpack
1989	2855	name-verified	basket
1990	2856	name-verified	present
1991	2857	name-verified	green bag
1992	2858	name-verified	yellow bag
1993	2859	name-verified	red bag
1994	2860	name-verified	purple bag
1995	2861	name-verified	blue bag
1996	2862	name-verified	grey bag
1997	2863	name-verified	golden bag
1998	2865	name-verified	green backpack
1999	2866	name-verified	yellow backpack
2000	2867	name-verified	red backpack
2001	2868	name-verified	purple backpack
2002	2869	name-verified	blue backpack
2003	2870	name-verified	grey backpack
2004	2871	name-verified	golden backpack
2005	2873	name-verified	bucket
2006	2874	name-verified	vial
2007	2875	name-verified	bottle
2008	2876	name-verified	vase
2009	2877	name-verified	green flask
2010	2878	name-verified	broken flask
2011	2879	name-verified	elven vase
2012	2880	name-verified	mug
2013	2881	name-verified	cup
2014	2882	name-verified	jug
2015	2885	name-verified	brown flask
2016	2886	name-verified	pool
2017	2887	name-verified	pool
2018	2888	name-verified	pool
2019	2889	name-verified	pool
2020	2890	name-verified	pool
2021	2891	name-verified	pool
2022	2892	name-verified	broken bottle
2023	2893	name-verified	amphora
2024	2894	name-verified	broken flask
2025	2895	name-verified	pool
2026	2896	name-verified	pool
2027	2897	name-verified	pool
2028	2898	name-verified	pool
2029	2899	name-verified	pool
2030	2900	name-verified	pool
2031	2901	name-verified	waterskin
2032	2902	name-verified	bowl
2033	2903	name-verified	golden mug
2034	2904	name-verified	large amphora
2035	2905	name-verified	plate
2036	2906	name-verified	watch
2037	2907	name-verified	wall lamp
2038	2908	name-verified	lit wall lamp
2039	2909	name-verified	wall lamp
2040	2910	name-verified	lit wall lamp
2041	2911	name-verified	candelabrum
2042	2912	name-verified	lit candelabrum
2043	2913	name-verified	used candelabrum
2044	2914	name-verified	lamp
2045	2915	name-verified	lit lamp
2046	2916	name-verified	used lamp
2047	2917	name-verified	candlestick
2048	2918	name-verified	lit candlestick
2049	2919	name-verified	used candlestick
2050	2920	name-verified	torch
2051	2921	name-verified	lit torch
2052	2922	name-verified	torch
2053	2923	name-verified	lit torch
2054	2924	name-verified	torch
2055	2925	name-verified	lit torch
2056	2926	name-verified	burnt down torch
2057	2927	name-verified	lit candelabrum
2058	2928	name-verified	torch bearer
2059	2929	name-verified	lit torch bearer
2060	2930	name-verified	torch bearer
2061	2931	name-verified	lit torch bearer
2062	2932	name-verified	oil lamp
2063	2933	name-verified	small oil lamp
2064	2934	otb-only	tablelamp
2065	2935	otb-only	lit tablelamp
2066	2936	name-verified	wall lamp
2067	2937	name-verified	lit wall lamp
2068	2938	name-verified	wall lamp
2069	2939	name-verified	lit wall lamp
2070	2948	name-verified	wooden flute
2071	2949	name-verified	lyre
2072	2950	name-verified	lute
2073	14253	otb-only	drum
2074	2953	name-verified	panpipes
2075	2954	name-verified	simple fanfare
2076	2955	name-verified	fanfare
2077	2956	name-verified	royal fanfare
2078	3252	otb-only	post horn
2079	2958	name-verified	war horn
2080	2959	name-verified	piano
2081	2960	name-verified	piano
2082	2961	name-verified	piano
2083	2962	name-verified	piano
2084	2963	name-verified	harp
2085	2964	name-verified	harp
2086	2967	name-verified	magical key
2087	2968	name-verified	wooden key
2088	2969	name-verified	silver key
2089	2970	name-verified	copper key
2090	2971	name-verified	crystal key
2091	2972	name-verified	golden key
2092	2973	name-verified	bone key
2093	2974	name-verified	water pipe
2094	2975	name-verified	birdcage
2095	2976	name-verified	birdcage
2096	2977	name-verified	pumpkinhead
2097	2978	name-verified	pumpkinhead
2098	2979	name-verified	globe
2099	2980	name-verified	water pipe
2100	2981	name-verified	god flowers
2101	2982	name-verified	indoor plant
2102	2983	name-verified	flower bowl
2103	2984	name-verified	honey flower
2104	2985	name-verified	potted flower
2105	2986	name-verified	christmas tree
2106	2987	name-verified	potted flower
2107	2988	name-verified	exotic flowers
2108	2989	name-verified	wooden doll
2109	2990	name-verified	football
2110	2991	name-verified	doll
2111	2992	name-verified	snowball
2112	2993	name-verified	teddy bear
2113	2994	name-verified	model ship
2114	2995	name-verified	piggy bank
2115	2996	name-verified	broken piggy bank
2116	2997	name-verified	rocking horse
2117	2998	name-verified	rocking horse
2118	2999	name-verified	rocking horse
2119	3000	name-verified	rocking horse
2120	3003	name-verified	rope
2121	3004	name-verified	wedding ring
2122	3005	name-verified	elven brooch
2123	3006	name-verified	ring of the sky
2124	3007	name-verified	crystal ring
2125	3008	name-verified	crystal necklace
2126	3009	name-verified	bronze necklace
2127	3010	name-verified	emerald bangle
2128	3011	name-verified	crown
2129	3012	name-verified	wolf tooth chain
2130	3013	name-verified	golden amulet
2131	3014	name-verified	star amulet
2132	3015	name-verified	silver necklace
2133	3016	name-verified	ruby necklace
2134	3017	name-verified	silver brooch
2135	3018	name-verified	scarab amulet
2136	3019	name-verified	demonbone amulet
2137	3020	name-verified	some golden fruits
2138	3021	name-verified	sapphire amulet
2139	3022	name-verified	ancient tiara
2140	3023	name-verified	holy scarab
2141	3024	name-verified	holy falcon
2142	3025	name-verified	ancient amulet
2143	3026	name-verified	white pearl
2144	3027	name-verified	black pearl
2145	3028	name-verified	small diamond
2146	3029	name-verified	small sapphire
2147	3030	name-verified	small ruby
2148	3031	name-verified	gold coin
2149	3032	name-verified	small emerald
2150	3033	name-verified	small amethyst
2151	3034	name-verified	talon
2152	3035	name-verified	platinum coin
2153	3036	name-verified	violet gem
2154	3037	name-verified	yellow gem
2155	3038	name-verified	green gem
2156	3039	name-verified	red gem
2157	3040	name-verified	gold nugget
2158	3041	name-verified	blue gem
2159	3042	name-verified	scarab coin
2160	3043	name-verified	crystal coin
2161	3045	name-verified	strange talisman
2162	3046	name-verified	magic light wand
2163	3047	name-verified	magic light wand
2164	3048	name-verified	might ring
2165	3049	name-verified	stealth ring
2166	3050	name-verified	power ring
2167	3051	name-verified	energy ring
2168	3052	name-verified	life ring
2169	3053	name-verified	time ring
2170	3054	name-verified	silver amulet
2171	3055	name-verified	platinum amulet
2172	3056	name-verified	bronze amulet
2173	3057	name-verified	amulet of loss
2174	3058	name-verified	strange symbol
2175	3059	name-verified	spellbook
2176	3060	name-verified	orb
2177	3061	name-verified	life crystal
2178	3062	name-verified	mind stone
2179	3063	name-verified	gold ring
2180	3064	name-verified	orb of nature
2181	3065	name-verified	terra rod
2182	3066	name-verified	snakebite rod
2183	3067	name-verified	hailstorm rod
2184	3068	name-verified	crystal wand
2185	3069	name-verified	necrotic rod
2186	3070	name-verified	moonlight rod
2187	3071	name-verified	wand of inferno
2188	3072	name-verified	wand of decay
2189	3073	name-verified	wand of cosmic energy
2190	3074	name-verified	wand of vortex
2191	3075	name-verified	wand of dragonbreath
2192	3076	name-verified	crystal ball
2193	3077	name-verified	ankh
2194	3078	name-verified	mysterious fetish
2195	3079	name-verified	boots of haste
2196	3080	name-verified	broken amulet
2197	3081	name-verified	stone skin amulet
2198	3082	name-verified	elven amulet
2199	3083	name-verified	garlic necklace
2200	3084	name-verified	protection amulet
2201	3085	name-verified	dragon necklace
2202	3086	otb-only	stealth ring (invisibility)
2203	3087	otb-only	power ring (fist fighting +6)
2204	3088	otb-only	energy ring (magic shield)
2205	3089	otb-only	life ring (faster regeneration)
2206	3090	name-verified	time ring
2207	3091	name-verified	sword ring
2208	3092	name-verified	axe ring
2209	3093	name-verified	club ring
2210	3094	otb-only	sword ring (sword fighting +4)
2211	3095	otb-only	axe ring (axe fighting +4)
2212	3096	otb-only	club ring (club fighting +4)
2213	3097	name-verified	dwarven ring
2214	3098	name-verified	ring of healing
2215	3099	otb-only	dwarven ring (hard drinking)
2216	3100	otb-only	ring of healing (faster regeneration)
2217	3101	name-verified	spellbook
2218	3102	name-verified	paw amulet
2219	3104	name-verified	banana skin
2220	3105	name-verified	dirty fur
2221	3106	name-verified	old twig
2222	3107	name-verified	some wood
2223	3108	name-verified	rubbish
2224	3109	name-verified	rubbish
2225	3110	name-verified	piece of iron
2226	3111	name-verified	fishbone
2227	3112	name-verified	rotten meat
2228	3113	name-verified	broken pottery
2229	3114	name-verified	skull
2230	3115	name-verified	bone
2231	3116	name-verified	big bone
2232	3117	name-verified	broken brown glass
2233	3118	name-verified	broken green glass
2234	3119	name-verified	broken sword
2235	3120	name-verified	mouldy cheese
2236	3121	name-verified	torn book
2237	3122	name-verified	dirty cape
2238	3123	name-verified	worn leather boots
2239	3124	name-verified	burnt scroll
2240	3125	name-verified	remains of a fish
2241	3126	name-verified	rubbish
2242	3127	name-verified	rubbish
2243	3128	name-verified	rubbish
2244	3129	name-verified	some leaves
2245	3130	name-verified	twigs
2246	3131	name-verified	burnt down firewood
2247	3132	otb-only	animal skull
2248	3133	otb-only	humanoid remains
2249	3134	name-verified	ashes
2250	3135	name-verified	wooden trash
2251	3136	name-verified	wooden trash
2252	3137	name-verified	wooden trash
2253	3138	name-verified	wooden trash
2254	3139	name-verified	wooden trash
2255	3140	name-verified	wooden trash
2256	3141	name-verified	stone rubbish
2257	3142	name-verified	stone rubbish
2258	3143	name-verified	stone rubbish
2259	3144	name-verified	stone rubbish
2260	3147	name-verified	blank rune
2261	3148	name-verified	destroy field rune
2262	3149	name-verified	energy bomb rune
2263	3150	name-verified	spell rune
2264	3151	name-verified	spell rune
2265	3152	name-verified	intense healing rune
2266	3153	name-verified	cure poison rune
2267	3154	name-verified	spell rune
2268	3155	name-verified	sudden death rune
2269	3156	name-verified	wild growth rune
2270	3157	name-verified	spell rune
2271	3158	name-verified	icicle rune
2272	3159	name-verified	spell rune
2273	3160	name-verified	ultimate healing rune
2274	3161	name-verified	avalanche rune
2275	3162	name-verified	spell rune
2276	3163	name-verified	spell rune
2277	3164	name-verified	energy field rune
2278	3165	name-verified	paralyse rune
2279	3166	name-verified	energy wall rune
2280	3167	name-verified	spell rune
2281	3168	name-verified	spell rune
2282	3169	name-verified	spell rune
2283	3170	name-verified	spell rune
2284	3171	name-verified	spell rune
2285	3172	name-verified	poison field rune
2286	3173	name-verified	poison bomb rune
2287	3174	name-verified	light magic missile rune
2288	3175	name-verified	stone shower rune
2289	3176	name-verified	poison wall rune
2290	3177	name-verified	convince creature rune
2291	3178	name-verified	chameleon rune
2292	3179	name-verified	stalagmite rune
2293	3180	name-verified	magic wall rune
2294	3181	name-verified	spell rune
2295	3182	name-verified	holy missile rune
2296	3183	name-verified	spell rune
2297	3184	name-verified	spell rune
2298	3185	name-verified	spell rune
2299	3186	name-verified	spell rune
2300	3187	name-verified	spell rune
2301	3188	name-verified	fire field rune
2302	3189	name-verified	fireball rune
2303	3190	name-verified	fire wall rune
2304	3191	name-verified	great fireball rune
2305	3192	name-verified	fire bomb rune
2306	3193	name-verified	spell rune
2307	3194	name-verified	spell rune
2308	3195	name-verified	soulfire rune
2309	3196	name-verified	spell rune
2310	3197	name-verified	disintegrate rune
2311	3198	name-verified	heavy magic missile rune
2312	3199	name-verified	spell rune
2313	3200	name-verified	explosion rune
2314	3201	name-verified	spell rune
2315	3202	name-verified	thunderstorm rune
2316	3203	name-verified	animate dead rune
2317	3204	otb-only	your own dead body
2318	3205	name-verified	family brooch
2319	3206	name-verified	dragonfetish
2320	3207	name-verified	skull of ratha
2321	12510	otb-only	giant smithhammer
2322	3209	name-verified	voodoo doll
2323	3210	name-verified	hat of the mad
2324	3454	otb-only	witchesbroom
2325	3212	otb-only	book
2326	3213	name-verified	annihilation bear
2327	3214	name-verified	blessed ankh
2328	3606	name-verified	egg
2329	3216	name-verified	bill
2330	3217	name-verified	letterbag
2331	3218	name-verified	present
2332	3219	name-verified	waldo's post horn
2333	3220	name-verified	letter to markwin
2334	3221	otb-only	santa's mailbox
2335	3222	name-verified	helmet ornament
2336	3223	name-verified	gem holder
2337	3224	name-verified	right horn
2338	3225	name-verified	left horn
2339	3226	name-verified	damaged helmet
2340	3227	name-verified	helmet piece
2341	3228	name-verified	helmet adornment
2342	3229	name-verified	helmet of the ancients
2343	3230	otb-only	helmet of the ancients
2344	3231	name-verified	gemmed lamp
2345	3232	name-verified	spyreport
2346	3233	name-verified	tear of daraman
2347	3234	name-verified	cookbook
2348	3235	name-verified	ancient rune
2349	3236	name-verified	blue note
2350	3237	name-verified	sword hilt
2351	3238	name-verified	cobrafang dagger
2352	3239	name-verified	crystal arrow
2353	3240	name-verified	burning heart
2354	3241	name-verified	ornamented ankh
2355	3242	name-verified	stuffed bunny
2356	3243	name-verified	gemmed lamp
2357	3245	name-verified	ring of wishes
2358	3246	name-verified	boots of waterwalking
2359	3247	name-verified	djinn's lamp
2360	3248	name-verified	portable hole
2361	3249	name-verified	frozen starlight
2362	3250	name-verified	carrot of doom
2363	3251	name-verified	blood orb
2364	3252	otb-only	post horn
2365	3253	name-verified	backpack of holding
2366	3254	name-verified	roc feather
2367	3255	name-verified	drum
2368	3256	name-verified	simple fanfare
2369	3257	name-verified	cornucopia
2370	3258	name-verified	lute
2371	3259	name-verified	horn of sundering
2372	3260	name-verified	lyre
2373	3261	name-verified	panpipe
2374	3262	name-verified	wooden flute
2375	3263	name-verified	gemmed lamp
2376	3264	name-verified	sword
2377	3265	name-verified	two handed sword
2378	3266	name-verified	battle axe
2379	3267	name-verified	dagger
2380	3268	name-verified	hand axe
2381	3269	name-verified	halberd
2382	3270	name-verified	club
2383	3271	name-verified	spike sword
2384	3272	name-verified	rapier
2385	3273	name-verified	sabre
2386	3274	name-verified	axe
2387	3275	name-verified	double axe
2388	3276	name-verified	hatchet
2389	3277	name-verified	spear
2390	3278	name-verified	magic longsword
2391	3279	name-verified	war hammer
2392	3280	name-verified	fire sword
2393	3281	name-verified	giant sword
2394	3282	name-verified	morning star
2395	3283	name-verified	carlin sword
2396	3284	name-verified	ice rapier
2397	3285	name-verified	longsword
2398	3286	name-verified	mace
2399	3287	name-verified	throwing star
2400	3288	name-verified	magic sword
2401	3289	name-verified	staff
2402	3290	name-verified	silver dagger
2403	3291	name-verified	knife
2404	3292	name-verified	combat knife
2405	3293	name-verified	sickle
2406	3294	name-verified	short sword
2407	3295	name-verified	bright sword
2408	3296	name-verified	warlord sword
2409	3297	name-verified	serpent sword
2410	3298	name-verified	throwing knife
2411	3299	name-verified	poison dagger
2412	3300	name-verified	katana
2413	3301	name-verified	broadsword
2414	3302	name-verified	dragon lance
2415	3303	name-verified	great axe
2416	3304	name-verified	crowbar
2417	3305	name-verified	battle hammer
2418	3306	name-verified	golden sickle
2419	3307	name-verified	scimitar
2420	3308	name-verified	machete
2421	3309	name-verified	thunder hammer
2422	3310	name-verified	iron hammer
2423	3311	name-verified	clerical mace
2424	3312	name-verified	silver mace
2425	3313	name-verified	obsidian lance
2426	3314	name-verified	naginata
2427	3315	name-verified	guardian halberd
2428	3316	name-verified	orcish axe
2429	3317	name-verified	barbarian axe
2430	3318	name-verified	knight axe
2431	3319	name-verified	stonecutter axe
2432	3320	name-verified	fire axe
2433	3321	name-verified	enchanted staff
2434	3322	name-verified	dragon hammer
2435	3323	name-verified	dwarven axe
2436	3324	name-verified	skull staff
2437	3325	name-verified	light mace
2438	3326	name-verified	epee
2439	3327	name-verified	daramian mace
2440	3328	name-verified	daramian waraxe
2441	3329	name-verified	daramian axe
2442	3330	name-verified	heavy machete
2443	3331	name-verified	ravager's axe
2444	3332	name-verified	hammer of wrath
2445	3333	name-verified	crystal mace
2446	3334	name-verified	pharaoh sword
2447	3335	name-verified	twin axe
2448	3336	name-verified	studded club
2449	3337	name-verified	bone club
2450	3338	name-verified	bone sword
2451	3339	name-verified	djinn blade
2452	3340	name-verified	heavy mace
2453	3341	name-verified	arcane staff
2454	3342	name-verified	war axe
2455	3349	name-verified	crossbow
2456	3350	name-verified	bow
2457	3351	name-verified	steel helmet
2458	3352	name-verified	chain helmet
2459	3353	name-verified	iron helmet
2460	3354	name-verified	brass helmet
2461	3355	name-verified	leather helmet
2462	3356	name-verified	devil helmet
2463	3357	name-verified	plate armor
2464	3358	name-verified	chain armor
2465	3359	name-verified	brass armor
2466	3360	name-verified	golden armor
2467	3361	name-verified	leather armor
2468	3362	name-verified	studded legs
2469	3363	name-verified	dragon scale legs
2470	3364	name-verified	golden legs
2471	3365	name-verified	golden helmet
2472	3366	name-verified	magic plate armor
2473	3367	name-verified	viking helmet
2474	3368	name-verified	winged helmet
2475	3369	name-verified	warrior helmet
2476	3370	name-verified	knight armor
2477	3371	name-verified	knight legs
2478	3372	name-verified	brass legs
2479	3373	name-verified	strange helmet
2480	3374	name-verified	legion helmet
2481	3375	name-verified	soldier helmet
2482	3376	name-verified	studded helmet
2483	3377	name-verified	scale armor
2484	3378	name-verified	studded armor
2485	3379	name-verified	doublet
2486	3380	name-verified	noble armor
2487	3381	name-verified	crown armor
2488	3382	name-verified	crown legs
2489	3383	name-verified	dark armor
2490	3384	name-verified	dark helmet
2491	3385	name-verified	crown helmet
2492	3386	name-verified	dragon scale mail
2493	3387	name-verified	demon helmet
2494	3388	name-verified	demon armor
2495	3389	name-verified	demon legs
2496	3390	name-verified	horned helmet
2497	3391	name-verified	crusader helmet
2498	3392	name-verified	royal helmet
2499	3393	name-verified	amazon helmet
2500	3394	name-verified	amazon armor
2501	3395	name-verified	ceremonial mask
2502	3396	name-verified	dwarven helmet
2503	3397	name-verified	dwarven armor
2504	3398	name-verified	dwarven legs
2505	3399	name-verified	elven mail
2506	3400	name-verified	dragon scale helmet
2507	3401	name-verified	elven legs
2508	3402	name-verified	native armor
2509	3409	name-verified	steel shield
2510	3410	name-verified	plate shield
2511	3411	name-verified	brass shield
2512	3412	name-verified	wooden shield
2513	3413	name-verified	battle shield
2514	3414	name-verified	mastermind shield
2515	3415	name-verified	guardian shield
2516	3416	name-verified	dragon shield
2517	3417	name-verified	shield of honour
2518	3418	name-verified	bonelord shield
2519	3419	name-verified	crown shield
2520	3420	name-verified	demon shield
2521	3421	name-verified	dark shield
2522	3422	name-verified	great shield
2523	3423	name-verified	blessed shield
2524	3424	name-verified	ornamented shield
2525	3425	name-verified	dwarven shield
2526	3426	name-verified	studded shield
2527	3427	name-verified	rose shield
2528	3428	name-verified	tower shield
2529	3429	name-verified	black shield
2530	3430	name-verified	copper shield
2531	3431	name-verified	viking shield
2532	3432	name-verified	ancient shield
2533	3433	name-verified	griffin shield
2534	3434	name-verified	vampire shield
2535	3435	name-verified	castle shield
2536	3436	name-verified	medusa shield
2537	3437	name-verified	amazon shield
2538	3438	name-verified	eagle shield
2539	3439	name-verified	phoenix shield
2540	3440	name-verified	scarab shield
2541	3441	name-verified	bone shield
2542	3442	name-verified	tempest shield
2543	3446	name-verified	bolt
2544	3447	name-verified	arrow
2545	3448	name-verified	poison arrow
2546	3449	name-verified	burst arrow
2547	3450	name-verified	power bolt
2548	3451	name-verified	pitchfork
2549	3452	name-verified	rake
2550	3453	name-verified	scythe
2551	3211	otb-only	broom
2552	3455	name-verified	hoe
2553	3456	name-verified	pick
2554	3457	name-verified	shovel
2555	3458	name-verified	anvil
2556	3459	name-verified	wooden hammer
2557	3460	name-verified	hammer
2558	3461	name-verified	saw
2559	3462	name-verified	small axe
2560	3463	name-verified	mirror
2561	3464	name-verified	baking tray
2562	3465	name-verified	pot
2563	3466	name-verified	pan
2564	3467	name-verified	fork
2565	3468	name-verified	spoon
2566	3469	name-verified	kitchen knife
2567	3470	name-verified	wooden spoon
2568	3471	name-verified	cleaver
2569	3472	name-verified	oven spatula
2570	3473	name-verified	rolling pin
2571	3474	name-verified	bowl
2572	3475	name-verified	bowl
2573	3476	name-verified	bowl
2574	3477	name-verified	ewer
2575	3478	name-verified	ewer
2576	3479	name-verified	ewer
2577	3480	name-verified	ewer
2578	3481	name-verified	closed trap
2579	3482	name-verified	trap
2580	3483	name-verified	fishing rod
2581	3484	name-verified	telescope
2582	3485	name-verified	telescope
2583	3486	name-verified	telescope
2584	3487	name-verified	telescope
2585	3488	name-verified	ship's telescope
2586	3489	name-verified	ship's telescope
2587	3490	name-verified	ship's telescope
2588	3491	name-verified	ship's telescope
2589	3497	name-verified	locker
2590	3498	name-verified	locker
2591	3499	name-verified	locker
2592	3500	name-verified	locker
2593	3501	name-verified	mailbox
2594	3502	name-verified	depot chest
2595	3503	name-verified	parcel
2596	3504	name-verified	stamped parcel
2597	3505	name-verified	letter
2598	3506	name-verified	stamped letter
2599	3507	name-verified	label
2600	3509	name-verified	inkwell
2601	3510	name-verified	coal basin
2602	3511	name-verified	coal basin
2603	3512	name-verified	coal basin
2604	3513	name-verified	coal basin
2605	3514	name-verified	empty coal basin
2606	3515	name-verified	altar
2607	3516	name-verified	altar
2608	3517	name-verified	altar
2609	3518	name-verified	altar
2610	3519	name-verified	sacrificial stone
2611	3520	name-verified	sacrificial stone
2612	3521	name-verified	sacrificial stone
2613	3522	name-verified	sacrificial stone
2614	3523	name-verified	altar
2615	3524	name-verified	altar
2616	3525	name-verified	sacrificial stone
2617	3526	name-verified	sacrificial stone
2618	3527	name-verified	sacrificial stone
2619	3528	name-verified	sacrificial stone
2620	3529	name-verified	sacrificial stone
2621	3530	name-verified	sacrificial stone
2622	3531	name-verified	sacrificial stone
2623	3532	name-verified	sacrificial stone
2624	3533	name-verified	black token
2625	3534	name-verified	white token
2626	3535	name-verified	white pawn
2627	3536	name-verified	white castle
2628	3537	name-verified	white knight
2629	3538	name-verified	white bishop
2630	3539	otb-only	white queen
2631	3540	otb-only	white king
2632	3541	name-verified	black pawn
2633	3542	name-verified	black castle
2634	3543	name-verified	black knight
2635	3544	name-verified	black bishop
2636	3545	otb-only	black queen
2637	3546	otb-only	black king
2638	3547	name-verified	tic-tac-toe token
2639	3548	name-verified	tic-tac-toe token
2640	3549	otb-only	pair of soft boots (faster regeneration)
2641	3550	name-verified	patched boots
2642	3551	name-verified	sandals
2643	3552	name-verified	leather boots
2644	3553	name-verified	bunnyslippers
2645	3554	name-verified	steel boots
2646	3555	name-verified	golden boots
2647	3557	name-verified	plate legs
2648	3558	name-verified	chain legs
2649	3559	name-verified	leather legs
2650	3561	name-verified	jacket
2651	3562	name-verified	coat
2652	3563	name-verified	green tunic
2653	3564	name-verified	red tunic
2654	3565	name-verified	cape
2655	3566	name-verified	red robe
2656	3567	name-verified	blue robe
2657	3568	name-verified	simple dress
2658	3569	name-verified	white dress
2659	3570	name-verified	ball gown
2660	3571	name-verified	ranger's cloak
2661	3572	name-verified	scarf
2662	3573	name-verified	magician hat
2663	3574	name-verified	mystic turban
2664	3575	name-verified	wood cape
2665	3576	name-verified	post officer's hat
2666	3577	name-verified	meat
2667	3578	name-verified	fish
2668	3579	name-verified	salmon
2669	3580	name-verified	northern pike
2670	3581	name-verified	shrimp
2671	3582	name-verified	ham
2672	3583	name-verified	dragon ham
2673	3584	name-verified	pear
2674	3585	name-verified	red apple
2675	3586	name-verified	orange
2676	3587	name-verified	banana
2677	3588	name-verified	blueberry
2678	3589	name-verified	coconut
2679	3590	name-verified	cherry
2680	3591	name-verified	strawberry
2681	3592	name-verified	grapes
2682	3593	name-verified	melon
2683	3594	name-verified	pumpkin
2684	3595	name-verified	carrot
2685	3596	name-verified	tomato
2686	3597	name-verified	corncob
2687	3598	name-verified	cookie
2688	3599	name-verified	candy cane
2689	3600	name-verified	bread
2690	3601	name-verified	roll
2691	3602	name-verified	brown bread
2692	3603	name-verified	flour
2693	3604	name-verified	lump of dough
2694	3605	name-verified	bunch of wheat
2695	3606	name-verified	egg
2696	3607	name-verified	cheese
2697	3608	name-verified	snowy dead tree
2698	3609	name-verified	snowy fir tree
2699	3613	otb-only	holy tree
2700	3614	name-verified	fir tree
2701	3615	name-verified	sycamore
2702	3616	name-verified	willow
2703	3617	name-verified	plum tree
2704	3618	name-verified	red maple
2705	3619	name-verified	pear tree
2706	3620	name-verified	yellow maple
2707	3621	name-verified	beech
2708	3622	name-verified	poplar
2709	3623	name-verified	dead tree
2710	3624	name-verified	dead tree
2711	3625	name-verified	dwarf tree
2712	3626	name-verified	pine
2713	3627	name-verified	dead tree
2714	3628	name-verified	dead tree
2715	3629	name-verified	dead tree
2716	3630	name-verified	dead tree
2717	3631	name-verified	dead tree
2718	3632	name-verified	dead tree
2719	3633	name-verified	dead tree
2720	3634	name-verified	dead tree
2721	3635	name-verified	old rush wood
2722	3636	name-verified	old tree
2723	3637	name-verified	cactus
2724	3638	name-verified	cactus
2725	3639	name-verified	palm
2726	3640	name-verified	coconut palm
2727	3641	name-verified	cactus
2728	3642	name-verified	cactus
2729	3643	name-verified	cactus
2730	3644	name-verified	cactus
2731	3645	name-verified	cactus
2732	3646	name-verified	cactus
2733	3647	name-verified	sun adorer cactus
2734	3648	name-verified	cactus
2735	3649	name-verified	cactus
2736	3650	name-verified	cactus
2737	3651	name-verified	wheat
2738	3652	name-verified	wheat
2739	3653	name-verified	wheat
2740	3654	name-verified	moon flowers
2741	3655	name-verified	moon flower
2742	3656	name-verified	white flower
2743	3657	name-verified	heaven blossom
2744	3658	name-verified	red rose
2745	3659	name-verified	blue rose
2746	3660	name-verified	yellow rose
2747	3661	name-verified	grave flower
2748	3662	name-verified	love flower
2749	3663	name-verified	royal blossom
2750	3664	name-verified	royal blossom
2751	3665	name-verified	royal blossom
2752	3666	name-verified	some sunflowers
2753	3667	name-verified	sunflower
2754	3668	name-verified	tulip
2755	3669	name-verified	water lily
2756	3670	name-verified	water lily
2757	3671	name-verified	water lily
2758	3672	name-verified	water lily
2759	3673	name-verified	orange star
2760	3674	name-verified	goat grass
2761	3675	name-verified	orchid
2762	3676	name-verified	rosebush
2763	3677	name-verified	rosebush
2764	3678	name-verified	rosebush
2765	3679	name-verified	rosebush
2766	3680	name-verified	rosebush
2767	3681	name-verified	bush
2768	3682	name-verified	small fir tree
2769	3683	name-verified	shadow plant
2770	3684	name-verified	branch
2771	3685	name-verified	mire sprout
2772	3686	name-verified	moon herb
2773	3687	name-verified	mud whip
2774	3688	name-verified	swamp reed
2775	3689	name-verified	swamp lilly
2776	3690	name-verified	dusk catcher
2777	3691	name-verified	bog fingers plant
2778	3692	name-verified	lady in the fog plant
2779	3693	name-verified	frog leaf
2780	3694	name-verified	sludge fern
2781	3695	name-verified	jungle grass
2782	3696	name-verified	jungle grass
2783	3697	name-verified	agave
2784	3698	name-verified	dry bush
2785	3699	name-verified	blueberry bush
2786	3700	name-verified	blueberry bush
2787	3723	name-verified	white mushroom
2788	3724	name-verified	red mushroom
2789	3725	name-verified	brown mushroom
2790	3726	name-verified	orange mushroom
2791	3727	name-verified	wood mushroom
2792	3728	name-verified	dark mushroom
2793	3729	name-verified	some mushrooms
2794	3730	name-verified	some mushrooms
2795	3731	name-verified	fire mushroom
2796	3732	name-verified	green mushroom
2797	3733	otb-only	dark mushrooms
2798	3734	name-verified	blood herb
2799	3735	name-verified	stone herb
2800	3736	name-verified	star herb
2801	3737	name-verified	fern
2802	3738	name-verified	sling herb
2803	3739	name-verified	powder herb
2804	3740	name-verified	shadow herb
2805	3741	name-verified	troll green
2806	3987	name-verified	dead troll
2807	3988	name-verified	dead spider
2808	3989	name-verified	dead cyclops
2809	3990	name-verified	slain skeleton
2810	4252	name-verified	dead troll
2811	864	name-verified	dead troll
2813	3994	name-verified	dead rat
2814	3995	name-verified	dead rat
2815	3996	name-verified	dead rat
2816	3996	name-verified	dead rat
2817	3998	name-verified	dead snake
2818	3999	name-verified	dead snake
2819	4000	name-verified	dead snake
2820	4001	name-verified	dead orc
2821	4002	name-verified	dead orc
2822	4003	name-verified	dead spider
2823	4004	name-verified	dead spider
2824	4005	name-verified	dead rotworm
2825	4006	name-verified	dead rotworm
2826	4007	name-verified	dead wolf
2827	4008	name-verified	dead wolf
2828	4009	name-verified	dead wolf
2829	4009	name-verified	dead wolf
2830	4011	name-verified	dead minotaur
2831	4012	name-verified	dead minotaur
2832	4013	name-verified	dead minotaur
2833	4275	name-verified	dead minotaur
2834	4276	name-verified	pile of bones
2835	4016	name-verified	dead deer
2836	4017	name-verified	dead deer
2837	4018	name-verified	dead deer
2838	4280	name-verified	pile of bones
2839	4020	name-verified	dead dog
2840	4021	name-verified	dead dog
2841	4022	name-verified	dead dog
2842	4022	name-verified	dead dog
2843	4024	name-verified	slain skeleton
2844	4025	name-verified	dead dragon
2845	4026	name-verified	dead dragon
2846	4027	name-verified	dead dragon
2847	4064	name-verified	dead dragon
2848	4029	name-verified	dead spider
2849	4030	name-verified	dead bear
2850	4031	name-verified	dead bear
2851	4032	name-verified	dead bear
2852	4032	name-verified	dead bear
2853	4034	name-verified	slain ghoul
2854	4296	name-verified	slain ghoul
2855	4036	name-verified	slain ghoul
2856	4036	name-verified	slain ghoul
2857	4038	name-verified	dead giant spider
2858	4039	name-verified	dead giant spider
2859	4040	name-verified	dead giant spider
2860	4041	name-verified	dead orc
2861	4042	name-verified	dead orc
2862	4043	name-verified	dead orc
2863	4044	name-verified	dead orc
2864	4045	name-verified	dead orc
2865	4046	name-verified	dead orc
2866	4047	name-verified	dead minotaur
2867	4048	name-verified	dead minotaur
2868	4013	name-verified	dead minotaur
2871	4052	name-verified	dead minotaur
2872	4053	name-verified	dead minotaur
2873	4274	name-verified	dead minotaur
2876	4057	name-verified	dead minotaur
2877	4058	name-verified	dead minotaur
2881	4062	name-verified	dead dragon
2882	4063	name-verified	dead dragon
2883	4064	name-verified	dead dragon
2884	4289	name-verified	dead dragon
2885	4066	name-verified	dead spider
2886	4067	name-verified	dead fire devil
2887	4068	name-verified	dead fire devil
2888	4069	name-verified	dead fire devil
2889	4070	name-verified	dead lion
2890	4071	name-verified	dead lion
2891	4072	name-verified	dead lion
2892	4072	name-verified	dead lion
2893	4074	name-verified	dead bear
2894	4075	name-verified	dead bear
2895	4076	name-verified	dead bear
2896	4076	name-verified	dead bear
2897	4078	name-verified	dead scorpion
2898	4079	name-verified	dead scorpion
2899	4080	name-verified	dead wasp
2900	4081	name-verified	dead wasp
2901	4082	name-verified	dead wasp
2902	4083	name-verified	dead bug
2903	4084	name-verified	dead bug
2904	4085	name-verified	dead bug
2905	4086	name-verified	dead sheep
2906	4087	name-verified	dead sheep
2907	4088	name-verified	dead sheep
2908	4089	name-verified	dead bonelord
2909	4090	name-verified	dead bonelord
2910	4091	name-verified	dead bonelord
2911	4092	name-verified	dead cyclops
2912	4093	name-verified	dead cyclops
2913	4094	name-verified	remains of a ghost
2914	4095	name-verified	dead sheep
2915	4096	name-verified	dead sheep
2916	4097	name-verified	slain demon
2917	4098	name-verified	slain demon
2918	4099	name-verified	slain demon
2919	4099	name-verified	slain demon
2920	4101	name-verified	dead orc
2921	4102	name-verified	dead orc
2922	4103	name-verified	slain skeleton
2923	4104	name-verified	slain skeleton
2924	4105	name-verified	dead wolf
2925	4106	name-verified	dead wolf
2926	4107	name-verified	dead wolf
2927	4108	name-verified	dead wolf
2928	4109	name-verified	dead troll
2929	4110	name-verified	dead troll
2930	3992	name-verified	dead troll
2931	4112	name-verified	dead behemoth
2932	4113	name-verified	dead behemoth
2933	4114	name-verified	dead behemoth
2934	4114	name-verified	dead behemoth
2935	4116	name-verified	dead pig
2936	4117	name-verified	dead pig
2937	4118	name-verified	dead pig
2938	4119	name-verified	dead orc
2939	4120	name-verified	dead orc
2940	4121	name-verified	dead goblin
2941	4122	name-verified	dead goblin
2942	4123	name-verified	dead goblin
2943	4123	name-verified	dead goblin
2944	4125	name-verified	dead spider
2945	4126	name-verified	dead elf
2946	4127	name-verified	dead elf
2947	4128	name-verified	dead elf
2948	4129	name-verified	dead elf
2949	4130	name-verified	remains of a mummy
2950	4131	name-verified	remains of a mummy
2951	4132	name-verified	remains of a mummy
2952	4133	name-verified	split stone golem
2953	4134	name-verified	split stone golem
2954	4135	name-verified	split stone golem
2955	4136	name-verified	split stone golem
2956	4137	name-verified	slain vampire
2957	4138	name-verified	slain vampire
2958	4139	name-verified	slain vampire
2959	4139	name-verified	slain vampire
2960	4141	name-verified	dead dwarf
2961	4142	name-verified	dead dwarf
2962	4143	name-verified	dead dwarf
2963	4143	name-verified	dead dwarf
2964	4145	name-verified	dead rotworm
2965	4146	name-verified	dead scorpion
2966	4147	name-verified	dead orc
2967	4148	name-verified	dead orc
2968	4149	name-verified	dead orc
2969	4150	otb-only	dead war wolf
2970	4151	otb-only	dead war wolf
2971	4152	otb-only	dead war wolf
2972	4153	otb-only	dead orc and wolf
2973	4154	otb-only	dead orc and wolf
2974	4155	otb-only	dead orc and wolf
2975	4156	name-verified	slain skeleton
2976	4157	name-verified	slain skeleton
2977	4158	name-verified	remains of a ghost
2978	4159	name-verified	remains of a ghost
2979	4160	name-verified	dead elf
2980	4161	name-verified	dead elf
2981	4162	name-verified	dead elf
2982	4163	name-verified	dead elf
2983	4164	name-verified	dead dwarf
2984	4165	name-verified	dead dwarf
2985	4166	name-verified	dead dwarf
2986	4167	name-verified	dead dwarf
2987	4168	name-verified	dead dwarf
2988	4169	name-verified	dead dwarf
2989	4170	name-verified	dead djinn
2990	4171	name-verified	dead djinn
2991	4172	name-verified	dead djinn
2992	4173	name-verified	dead rabbit
2993	4302	name-verified	dead rabbit
2994	4175	name-verified	dead rabbit
2995	4176	name-verified	dead swamp troll
2996	4177	name-verified	dead swamp troll
2997	4111	name-verified	dead troll
2998	4179	name-verified	slain banshee
2999	4180	name-verified	slain banshee
3000	4181	name-verified	slain banshee
3001	4182	name-verified	dead djinn
3002	4183	name-verified	dead djinn
3003	4184	name-verified	dead djinn
3004	4185	otb-only	dead scarab
3005	4186	otb-only	dead scarab
3006	4187	otb-only	dead scarab
3007	4188	name-verified	dead cobra
3008	4189	name-verified	dead cobra
3009	4190	name-verified	dead cobra
3010	4191	name-verified	dead larva
3011	4192	name-verified	dead larva
3012	4193	name-verified	dead larva
3013	4194	name-verified	dead scarab
3014	4195	name-verified	dead scarab
3015	4196	name-verified	dead scarab
3016	4197	name-verified	dead pharaoh
3017	4198	name-verified	dead pharaoh
3018	4199	name-verified	dead pharaoh
3019	4200	name-verified	dead hyaena
3020	4201	name-verified	dead hyaena
3021	4202	name-verified	dead hyaena
3022	4203	name-verified	dead gargoyle
3023	4204	name-verified	dead gargoyle
3024	4205	name-verified	dead gargoyle
3025	4206	name-verified	slain lich
3026	4207	name-verified	slain lich
3027	4208	name-verified	slain lich
3028	4209	name-verified	slain crypt shambler
3029	4210	name-verified	slain crypt shambler
3030	4211	name-verified	slain crypt shambler
3031	4212	name-verified	slain bonebeast
3032	4213	name-verified	slain bonebeast
3033	4214	name-verified	slain bonebeast
3034	4215	name-verified	dead pharaoh
3035	4216	name-verified	dead pharaoh
3036	4217	name-verified	dead pharaoh
3037	4218	name-verified	dead efreet
3038	4219	name-verified	dead efreet
3039	4220	name-verified	dead efreet
3040	4221	name-verified	dead marid
3041	4222	otb-only	dead marid
3042	4223	name-verified	dead marid
3043	4224	name-verified	dead badger
3044	4225	name-verified	dead badger
3045	4226	name-verified	dead badger
3046	4227	name-verified	dead skunk
3047	4228	name-verified	dead skunk
3048	4229	name-verified	dead skunk
3049	4230	name-verified	dead gazer
3050	4231	name-verified	dead gazer
3051	4232	name-verified	dead gazer
3052	4233	name-verified	dead elder bonelord
3053	4234	name-verified	dead elder bonelord
3054	4235	name-verified	dead elder bonelord
3055	4236	name-verified	dead yeti
3056	4237	name-verified	dead yeti
3057	4238	name-verified	dead yeti
3058	4240	name-verified	dead human
3059	4241	name-verified	dead human
3060	4242	name-verified	dead human
3061	4243	name-verified	dead human
3062	4244	name-verified	dead human
3063	4245	name-verified	dead human
3064	4246	name-verified	dead human
3065	4247	name-verified	dead human
3066	4248	name-verified	dead human
3067	4249	name-verified	dead troll
3068	4250	name-verified	dead spider
3069	4251	name-verified	dead cyclops
3070	4252	name-verified	dead troll
3071	4178	otb-only	dead troll
3072	4253	name-verified	dead troll
3073	4255	name-verified	dead rat
3074	4256	name-verified	dead rat
3075	4257	name-verified	dead rat
3076	4258	name-verified	dead rat
3077	4259	name-verified	dead snake
3078	4260	name-verified	dead snake
3079	4261	name-verified	dead snake
3080	4262	name-verified	dead orc
3081	4263	name-verified	dead orc
3082	4264	name-verified	dead spider
3083	4265	name-verified	dead spider
3084	4266	name-verified	dead rotworm
3085	4267	name-verified	dead rotworm
3086	4268	name-verified	dead wolf
3087	4269	name-verified	dead wolf
3088	4270	name-verified	dead wolf
3089	4271	name-verified	pile of bones
3090	4272	name-verified	dead minotaur
3091	4273	name-verified	dead minotaur
3092	4274	name-verified	dead minotaur
3093	4275	name-verified	dead minotaur
3094	4276	otb-only	dead minotaur
3095	4277	name-verified	dead deer
3096	4278	name-verified	dead deer
3097	4279	name-verified	dead deer
3098	4280	otb-only	dead deer
3099	4281	name-verified	dead dog
3100	4282	name-verified	dead dog
3101	4283	otb-only	dead dog
3102	4284	name-verified	pile of bones
3103	4285	name-verified	pile of bones
3104	4286	name-verified	dead dragon
3105	4287	name-verified	dead dragon
3106	4288	name-verified	dead dragon
3107	4289	name-verified	dead dragon
3108	4290	name-verified	remains of a ghost
3109	4291	name-verified	dead bear
3110	4292	name-verified	dead bear
3111	4293	name-verified	dead bear
3112	4294	otb-only	pile of bones
3113	4295	name-verified	slain ghoul
3114	4296	name-verified	slain ghoul
3115	4297	name-verified	slain ghoul
3116	4298	name-verified	pile of bones
3117	4299	name-verified	dead cyclops
3118	4300	otb-only	pile of bones
3119	4301	name-verified	dead rabbit
3120	4302	name-verified	dead rabbit
3121	4303	name-verified	dead rabbit
3122	4304	otb-only	pile of bones
3123	4305	otb-only	pile of bones
3124	4306	otb-only	pile of bones
3125	4307	otb-only	pile of bones
3126	4308	otb-only	pile of bones
3127	4309	otb-only	pile of bones
3128	4311	name-verified	dead human
3129	4312	name-verified	dead human
3130	4313	name-verified	corpse
3131	4314	name-verified	corpse
3132	4315	name-verified	skeleton
3133	4316	name-verified	skeleton
3134	4317	name-verified	some bones
3135	482	otb-only	trapdoor
3136	483	otb-only	trapdoor
3137	484	otb-only	stairs
3138	485	otb-only	stairs
3139	486	name-verified	wooden floor
3140	487	name-verified	wooden floor
3141	488	name-verified	wooden floor
3142	489	name-verified	wooden floor
3143	490	name-verified	wooden floor
3144	491	name-verified	wooden floor
3145	492	name-verified	wooden floor
3146	493	name-verified	wooden floor
3147	494	name-verified	wooden floor
3148	495	name-verified	wooden floor
3149	496	name-verified	wooden floor
3150	497	name-verified	wooden floor
3151	498	name-verified	wooden floor
3152	499	name-verified	stone floor
3153	500	name-verified	stone floor
3154	501	name-verified	stone floor
3155	502	name-verified	stone floor
3156	503	name-verified	stone floor
3157	504	name-verified	stone floor
3158	505	name-verified	large stone carving
3159	506	name-verified	large stone carving
3160	507	name-verified	large stone carving
3161	508	name-verified	large stone carving
3162	509	name-verified	large stone carving
3163	510	name-verified	large stone carving
3164	511	name-verified	large stone carving
3165	512	name-verified	large stone carving
3166	513	name-verified	carved stone tile
3167	514	name-verified	carved stone tile
3168	515	name-verified	carved stone tile
3169	516	name-verified	carved stone tile
3170	517	name-verified	carved stone tile
3171	518	name-verified	carved stone tile
3172	519	name-verified	carved stone tile
3173	520	name-verified	ornamented floor
3174	521	name-verified	ornamented floor
3175	522	name-verified	ornamented floor
3176	523	name-verified	ornamented floor
3177	524	name-verified	ornamented floor
3178	525	name-verified	ornamented floor
3179	526	name-verified	ornamented floor
3180	527	name-verified	ornamented floor
3181	528	name-verified	ornamented floor
3182	529	name-verified	stone floor
3183	530	name-verified	stone floor
3184	531	name-verified	stone floor
3185	532	name-verified	stone floor
3186	533	name-verified	stone floor
3187	534	name-verified	stone floor
3188	535	name-verified	stone floor
3189	536	name-verified	stone floor
3190	537	name-verified	ornamented floor
3191	538	name-verified	ornamented floor
3192	539	name-verified	ornamented floor
3193	540	name-verified	ornamented floor
3194	541	name-verified	ornamented floor
3195	542	name-verified	ornamented floor
3196	543	name-verified	ornamented floor
3197	544	name-verified	ornamented floor
3198	545	name-verified	ornamented floor
3199	546	name-verified	snake ornament
3200	547	name-verified	snake ornament
3201	548	name-verified	snake ornament
3202	549	name-verified	snake ornament
3203	550	name-verified	snake ornament
3204	551	name-verified	snake ornament
3205	552	name-verified	snake ornament
3206	553	name-verified	snake ornament
3207	554	name-verified	snake ornament
3208	555	name-verified	snake ornament
3209	556	name-verified	snake ornament
3210	557	name-verified	snake ornament
3211	558	name-verified	snake ornament
3212	559	name-verified	snake ornament
3213	560	name-verified	snake ornament
3214	561	name-verified	snake ornament
3215	562	name-verified	stone floor
3216	563	name-verified	wooden floor
3217	564	name-verified	wooden floor
3218	565	name-verified	stone floor
3219	566	name-verified	stairs
3220	567	name-verified	stairs
3221	568	name-verified	stone floor
3222	569	name-verified	stone floor
3223	570	name-verified	stone floor
3224	571	name-verified	wooden floor
3225	572	name-verified	wooden floor
3226	573	name-verified	broken stone tile
3227	574	name-verified	broken stone tile
3228	575	name-verified	broken stone tile
3229	576	name-verified	broken stone tile
3230	577	name-verified	broken stone tile
3231	578	name-verified	broken stone tile
3232	579	name-verified	broken stone tile
3233	580	name-verified	broken stone tile
3234	581	name-verified	broken stone tile
3235	582	name-verified	broken stone tile
3236	583	name-verified	broken stone tile
3237	584	name-verified	broken stone tile
3238	585	name-verified	broken stone tile
3239	586	name-verified	broken stone tile
3240	587	name-verified	broken stone tile
3241	588	name-verified	broken stone tile
3242	589	name-verified	wooden floor
3243	590	name-verified	wooden floor
3244	591	name-verified	wooden floor
3245	592	name-verified	wooden floor
3263	1019	name-verified	jungle grass
3264	1020	name-verified	earth
3265	1021	name-verified	earth
3298	1054	name-verified	jungle grass
3299	1055	name-verified	jungle grass
3300	1056	name-verified	jungle grass
3301	1057	name-verified	jungle grass
3302	1058	name-verified	jungle grass
3303	1059	name-verified	jungle grass
3304	1060	name-verified	jungle grass
3305	1061	name-verified	jungle grass
3306	1062	name-verified	jungle grass
3307	1063	name-verified	jungle grass
3308	1064	name-verified	jungle grass
3309	1065	name-verified	jungle grass
3310	1066	otb-only	pitfall
3311	1067	name-verified	pitfall
3312	1068	name-verified	ant trail
3313	876	otb-only	bug tral
3314	1070	name-verified	ant trail
3315	1071	name-verified	ant trail
3316	1072	name-verified	ant trail
3317	1073	name-verified	ant trail
3318	1074	name-verified	ant trail
3319	1075	name-verified	ant trail
3320	1076	name-verified	ant trail
3321	1077	name-verified	ant trail
3322	1078	name-verified	ant trail
3323	1079	name-verified	ant-hill
3324	1080	otb-only	earth hole
3325	1129	name-verified	stone
3326	1130	name-verified	stone
3327	1131	name-verified	stone
3328	1132	name-verified	stone
3329	1133	name-verified	stone
3330	1134	name-verified	stone
3331	1135	name-verified	stone
3332	1136	name-verified	stone
3333	1137	name-verified	stone
3334	1138	name-verified	stone
3335	1139	name-verified	stone
3336	1140	name-verified	stone
3337	1141	name-verified	stone
3338	1142	name-verified	stone
3339	1143	name-verified	stone
3340	1144	name-verified	stone
3341	1145	name-verified	stone
3342	1146	name-verified	stone
3343	1147	name-verified	stone
3344	1148	name-verified	stone
3345	1149	name-verified	stone
3346	1150	name-verified	stone
3347	1151	name-verified	stone
3348	1197	name-verified	dried grass roof
3349	1198	name-verified	dried grass roof
3350	1199	name-verified	dried grass roof
3351	1200	name-verified	dried grass roof
3352	1201	name-verified	dried grass roof
3353	1202	name-verified	dried grass roof
3354	1203	name-verified	dried grass roof
3355	1204	name-verified	dried grass roof
3356	1205	name-verified	dried grass roof
3357	1206	name-verified	dried grass roof
3358	1207	name-verified	dried grass roof
3359	1208	name-verified	dried grass roof
3360	1209	name-verified	dried grass roof
3361	1450	name-verified	stone wall
3362	1451	name-verified	stone wall
3363	1452	name-verified	stone wall
3364	1453	name-verified	stone wall
3365	1454	name-verified	stone wall
3366	1455	name-verified	stone wall
3367	1456	name-verified	stone wall
3368	1457	name-verified	stone wall
3369	1458	name-verified	stone wall
3370	1459	name-verified	stone wall
3371	1460	name-verified	stone wall
3372	1461	name-verified	stone wall
3373	1462	name-verified	stone wall
3374	1463	name-verified	stone wall
3375	1464	name-verified	stone wall
3376	1465	name-verified	stone wall window
3377	1466	name-verified	stone wall
3378	1467	name-verified	stone wall
3379	1468	name-verified	stone wall
3380	1469	name-verified	stone wall
3381	1470	name-verified	stone wall
3382	1471	name-verified	stone wall window
3383	1472	name-verified	stone wall
3384	1473	name-verified	stone wall
3385	1474	name-verified	stone wall
3386	1475	name-verified	stone wall
3387	1476	name-verified	stone wall
3388	1477	name-verified	stone wall
3389	1478	name-verified	stone wall
3390	1479	name-verified	stone wall
3391	1480	name-verified	stone wall
3392	1481	name-verified	stone wall window
3393	1482	otb-only	stone wall
3394	1483	otb-only	stone wall
3395	1484	otb-only	stone wall
3396	1485	otb-only	stone wall
3397	1486	name-verified	stone wall window
3398	1487	name-verified	stone wall
3399	1488	name-verified	stone wall
3400	1489	name-verified	stone wall
3401	1490	name-verified	stone wall
3402	1491	name-verified	stone wall
3403	1492	name-verified	stone wall
3404	1493	name-verified	stone wall
3405	1494	name-verified	stone wall
3406	1495	name-verified	stone wall
3407	1496	name-verified	stone wall
3408	1497	name-verified	stone wall
3409	1498	name-verified	stone wall
3410	1499	name-verified	stone wall window
3411	1500	name-verified	stone wall window
3412	1501	name-verified	stone wall
3413	1502	name-verified	stone wall
3414	1503	name-verified	stone wall
3415	1504	name-verified	stone wall
3416	1505	name-verified	stone wall
3417	1506	name-verified	stone wall
3418	1507	name-verified	stone wall
3419	1508	name-verified	stone wall
3420	1509	name-verified	stone wall
3421	1510	name-verified	stone wall
3422	1511	name-verified	stone wall
3423	1512	name-verified	bamboo wall
3424	1513	name-verified	bamboo wall
3425	1514	name-verified	bamboo wall
3426	1515	name-verified	bamboo wall
3427	1516	name-verified	bamboo wall
3428	1517	name-verified	bamboo wall
3429	1518	name-verified	bamboo wall
3430	1519	name-verified	bamboo wall
3431	1520	name-verified	bamboo wall
3432	1521	name-verified	bamboo wall
3433	1522	name-verified	bamboo wall
3434	1523	name-verified	bamboo palisade
3435	1524	name-verified	bamboo palisade
3436	1525	name-verified	bamboo palisade
3437	1526	otb-only	bamboo fence
3438	1527	otb-only	bamboo fence
3439	1528	name-verified	archway
3440	1529	name-verified	archway
3441	1530	name-verified	archway
3442	1531	name-verified	archway
3443	1532	name-verified	archway
3444	1533	name-verified	archway
3445	1534	name-verified	archway
3446	1535	name-verified	archway
3447	1536	name-verified	bamboo wall
3448	1537	name-verified	bamboo wall
3449	1538	name-verified	bamboo wall window
3450	1539	name-verified	bamboo wall
3451	1540	name-verified	bamboo wall
3452	1541	name-verified	bamboo wall window
3453	1542	name-verified	bamboo palisade
3454	1543	name-verified	stone wall
3455	1544	name-verified	stone wall
3456	1545	name-verified	stone wall
3457	1546	name-verified	stone wall
3458	1547	name-verified	stone wall
3459	1548	name-verified	stone wall
3460	1549	name-verified	stone wall
3461	1550	name-verified	stone wall
3462	1551	name-verified	stone wall
3463	1552	name-verified	stone wall
3464	1553	name-verified	stone wall
3465	1554	name-verified	stone wall
3466	1555	name-verified	stone wall
3467	1556	name-verified	stone wall
3468	1557	name-verified	archway
3469	1558	name-verified	stone wall
3470	1559	name-verified	stone wall
3471	1560	name-verified	stone wall
3472	1561	name-verified	archway
3473	1562	name-verified	stone wall
3474	1563	name-verified	stone wall
3475	1564	name-verified	stone wall
3476	1565	name-verified	archway
3477	1566	otb-only	archway
3478	1567	name-verified	archway
3479	1568	name-verified	archway
3480	1569	name-verified	stone wall
3481	1570	name-verified	stone wall
3482	1571	name-verified	stone wall
3483	1572	name-verified	stone wall
3484	1573	name-verified	broken stone wall
3485	1574	name-verified	broken stone wall
3486	1575	name-verified	broken stone wall
3487	1576	name-verified	broken stone wall
3488	1577	name-verified	broken stone wall
3489	1578	name-verified	broken stone wall
3490	1579	name-verified	broken stone wall
3491	1580	name-verified	broken stone wall
3492	1581	name-verified	broken stone wall
3493	1582	name-verified	broken stone wall
3494	1583	name-verified	broken stone wall
3495	1584	name-verified	broken stone wall
3496	1585	name-verified	grass wall
3497	1586	name-verified	grass wall
3498	1587	name-verified	grass wall
3499	1588	name-verified	grass wall window
3500	1589	name-verified	grass wall
3501	1590	name-verified	grass wall
3502	1591	name-verified	grass wall window
3503	1592	name-verified	grass wall
3504	1593	name-verified	grass archway
3505	1594	name-verified	grass archway
3506	1595	name-verified	liane
3507	1596	name-verified	liane
3508	1597	name-verified	palisade
3509	1598	name-verified	palisade
3510	1599	name-verified	palisade
3511	1600	name-verified	palisade
3512	1601	name-verified	palisade
3513	1602	name-verified	palisade
3514	1603	name-verified	palisade
3515	1604	name-verified	palisade
3516	1605	name-verified	palisade
3517	1606	name-verified	palisade
3518	1607	name-verified	palisade
3519	1608	name-verified	palisade
3520	1609	name-verified	palisade
3521	1610	name-verified	palisade
3522	1611	name-verified	palisade
3523	1612	name-verified	palisade
3524	1613	name-verified	palisade
3525	1614	name-verified	palisade
3526	1615	name-verified	palisade
3527	1616	name-verified	palisade
3528	1617	name-verified	palisade
3529	1618	otb-only	temple wall
3530	1619	name-verified	palisade
3531	1620	name-verified	palisade
3532	1621	name-verified	palisade
3533	1622	name-verified	stone wall
3534	1623	name-verified	stone wall
3535	1682	name-verified	closed door
3536	1683	name-verified	closed door
3537	1684	name-verified	open door
3538	1685	name-verified	closed door
3539	1686	name-verified	open door
3540	1687	name-verified	gate of expertise
3541	1688	name-verified	gate of expertise
3542	1689	name-verified	closed door
3543	1690	name-verified	open door
3544	1691	name-verified	closed door
3545	1692	name-verified	closed door
3546	1693	name-verified	open door
3547	1694	name-verified	closed door
3548	1695	name-verified	open door
3549	1696	name-verified	gate of expertise
3550	1697	name-verified	gate of expertise
3551	1698	name-verified	closed door
3552	1699	name-verified	open door
3569	1716	name-verified	waterfall
3570	1717	name-verified	waterfall
3571	1718	name-verified	waterfall
3572	1719	name-verified	waterfall
3573	1720	name-verified	waterfall
3574	1721	name-verified	waterfall
3587	1755	name-verified	small boat
3588	1756	name-verified	small boat
3589	1757	name-verified	small boat
3590	1758	name-verified	small boat
3591	1759	name-verified	small boat
3592	1760	name-verified	small boat
3593	1761	name-verified	small boat
3594	1762	name-verified	small boat
3595	1763	name-verified	small boat
3596	1764	name-verified	small boat
3597	1765	name-verified	small sail
3598	1766	name-verified	small sail
3599	1767	name-verified	paddle
3600	1768	name-verified	paddle
3601	1769	name-verified	mast
3602	4945	name-verified	mast
3603	1847	name-verified	mossy stone
3604	1848	name-verified	mossy stone
3605	1849	name-verified	mossy stone
3606	1850	name-verified	mossy stone
3607	1851	name-verified	stone
3608	1852	name-verified	stones
3609	1853	name-verified	stone
3610	1854	name-verified	stones
3611	1855	name-verified	stones
3612	1856	name-verified	stone
3613	1857	name-verified	stones
3614	1858	name-verified	stones
3615	1859	name-verified	stone
3616	1860	name-verified	stone
3617	1861	name-verified	stone
3618	1862	name-verified	stone
3619	1863	name-verified	stone
3620	1864	name-verified	stone
3621	1865	name-verified	stone
3622	1866	name-verified	stone
3623	1867	name-verified	stone
3624	1868	name-verified	stone
3625	1869	name-verified	stone
3626	1870	name-verified	stone
3627	1871	name-verified	stone
3628	1872	name-verified	stone
3629	1873	name-verified	stone
3630	1874	name-verified	stone
3631	1875	name-verified	stone
3632	1876	name-verified	mossy stone
3633	1877	name-verified	mossy stone
3634	1878	name-verified	mossy stone
3635	1879	name-verified	mossy stone
3636	1880	name-verified	mossy stone
3637	1881	name-verified	mossy stone
3638	1882	name-verified	mossy stone
3639	1883	name-verified	mossy stone
3640	1884	name-verified	mossy stone
3641	1885	name-verified	mossy stone
3642	1886	name-verified	mossy stone
3643	1887	name-verified	mossy stone
3644	1888	name-verified	mossy stone
3645	1889	name-verified	mossy stone
3646	1890	name-verified	mossy stone
3647	1891	name-verified	mossy stone
3648	1892	name-verified	debris
3649	1893	name-verified	debris
3650	1894	name-verified	debris
3651	1895	name-verified	debris
3652	1896	name-verified	debris
3653	1897	name-verified	debris
3654	1898	name-verified	debris
3655	1899	name-verified	debris
3656	1900	name-verified	debris
3657	1901	name-verified	stone
3658	1902	name-verified	stone
3659	1903	name-verified	stone
3660	1904	name-verified	stone
3661	1905	name-verified	stone
3662	1906	name-verified	stone
3663	1907	name-verified	stone
3664	1908	name-verified	stone
3665	1909	name-verified	stone
3666	1910	name-verified	stone
3667	1911	name-verified	stone
3668	1912	name-verified	stone
3669	1913	name-verified	stone
3670	1914	name-verified	stone
3671	1915	name-verified	painted stone
3672	1916	name-verified	painted stone
3673	1917	name-verified	painted stone
3674	1918	name-verified	painted stone
3675	1919	name-verified	painted stone
3676	1920	name-verified	painted stone
3677	1921	name-verified	painted stone
3678	1968	name-verified	ladder
3679	1969	name-verified	ramp
3680	1970	name-verified	ramp
3681	1971	name-verified	ramp
3682	1972	name-verified	ramp
3683	1973	name-verified	ramp
3684	1974	name-verified	ramp
3685	1975	name-verified	ramp
3686	1976	name-verified	ramp
3687	1977	name-verified	stone stairs
3688	1978	name-verified	stone stairs
3689	2004	name-verified	large cauldron
3690	2005	name-verified	large cauldron
3691	2006	name-verified	large cauldron
3692	2007	name-verified	large cauldron
3693	2008	name-verified	large cauldron
3694	2009	name-verified	large cauldron
3695	2010	name-verified	large cauldron
3696	2011	name-verified	large cauldron
3697	2062	name-verified	sacred statue
3698	2063	name-verified	sacred statue
3699	2064	name-verified	sacred statue
3700	2065	name-verified	sacred statue
3701	2066	name-verified	broken lizard statue
3702	2067	name-verified	broken lizard statue
3703	2068	name-verified	broken lizard statue
3704	2069	name-verified	broken lizard statue
3705	2070	name-verified	lizard statue
3706	2071	name-verified	lizard statue
3707	2072	name-verified	lizard statue
3708	2073	name-verified	lizard statue
3709	2074	name-verified	small pagoda
3710	2075	name-verified	small lit pagoda
3711	2076	name-verified	stone snake wall
3712	2077	name-verified	snake wall
3713	2078	name-verified	stone snake wall
3714	2079	name-verified	snake wall
3715	2080	name-verified	giant lizard head
3716	2081	name-verified	giant lizard head
3717	2082	name-verified	giant lizard head
3718	2083	name-verified	giant lizard head
3719	2084	name-verified	giant lizard head
3720	2085	name-verified	giant lizard head
3721	2086	name-verified	giant lizard head
3722	2087	name-verified	giant lizard head
3723	2088	name-verified	giant lizard claw
3724	2089	name-verified	giant lizard claw
3725	2090	name-verified	giant lizard claw
3726	2091	name-verified	giant lizard claw
3727	2092	name-verified	stone snake wall
3728	2093	name-verified	stone snake pagoda
3729	2094	name-verified	dried well
3730	2095	name-verified	dried well
3731	2096	name-verified	dried well
3732	2097	name-verified	dried well
3733	2098	name-verified	poison well
3734	2099	name-verified	poison well
3735	2100	name-verified	poison well
3736	2101	name-verified	poison well
3737	2102	name-verified	pagoda
3738	2103	name-verified	pagoda
3739	2104	name-verified	huntress statue
3740	2105	name-verified	huntress statue
3741	2106	name-verified	huntress statue
3742	2107	name-verified	huntress statue
3743	2116	name-verified	bamboo lamp
3744	5024	name-verified	skull candle
3745	2242	name-verified	bamboo column
3746	2243	name-verified	bamboo column
3747	2244	name-verified	bamboo column
3748	2245	name-verified	bamboo column
3749	2246	name-verified	bamboo column
3750	2247	name-verified	bamboo column
3751	2248	name-verified	bamboo column
3752	2249	name-verified	bamboo pole
3753	2250	name-verified	bamboo pole
3754	2251	name-verified	bamboo pole
3755	2252	name-verified	bamboo pole
3756	2253	name-verified	rope bridge
3757	2254	name-verified	rope bridge
3758	2255	name-verified	short pillar
3759	2256	name-verified	short pillar
3760	2257	name-verified	short pillar
3761	2258	name-verified	short pillar
3762	2259	name-verified	rope bridge
3763	2260	name-verified	rope bridge
3764	2261	name-verified	rope bridge
3765	2262	name-verified	rope bridge
3766	2263	name-verified	stone pillar
3767	2264	name-verified	broken stone pillar
3768	2265	name-verified	rope railing
3769	2266	name-verified	rope railing
3770	2267	name-verified	rope railing
3771	2268	name-verified	rope railing
3772	2269	name-verified	rope railing
3773	2270	name-verified	rope railing
3774	2271	name-verified	rope railing
3775	2272	name-verified	rope railing
3776	2273	name-verified	rope railing
3777	2274	name-verified	rope railing
3778	2275	name-verified	rope railing
3779	2276	name-verified	rope railing
3780	2277	name-verified	rope railing
3781	2278	name-verified	rope railing
3782	2279	name-verified	rope railing
3783	2280	name-verified	rope railing
3784	2281	name-verified	rope railing
3785	2282	name-verified	rope railing
3786	2283	name-verified	rope railing
3787	2284	name-verified	rope railing
3788	2285	name-verified	rope railing
3789	2286	name-verified	rope railing
3790	2287	name-verified	rope railing
3791	2288	name-verified	rope railing
3792	2289	name-verified	stone pillar
3793	2290	name-verified	broken stone pillar
3794	2291	name-verified	wooden bars
3795	2292	name-verified	wooden bars
3796	2293	name-verified	wooden bars
3797	2294	name-verified	wooden bars
3798	2295	name-verified	wooden bars
3799	2296	name-verified	wooden bars
3800	2297	name-verified	wooden bars
3801	2298	name-verified	wooden bars
3802	2299	name-verified	small totem pole
3803	2300	name-verified	large totem pole
3804	2301	name-verified	totem pole
3805	2346	name-verified	carved stone table
3806	2347	otb-only	carved stone table
3807	2348	name-verified	tusk table
3808	2349	name-verified	tusk table
3809	2350	name-verified	bamboo table
3810	2351	name-verified	bamboo table
3811	2352	name-verified	thick trunk
3812	2353	name-verified	ornamented stone table
3813	2418	name-verified	tusk chair
3814	2419	name-verified	tusk chair
3815	2420	name-verified	tusk chair
3816	2421	name-verified	tusk chair
3817	2422	name-verified	ivory chair
3818	2423	name-verified	ivory chair
3819	2424	name-verified	ivory chair
3820	2425	name-verified	ivory chair
3821	2426	name-verified	small trunk
3822	2455	name-verified	bamboo wardrobe
3823	2456	name-verified	bamboo wardrobe
3824	2457	name-verified	bamboo wardrobe
3825	2458	name-verified	bamboo wardrobe
3826	2459	name-verified	bamboo shelf
3827	2460	name-verified	bamboo shelf
3828	2461	name-verified	small bamboo shelf
3829	2462	name-verified	small bamboo shelf
3830	2463	name-verified	small bamboo shelf
3831	2464	name-verified	small bamboo shelf
3832	2465	name-verified	bamboo drawer
3833	2466	name-verified	bamboo drawer
3834	2467	name-verified	bamboo drawer
3835	2468	name-verified	bamboo drawer
3836	2503	name-verified	hammock
3837	2504	name-verified	hammock
3838	2505	name-verified	hammock
3839	2506	name-verified	hammock
3840	2507	name-verified	hammock
3841	703	name-verified	hammock
3842	2509	name-verified	hammock
3843	705	name-verified	hammock
3844	2511	name-verified	grass mat
3845	2512	name-verified	grass mat
3846	2513	name-verified	grass mat
3847	2514	name-verified	grass mat
3848	2515	otb-only	straw mat
3849	2516	otb-only	straw mat
3850	2517	otb-only	straw mat
3851	2518	otb-only	straw mat
3852	2587	name-verified	brown bear fur
3853	2588	name-verified	brown bear fur
3854	2589	name-verified	brown bear fur
3855	2590	name-verified	brown bear fur
3856	2591	name-verified	polar bear fur
3857	2592	name-verified	polar bear fur
3858	2593	name-verified	polar bear fur
3859	2594	name-verified	polar bear fur
3860	2595	name-verified	badger fur
3861	2687	name-verified	feather decoration
3862	2688	name-verified	feather decoration
3863	2689	name-verified	dried fur
3864	2690	name-verified	dried fur
3865	2691	name-verified	dried fur
3866	2692	name-verified	dried fur
3867	2738	name-verified	tanned brown bear fur
3868	2739	name-verified	tanned brown bear fur
3869	2740	otb-only	tanned polar bear fur
3870	2741	otb-only	tanned polar bear fur
3871	2742	name-verified	pile of chopped wood
3872	2743	name-verified	block of wood
3873	2744	name-verified	some pieces of wood
3874	2745	name-verified	fishing net
3875	2746	name-verified	fishing net
3876	2747	name-verified	fishing net
3877	2748	name-verified	fishing net
3878	2749	name-verified	fishing net
3879	2750	name-verified	fishing net
3880	2751	name-verified	fishing net
3881	2752	name-verified	fishing net
3882	2753	name-verified	giant footprint
3883	2754	name-verified	giant footprint
3884	2755	name-verified	giant footprint
3885	2756	name-verified	giant footprint
3886	2757	name-verified	giant footprint
3887	2758	name-verified	giant footprint
3888	2759	name-verified	giant footprint
3889	2760	name-verified	giant footprint
3890	2761	name-verified	giant footprint
3891	2762	name-verified	giant footprint
3892	2763	name-verified	giant footprint
3893	2764	name-verified	giant footprint
3894	2765	name-verified	giant footprint
3895	2766	name-verified	giant footprint
3896	2767	name-verified	tanned tiger fur
3897	2768	name-verified	tanned tiger fur
3898	2769	name-verified	tiger fur
3899	2770	name-verified	tiger fur
3900	2771	name-verified	sundial
3901	2775	name-verified	red cushioned chair kit
3902	2776	name-verified	green cushioned chair kit
3903	2777	name-verified	wooden chair kit
3904	2778	name-verified	rocking chair kit
3905	2779	name-verified	sofa chair kit
3906	2780	name-verified	tusk chair kit
3907	2781	name-verified	ivory chair kit
3908	2782	name-verified	small table kit
3909	2812	name-verified	christmas tree package
3910	10207	name-verified	snowman package
3911	2785	name-verified	big table kit
3912	2786	name-verified	stone table kit
3913	2787	name-verified	tusk table kit
3914	2788	name-verified	bamboo table kit
3915	2789	name-verified	drawer kit
3916	2790	name-verified	dresser kit
3917	2791	name-verified	locker kit
3918	2792	name-verified	trough kit
3919	2793	name-verified	barrel kit
3920	2794	name-verified	trunk kit
3921	2795	name-verified	bamboo drawer kit
3922	2796	name-verified	birdcage kit
3923	2797	name-verified	globe kit
3924	2798	name-verified	table lamp kit
3925	2799	name-verified	telescope kit
3926	2800	name-verified	rocking horse kit
3927	2801	name-verified	pendulum clock kit
3928	2802	name-verified	knight statue kit
3929	2803	name-verified	minotaur statue kit
3930	2804	name-verified	goblin statue kit
3931	2805	name-verified	large amphora kit
3932	2806	name-verified	coal basin kit
3933	2807	name-verified	piano kit
3934	2808	name-verified	harp kit
3935	2809	name-verified	trunk chair kit
3936	2810	name-verified	trunk table kit
3937	2811	name-verified	indoor plant kit
3938	2812	otb-only	unknown kit
3939	2864	name-verified	camouflage bag
3940	2872	name-verified	camouflage backpack
3941	2883	name-verified	cup
3942	2884	name-verified	cup
3943	2940	name-verified	torch bearer
3944	2941	name-verified	lit torch bearer
3945	2942	name-verified	torch bearer
3946	2943	name-verified	lit torch bearer
3947	2944	name-verified	wall lamp
3948	2945	name-verified	lit wall lamp
3949	2946	name-verified	wall lamp
3950	2947	name-verified	lit wall lamp
3951	2951	name-verified	bongo drum
3952	2965	name-verified	didgeridoo
3953	2966	name-verified	war drum
3954	3001	name-verified	bear doll
3955	3002	name-verified	voodoo doll
3956	3044	name-verified	tusk
3957	3103	name-verified	cornucopia
3958	3145	name-verified	trashed wooden bars
3959	3146	name-verified	trashed wooden bars
3960	3244	name-verified	old and used backpack
3961	3343	name-verified	lich staff
3962	3344	name-verified	beastslayer axe
3963	3345	name-verified	templar scytheblade
3964	3346	name-verified	ripper lance
3965	3347	name-verified	hunting spear
3966	3348	name-verified	banana staff
3967	3403	name-verified	tribal mask
3968	3404	name-verified	leopard armor
3969	3405	name-verified	horseman helmet
3970	3406	name-verified	feather headdress
3971	3407	name-verified	charmer's tiara
3972	3408	name-verified	bonelord helmet
3973	3443	name-verified	tusk shield
3974	3444	name-verified	sentinel shield
3975	3445	name-verified	salamander shield
3976	3492	name-verified	worm
3977	3493	name-verified	crane
3978	3494	name-verified	crane
3979	3495	name-verified	crane
3980	3496	name-verified	crane
3981	3508	name-verified	mailbox
3982	3556	name-verified	crocodile boots
3983	3560	name-verified	bast skirt
3984	3701	name-verified	jungle grass
3985	3702	name-verified	jungle grass
3986	3703	name-verified	thorn bush
3987	3704	name-verified	thorn bush
3988	3705	name-verified	thorn bush
3989	3706	name-verified	thorn bush
3990	3707	name-verified	thorn bush
3991	3708	name-verified	thorn bush
3992	3709	name-verified	thorn bush
3993	3710	name-verified	thorn bush
3994	3711	name-verified	thorn bush
3995	3712	name-verified	thorn bush
3996	3713	name-verified	thorn bush
3997	3714	name-verified	thorn bush
3998	3715	name-verified	thorn bush
3999	3716	name-verified	thorn bush
4000	3717	name-verified	thorn bush
4001	3718	name-verified	thorn bush
4002	3719	name-verified	thorn bush
4003	3720	name-verified	thorn bush
4004	3721	name-verified	thorn bush
4005	3722	name-verified	thorn bush
4006	3742	name-verified	orange tree
4007	3743	name-verified	thread tree
4008	3744	name-verified	jungle dweller bush
4009	3745	name-verified	tower fern
4010	3746	name-verified	snake nest bush
4011	3747	name-verified	green wig bush
4012	3748	name-verified	lizards tongue bush
4013	3749	name-verified	jungle crown plant
4014	3750	name-verified	green fountain bush
4015	3751	name-verified	big fern
4016	3752	name-verified	dragons nest tree
4017	3753	name-verified	purple kiss bush
4018	3754	name-verified	small fern
4019	3755	name-verified	jungle umbrella plant
4020	3756	name-verified	jungle umbrella plant
4021	3757	name-verified	jungle umbrella plant
4022	3758	name-verified	jungle umbrella plant
4023	3759	name-verified	jungle umbrella plant
4024	3760	name-verified	jungle umbrella plant
4025	3761	name-verified	bamboo plant
4026	3762	name-verified	bamboo plant
4027	3763	name-verified	bamboo plant
4028	3764	name-verified	bamboo plant
4029	3765	name-verified	bamboo plant
4030	3766	name-verified	bamboo plant
4031	3767	name-verified	bamboo plant
4032	3768	name-verified	bamboo plant
4033	3769	name-verified	bamboo plant
4034	3770	name-verified	bamboo plant
4035	3771	name-verified	giant tree
4036	3772	name-verified	giant tree
4037	3773	name-verified	giant tree
4038	3774	name-verified	giant tree
4039	3775	name-verified	giant tree
4040	3776	name-verified	giant tree
4041	3777	name-verified	giant tree
4042	3778	name-verified	giant tree
4043	3779	name-verified	giant tree
4044	3780	name-verified	giant tree
4045	3781	name-verified	giant tree
4046	3782	name-verified	giant tree
4047	3783	name-verified	giant tree
4048	3784	name-verified	giant tree
4049	3785	name-verified	giant tree
4050	3786	name-verified	giant tree
4051	3787	name-verified	giant tree
4052	3788	name-verified	giant tree
4053	3789	name-verified	giant tree
4054	3790	name-verified	giant tree
4055	3791	name-verified	giant tree
4056	3792	name-verified	giant tree
4057	3793	name-verified	giant tree
4058	3794	name-verified	giant tree
4059	3795	name-verified	giant tree
4060	3796	name-verified	giant tree
4061	3797	name-verified	giant tree
4062	3798	name-verified	giant tree
4063	3799	name-verified	giant tree
4064	3800	name-verified	giant tree
4065	3801	name-verified	giant tree
4066	3802	name-verified	giant tree
4067	3803	name-verified	giant tree
4068	3804	name-verified	jungle vines
4069	3805	name-verified	jungle vines
4070	3806	name-verified	jungle vines
4071	3807	name-verified	jungle vines
4072	3808	name-verified	jungle vines
4073	3809	name-verified	liana
4074	3810	name-verified	liana
4075	3811	name-verified	liana
4076	3812	name-verified	liana
4077	3813	name-verified	liana
4078	3814	name-verified	liana
4079	3815	name-verified	liana
4080	3816	name-verified	liana
4081	3817	name-verified	liana
4082	3818	name-verified	liana
4083	3819	name-verified	liana
4084	3820	name-verified	liana
4085	3821	name-verified	liana
4086	3822	name-verified	liana
4087	3823	name-verified	liana
4088	3824	name-verified	liana
4089	3825	name-verified	liana
4090	3826	name-verified	liana
4091	3827	name-verified	liana
4092	3828	name-verified	liana
4093	3829	name-verified	liana
4094	3830	name-verified	liana
4095	3831	name-verified	liana
4096	3832	name-verified	liana
4097	3833	name-verified	liana
4098	3834	name-verified	liana
4099	3835	name-verified	liana
4100	3836	name-verified	liana
4101	3837	name-verified	liana
4102	3838	name-verified	liana
4103	3839	name-verified	liana
4104	3840	name-verified	liana
4105	3841	name-verified	liana
4106	3842	name-verified	liana
4107	3843	name-verified	liana
4108	3844	name-verified	liana
4109	3845	name-verified	liana
4110	3846	name-verified	liana
4111	3847	name-verified	liana
4112	3848	name-verified	liana
4113	3849	name-verified	giant tree
4114	3850	name-verified	giant tree
4115	3851	name-verified	giant tree
4116	3852	name-verified	giant tree
4117	3853	name-verified	giant tree
4118	3854	name-verified	giant tree
4119	3855	name-verified	giant tree
4120	3856	name-verified	giant tree
4121	3857	name-verified	giant tree
4122	3858	name-verified	giant tree
4123	3859	name-verified	giant tree
4124	3860	name-verified	giant tree
4125	3861	name-verified	giant tree
4126	3862	name-verified	giant tree
4127	3863	name-verified	giant tree
4128	3864	name-verified	giant tree
4129	3865	name-verified	giant tree
4130	3866	name-verified	giant tree
4131	3867	name-verified	giant tree
4132	3868	name-verified	giant tree
4133	3869	name-verified	giant tree
4134	3870	name-verified	chill nettle
4135	3871	name-verified	monkey tail
4136	3872	name-verified	fairy queen
4137	3873	name-verified	crane plant
4138	3874	otb-only	jungle bells plant
4139	3875	name-verified	dawn singer
4140	3876	name-verified	turtle sprouter
4141	3877	name-verified	bees ballroom
4142	3878	name-verified	giant jungle rose
4143	3879	name-verified	jungle rose
4144	3880	name-verified	titans orchid
4145	3881	name-verified	titans orchid
4146	3882	name-verified	titans orchid
4147	3883	name-verified	titans orchid
4148	3884	name-verified	purple cardinal
4149	3885	otb-only	witches' cauldron plant
4150	3886	name-verified	gold blossom
4151	3887	name-verified	gold blossom
4152	3888	name-verified	meadow star
4153	3889	name-verified	meadow star
4154	3890	name-verified	meadow star
4155	3891	name-verified	sneeze blossom
4156	3892	name-verified	dew kisser flower
4157	3893	name-verified	dew kisser flower
4158	3894	name-verified	dew kisser flower
4159	3895	name-verified	velvet petal
4160	3896	name-verified	velvet petal
4161	3897	name-verified	velvet petal
4162	3898	name-verified	velvet petal
4163	3899	otb-only	devil's tongue flower
4164	3900	name-verified	small pearl flower
4165	3901	name-verified	large pearl flower
4166	3902	name-verified	large pearl flower
4167	3903	name-verified	dead man's saddle
4168	3904	name-verified	dead man's saddle
4169	3905	name-verified	dead man's saddle
4170	3906	name-verified	dead man's saddle
4171	3907	name-verified	dead man's saddles
4172	3908	name-verified	moss cap mushroom
4173	3909	name-verified	moss cap mushroom
4174	3910	name-verified	slime table mushroom
4175	3911	name-verified	slime table mushroom
4176	3912	name-verified	slime table mushroom
4177	3913	name-verified	slime table mushrooms
4178	3914	name-verified	giggle mushroom
4179	3915	name-verified	giggle mushrooms
4180	3916	name-verified	cat's food mushroom
4181	3917	name-verified	cat's food mushrooms
4182	3918	name-verified	glimmer cap mushroom
4183	3919	name-verified	glimmer cap mushrooms
4184	3920	name-verified	giant glimmer cap mushroom
4185	3921	name-verified	large pearl flower
4186	3922	name-verified	fallen tree
4187	3923	name-verified	fallen tree
4188	3924	name-verified	fallen tree
4189	3925	name-verified	fallen tree
4190	3926	name-verified	fallen tree
4191	3927	name-verified	fallen tree
4192	3928	name-verified	fallen tree
4193	3929	name-verified	fallen tree
4194	3930	name-verified	fallen tree
4195	3931	name-verified	fallen tree
4196	3932	name-verified	fallen tree
4197	3933	name-verified	fallen tree
4198	3934	name-verified	fallen tree
4199	3935	name-verified	fallen tree
4200	3936	name-verified	fallen tree
4201	3937	name-verified	fallen tree
4202	3938	otb-only	jungle vines
4203	3939	otb-only	jungle vines
4204	3940	otb-only	jungle vines
4205	3941	otb-only	jungle vines
4206	3942	otb-only	jungle vines
4207	3943	otb-only	jungle vines
4208	3944	name-verified	jungle maw
4209	3945	name-verified	jungle maw
4210	3946	name-verified	fallen tree
4211	3947	name-verified	fallen tree
4212	3948	name-verified	fallen tree
4213	3949	name-verified	fallen tree
4214	3950	name-verified	fallen tree
4215	3951	name-verified	fallen tree
4216	3952	name-verified	giant tree
4217	3953	name-verified	giant tree
4218	3954	name-verified	giant tree
4219	3955	name-verified	giant tree
4220	3956	name-verified	giant tree
4221	3957	name-verified	giant tree
4222	3958	name-verified	giant tree
4223	3959	name-verified	giant tree root
4224	3960	name-verified	giant tree root
4225	3961	name-verified	giant tree root
4226	3962	name-verified	giant tree root
4227	3963	name-verified	giant tree root
4228	3964	name-verified	giant tree root
4229	3965	name-verified	giant tree root
4230	3966	name-verified	giant tree root
4231	3967	name-verified	giant tree root
4232	3968	name-verified	giant tree root
4233	3969	name-verified	giant tree root
4234	3970	name-verified	giant tree root
4235	3971	name-verified	giant tree root
4236	3972	name-verified	giant tree root
4237	3973	name-verified	giant tree root
4238	3974	name-verified	giant tree root
4239	3975	otb-only	mossy fallen tree
4240	3976	otb-only	mossy fallen tree
4241	3977	otb-only	mossy fallen tree
4242	3978	otb-only	mossy fallen tree
4243	3979	otb-only	mossy fallen tree
4244	3980	otb-only	mossy fallen tree
4245	3981	otb-only	mossy fallen tree
4246	3982	otb-only	mossy fallen tree
4247	3983	otb-only	mossy fallen tree
4248	3984	otb-only	mossy fallen tree
4249	3985	otb-only	mossy fallen tree
4250	3986	otb-only	mossy fallen tree
4251	4239	name-verified	dead lizard templar
4252	4310	name-verified	dead elephant
4253	4318	name-verified	dead crab
4254	4319	name-verified	dead crab
4255	4320	name-verified	dead crab
4256	4321	name-verified	dead lizard templar
4257	4322	name-verified	dead lizard templar
4258	4323	name-verified	dead lizard templar
4259	4324	name-verified	dead lizard sentinel
4260	4325	name-verified	dead lizard sentinel
4261	4326	name-verified	dead lizard sentinel
4262	4327	name-verified	dead lizard snakecharmer
4263	4328	name-verified	dead lizard snakecharmer
4264	4329	name-verified	dead lizard snakecharmer
4265	4330	name-verified	dead chicken
4266	4331	name-verified	dead chicken
4267	4332	name-verified	dead chicken
4268	4333	name-verified	dead kongra
4269	4334	name-verified	dead kongra
4270	4335	name-verified	dead kongra
4271	4336	name-verified	dead merlkin
4272	4337	name-verified	dead merlkin
4273	4338	name-verified	dead merlkin
4274	4339	name-verified	dead sibang
4275	4340	name-verified	dead sibang
4276	4341	name-verified	dead sibang
4277	4342	name-verified	dead crocodile
4278	4343	name-verified	dead crocodile
4279	4344	name-verified	dead crocodile
4280	4345	name-verified	dead carniphila
4281	4346	name-verified	dead carniphila
4282	4347	name-verified	dead carniphila
4283	4348	name-verified	dead hydra
4284	4349	name-verified	dead hydra
4285	4350	name-verified	dead hydra
4286	4351	name-verified	dead panda
4287	4352	name-verified	dead panda
4288	4353	name-verified	dead panda
4289	4354	name-verified	dead centipede
4290	4355	name-verified	dead centipede
4291	4356	name-verified	dead centipede
4292	4357	name-verified	dead tiger
4293	4358	name-verified	dead tiger
4294	4359	name-verified	dead tiger
4295	4360	name-verified	dead elephant
4296	4361	name-verified	dead elephant
4297	4362	name-verified	dead elephant
4298	4363	name-verified	dead bat
4299	4364	name-verified	dead bat
4300	4365	name-verified	dead bat
4301	4366	name-verified	dead flamingo
4302	4367	name-verified	dead flamingo
4303	4368	name-verified	dead flamingo
4304	4369	name-verified	dead dworc
4305	4370	name-verified	dead dworc
4306	4371	name-verified	dead dworc
4307	4372	name-verified	dead dworc
4308	4373	name-verified	dead dworc
4309	4374	name-verified	dead dworc
4310	4375	name-verified	dead dworc
4311	4376	name-verified	dead dworc
4312	4377	name-verified	dead dworc
4313	4378	name-verified	dead butterfly
4314	4379	name-verified	dead parrot
4315	4380	name-verified	dead parrot
4316	4381	name-verified	dead parrot
4317	4382	name-verified	dead bird
4318	4383	name-verified	dead bird
4319	4384	name-verified	dead bird
4320	4385	name-verified	dead tarantula
4321	4386	name-verified	dead tarantula
4322	4387	name-verified	dead tarantula
4323	4388	name-verified	dead serpent spawn
4324	4389	name-verified	dead serpent spawn
4325	4390	name-verified	dead serpent spawn
4326	4391	name-verified	lifeless nettle
4327	4392	name-verified	lifeless nettle
4394	4854	name-verified	red carpet
4395	4855	name-verified	red carpet
4396	4856	name-verified	red carpet
4397	4857	name-verified	red carpet
4398	4858	name-verified	red carpet
4399	4859	name-verified	red carpet
4400	4860	name-verified	red carpet
4401	4861	name-verified	red carpet
4402	4862	name-verified	red carpet
4403	1770	name-verified	mast
4404	2117	name-verified	bamboo lamp
4405	4394	name-verified	rock soil
4406	4395	name-verified	rock soil
4407	4396	name-verified	rock soil
4408	4397	name-verified	rock soil
4409	4398	name-verified	rock soil
4410	4399	name-verified	rock soil
4411	4400	name-verified	rock soil
4412	4401	name-verified	rock soil
4413	4402	name-verified	rock soil
4414	4403	name-verified	rock soil
4415	4404	name-verified	rock soil
4416	4405	name-verified	rock soil
4417	4406	name-verified	rock soil
4418	4407	name-verified	rock soil
4419	4408	name-verified	rock soil
4420	4409	name-verified	rock soil
4421	4410	name-verified	rock soil
4456	4445	otb-only	rocks
4457	4446	otb-only	rocks
4458	4447	otb-only	rocks
4459	4448	otb-only	rocks
4460	4449	otb-only	rocks
4461	4450	otb-only	rocks
4462	4451	otb-only	rocks
4463	4452	otb-only	rocks
4464	4453	otb-only	rocks
4465	4454	otb-only	rocks
4466	4455	otb-only	rocks
4467	4456	otb-only	rocks
4468	4457	name-verified	mountain
4469	4458	name-verified	mountain
4470	4459	name-verified	mountain
4471	4460	name-verified	mountain
4472	4461	name-verified	mountain
4473	4462	name-verified	mountain
4474	4463	name-verified	mountain
4475	4464	name-verified	mountain
4476	4465	name-verified	mountain
4477	4466	name-verified	mountain
4478	4467	name-verified	mountain
4479	4468	name-verified	mountain
4480	4469	name-verified	mountain
4481	4470	name-verified	mountain
4482	4471	name-verified	mountain
4483	4472	name-verified	mountain
4484	4473	name-verified	mountain
4485	4474	name-verified	mountain
4486	4475	name-verified	mountain
4487	4476	name-verified	mountain
4488	4477	name-verified	mountain
4489	4478	name-verified	mountain
4490	4479	name-verified	mountain
4491	4480	name-verified	mountain
4492	4481	name-verified	mountain
4493	4482	name-verified	mountain
4494	4483	name-verified	mountain
4495	4484	name-verified	mountain
4496	4485	name-verified	mountain
4497	4486	name-verified	mountain
4498	4487	name-verified	mountain
4499	4488	name-verified	mountain
4500	4489	name-verified	mountain
4501	4490	name-verified	mountain
4502	4491	name-verified	mountain
4503	4492	name-verified	mountain
4504	4493	name-verified	mountain
4505	4494	name-verified	mountain
4506	4495	name-verified	mountain
4507	4496	name-verified	mountain
4508	4497	name-verified	mountain
4509	4498	name-verified	mountain
4510	4499	name-verified	mountain
4511	4500	name-verified	mountain
4512	4501	name-verified	mountain
4513	4502	name-verified	mountain
4514	4503	name-verified	rock soil
4515	4504	name-verified	rock soil
4516	4505	name-verified	rock soil
4517	4506	name-verified	rock soil
4518	4507	name-verified	rock soil
4519	4508	name-verified	rock soil
4520	4509	name-verified	rock soil
4521	4510	name-verified	rock soil
4522	4511	name-verified	rock soil
4523	4512	name-verified	rock soil
4524	4513	name-verified	rock soil
4525	4514	name-verified	rock soil
4526	4515	name-verified	grass
4527	4516	name-verified	grass
4528	4517	name-verified	grass
4529	4518	name-verified	grass
4530	4519	name-verified	grass
4531	4520	name-verified	grass
4532	4521	name-verified	grass
4533	4522	name-verified	grass
4534	4523	name-verified	grass
4535	4524	name-verified	grass
4536	4525	name-verified	grass
4537	4526	name-verified	grass
4538	4527	name-verified	grass
4539	4528	name-verified	grass
4540	4529	name-verified	grass
4541	4530	name-verified	grass
4542	4531	name-verified	grass
4543	4532	name-verified	grass
4544	4533	name-verified	grass
4545	4534	name-verified	grass
4546	4535	name-verified	grass
4547	4536	name-verified	grass
4548	4537	name-verified	grass
4549	4538	name-verified	grass
4550	4539	name-verified	grass
4551	4540	name-verified	grass
4552	4541	name-verified	grass
4553	4542	name-verified	grass
4554	4543	name-verified	gravel
4555	4544	name-verified	gravel
4556	4545	name-verified	gravel
4557	4546	name-verified	gravel
4558	4547	name-verified	gravel
4559	4548	name-verified	gravel
4560	4549	name-verified	gravel
4561	4550	name-verified	gravel
4562	4551	name-verified	gravel
4563	4552	name-verified	gravel
4564	4553	name-verified	gravel
4565	4554	name-verified	gravel
4566	4555	name-verified	gravel
4570	4559	name-verified	gravel
4571	4560	name-verified	gravel
4572	4561	name-verified	gravel
4573	4562	name-verified	gravel
4574	4563	name-verified	gravel
4575	4564	name-verified	gravel
4576	4565	name-verified	gravel
4577	4566	name-verified	gravel
4578	4567	name-verified	gravel
4579	4568	name-verified	gravel
4580	4569	name-verified	mossy spots
4581	4570	name-verified	mossy spots
4582	4571	name-verified	mossy spots
4583	4572	name-verified	mossy spots
4584	4573	name-verified	mossy spots
4585	4574	name-verified	mossy spots
4586	4575	name-verified	mossy spots
4587	4576	name-verified	mossy spots
4588	4577	name-verified	mossy spots
4589	4578	name-verified	mossy spots
4590	4579	name-verified	mossy spots
4591	4580	name-verified	mossy spots
4592	4581	name-verified	mossy spots
4593	4582	name-verified	mossy spots
4594	4583	name-verified	mossy spots
4595	4584	name-verified	gravel
4596	4585	name-verified	sand
4597	4586	name-verified	sand
4598	4587	name-verified	sand
4599	4588	name-verified	sand
4600	4589	name-verified	sand
4601	4590	name-verified	sand
4602	4591	name-verified	sand
4603	4592	name-verified	sand
4604	4593	name-verified	sand
4605	4594	name-verified	sand
4606	4595	name-verified	sand
4607	4596	name-verified	sand
4608	4597	name-verified	shallow water
4609	4598	name-verified	shallow water
4610	4599	name-verified	shallow water
4611	4600	name-verified	shallow water
4612	4601	name-verified	shallow water
4613	4602	name-verified	shallow water
4614	4609	name-verified	shallow water
4615	4610	name-verified	shallow water
4616	4611	name-verified	shallow water
4617	4612	name-verified	shallow water
4618	4613	name-verified	shallow water
4619	4614	name-verified	shallow water
4620	629	name-verified	shallow water
4621	630	name-verified	shallow water
4622	631	name-verified	shallow water
4623	632	name-verified	shallow water
4624	633	name-verified	shallow water
4625	634	name-verified	shallow water
4632	4621	name-verified	shallow water
4633	4622	name-verified	shallow water
4634	4623	name-verified	shallow water
4635	4624	name-verified	shallow water
4636	4625	name-verified	shallow water
4637	4626	name-verified	shallow water
4638	4627	name-verified	shallow water
4639	4628	name-verified	shallow water
4640	4629	name-verified	shallow water
4641	4630	name-verified	shallow water
4642	4631	name-verified	shallow water
4643	4632	name-verified	shallow water
4644	4633	name-verified	shallow water
4645	4634	name-verified	shallow water
4646	4635	name-verified	shallow water
4647	4636	name-verified	shallow water
4648	4637	name-verified	shallow water
4649	4638	name-verified	shallow water
4650	4639	name-verified	shallow water
4651	4640	name-verified	shallow water
4652	4641	name-verified	shallow water
4653	4642	name-verified	shallow water
4654	4643	name-verified	shallow water
4655	4644	name-verified	shallow water
4656	4645	name-verified	shallow water
4657	4646	name-verified	shallow water
4658	4647	name-verified	shallow water
4659	4648	name-verified	shallow water
4660	4649	name-verified	shallow water
4661	4650	name-verified	shallow water
4662	4651	name-verified	shallow water
4663	4652	name-verified	shallow water
4664	4597	name-verified	shallow water
4665	4598	name-verified	shallow water
4666	4599	name-verified	shallow water
4667	4656	name-verified	dirt
4668	4657	name-verified	dirt
4669	4658	name-verified	dirt
4670	4659	name-verified	dirt
4671	4660	name-verified	dirt
4672	4661	name-verified	dirt
4673	4662	name-verified	dirt
4674	4663	name-verified	dirt
4675	4664	name-verified	dirt
4676	4665	name-verified	dirt
4677	4666	name-verified	dirt
4678	4667	name-verified	dirt
4679	4668	name-verified	dirt
4680	4669	name-verified	dirt
4681	4670	name-verified	dirt
4682	4671	name-verified	dirt
4683	4672	name-verified	dirt
4684	4673	name-verified	dirt
4685	4674	name-verified	dirt
4686	4675	name-verified	dirt
4687	4676	name-verified	dirt
4688	4677	name-verified	dirt
4689	4678	name-verified	dirt
4690	4679	name-verified	dirt
4691	4680	name-verified	swamp
4692	4681	name-verified	swamp
4693	4682	name-verified	swamp
4694	4683	name-verified	swamp
4695	4684	name-verified	swamp
4696	4685	name-verified	swamp
4697	4686	name-verified	swamp
4698	4687	name-verified	swamp
4699	4688	name-verified	swamp
4700	4689	name-verified	swamp
4701	4690	name-verified	swamp
4702	4691	name-verified	swamp
4703	4692	name-verified	swamp
4704	4693	name-verified	swamp
4705	4694	name-verified	swamp
4706	4695	name-verified	swamp
4707	4696	name-verified	swamp
4708	4697	name-verified	swamp
4709	4698	name-verified	swamp
4710	4699	name-verified	swamp
4711	4700	name-verified	swamp
4712	4701	name-verified	swamp
4713	4702	name-verified	swamp
4714	4703	name-verified	swamp
4715	4704	name-verified	swamp
4716	4705	name-verified	swamp
4717	4706	name-verified	swamp
4718	4707	name-verified	swamp
4719	4708	name-verified	swamp
4720	4709	name-verified	swamp
4721	4710	name-verified	swamp
4722	4711	name-verified	swamp
4723	4712	name-verified	swamp
4724	4713	name-verified	swamp
4725	4714	name-verified	swamp
4726	4715	name-verified	swamp
4727	4716	name-verified	swamp
4728	4717	name-verified	swamp
4729	4718	name-verified	swamp
4730	4719	name-verified	swamp
4731	4720	name-verified	swamp
4732	4721	name-verified	swamp
4733	4722	name-verified	swamp
4734	4723	name-verified	swamp
4735	4724	name-verified	swamp
4736	4725	name-verified	swamp
4737	4726	otb-only	snow
4738	4727	otb-only	snow
4739	4728	otb-only	snow
4740	4729	otb-only	snow
4741	4730	otb-only	snow
4742	4731	otb-only	snow
4743	4732	otb-only	snow
4744	4733	otb-only	snow
4745	4734	otb-only	snow
4746	4735	otb-only	snow
4747	4736	otb-only	snow
4748	4737	otb-only	snow
4749	4738	name-verified	swamp
4750	4739	name-verified	swamp
4751	4740	name-verified	swamp
4752	4741	name-verified	swamp
4753	4742	name-verified	swamp
4754	4743	name-verified	swamp
4755	4744	name-verified	swamp
4760	4749	name-verified	sand
4761	4750	name-verified	sand
4762	4751	name-verified	sand
4763	4752	name-verified	sand
4764	4753	name-verified	sand
4765	4754	name-verified	sand
4766	4755	name-verified	sand
4767	4756	name-verified	sand
4768	4757	name-verified	sand
4769	4758	name-verified	sand
4770	4759	name-verified	sand
4771	4760	name-verified	sand
4772	4761	name-verified	sand
4773	4762	name-verified	sand
4774	4763	name-verified	sand
4775	4764	name-verified	sand
4776	4765	name-verified	sand
4777	4766	name-verified	sand
4778	4767	name-verified	sand
4779	4768	name-verified	sand
4780	4769	name-verified	sand
4781	4770	name-verified	sand
4782	4771	name-verified	sand
4783	4772	name-verified	sand
4784	4773	name-verified	grass
4785	4774	name-verified	grass
4786	4775	name-verified	grass
4787	4776	name-verified	grass
4788	4777	name-verified	grass
4789	4778	name-verified	grass
4790	4779	name-verified	grass
4791	4780	name-verified	grass
4792	4781	name-verified	grass
4793	4782	name-verified	grass
4794	4783	name-verified	grass
4795	4784	name-verified	grass
4796	4785	otb-only	dirt floor
4797	4786	otb-only	dirt floor
4798	4787	otb-only	dirt floor
4799	4788	otb-only	dirt floor
4800	4789	otb-only	dirt floor
4801	4790	otb-only	dirt floor
4802	4791	otb-only	dirt floor
4803	4792	otb-only	dirt floor
4804	4793	otb-only	dirt floor
4805	4794	otb-only	dirt floor
4806	4795	otb-only	dirt floor
4807	4796	otb-only	dirt floor
4808	4797	otb-only	lava
4809	4798	otb-only	lava
4810	4799	otb-only	lava
4811	4800	otb-only	lava
4812	4801	otb-only	lava
4813	4802	otb-only	lava
4814	4803	otb-only	lava
4815	4804	otb-only	lava
4816	4805	otb-only	lava
4817	4806	otb-only	lava
4818	4807	otb-only	lava
4819	4808	otb-only	lava
4820	4809	name-verified	shallow water
4821	4810	name-verified	shallow water
4822	4811	name-verified	shallow water
4823	4812	name-verified	shallow water
4824	4813	name-verified	shallow water
4825	4814	name-verified	shallow water
4826	4815	name-verified	mountain
4827	4816	name-verified	mountain
4828	4817	name-verified	shallow water
4829	4818	name-verified	shallow water
4830	4819	name-verified	shallow water
4831	4820	name-verified	shallow water
4832	4821	otb-only	ploughed soil
4833	4822	otb-only	ploughed soil
4834	4823	name-verified	stairs
4835	859	name-verified	stairs
4836	4825	name-verified	stairs
4837	4826	name-verified	stairs
4838	4827	name-verified	whisper moss
4839	4828	name-verified	flask of cough syrup
4840	4829	name-verified	witches' cap spot
4842	5956	otb-only	old parchment
4843	4832	name-verified	giant ape's hair
4845	4834	name-verified	family brooch
4846	4835	name-verified	snake destroyer
4847	4836	name-verified	spectral dress
4848	4837	name-verified	icicle
4849	4838	name-verified	strange powder
4850	4839	name-verified	hydra egg
4851	4840	name-verified	spectral stone
4852	4841	name-verified	memory stone
4853	4842	name-verified	sheet of tracing paper
4854	4843	name-verified	sheet of tracing paper
4855	4844	name-verified	elven poetry book
4856	3456	otb-only	ice pick
4857	173	otb-only	wrinkled parchment
4858	4847	name-verified	funeral urn
4859	2525	name-verified	small cask
4860	4849	name-verified	wooden trash
4861	4850	name-verified	statue of the snake god
4862	4851	name-verified	smashed stone head
4863	4852	name-verified	ectoplasm container
4864	131	name-verified	ectoplasm container
4865	4863	name-verified	butterfly conservation kit
4866	4864	name-verified	butterfly conservation kit
4867	4865	name-verified	butterfly conservation kit
4868	4866	name-verified	butterfly conservation kit
4869	4867	name-verified	botanist's container
4870	4868	name-verified	botanist's container
4871	4869	name-verified	botanist's container
4872	4870	name-verified	botanist's container
4873	4871	name-verified	explorer brooch
4874	4845	name-verified	dwarven pickaxe
4875	5676	name-verified	hydra's nest
4876	4874	name-verified	swamp
4877	4875	otb-only	mould
4878	4876	name-verified	swamp
4879	4877	name-verified	swamp
4880	4878	name-verified	swamp
4881	4879	name-verified	swamp
4882	4880	otb-only	waterway
4883	4881	name-verified	ship
4884	4882	name-verified	ship
4885	4883	name-verified	ship
4886	4884	name-verified	ship
4887	4885	name-verified	ship
4888	4886	name-verified	ship
4889	4887	name-verified	ship
4890	4888	name-verified	ship
4891	4889	name-verified	ship
4892	4890	name-verified	ship
4893	4891	name-verified	ship
4894	4892	name-verified	ship
4895	4893	name-verified	ship
4896	4894	name-verified	ship
4897	4895	name-verified	ship
4898	4896	name-verified	ship
4899	4897	name-verified	ship
4900	4898	name-verified	ship
4901	4899	name-verified	ship
4902	4900	name-verified	ship
4903	4901	name-verified	ship
4904	4902	name-verified	ship
4905	4903	name-verified	ship
4906	4904	name-verified	ship cabin wall
4907	4905	name-verified	ship cabin wall
4908	4906	name-verified	ship cabin wall
4909	4907	name-verified	ship cabin wall
4910	4908	name-verified	ship cabin wall
4911	4909	name-verified	ship rail
4912	4910	name-verified	ship cabin wall
4913	4913	name-verified	closed door
4914	5006	name-verified	closed door
4915	4914	name-verified	open door
4916	4912	name-verified	closed door
4917	5007	name-verified	closed door
4918	4911	name-verified	open door
4919	4917	name-verified	ship railing
4920	4918	name-verified	ship rail
4921	4919	name-verified	ship cabin wall
4922	4920	name-verified	ship railing
4923	4921	name-verified	ship railing
4924	4922	name-verified	ship railing
4925	4923	name-verified	ship railing
4926	4924	name-verified	ship railing
4927	4925	name-verified	ship railing
4928	4926	name-verified	ship railing
4929	4927	name-verified	ship railing
4930	4928	name-verified	ship railing
4931	4929	name-verified	ship railing
4932	4930	name-verified	ship railing
4933	4931	name-verified	ship railing
4934	4932	name-verified	ship railing
4935	4933	name-verified	ship railing
4936	4934	name-verified	ship railing
4937	4935	name-verified	ship railing
4938	4936	name-verified	ship railing
4939	4937	name-verified	ship railing
4940	4938	name-verified	ship railing
4941	4939	name-verified	ship railing
4942	4940	name-verified	mast
4943	4941	name-verified	mast
4944	4942	name-verified	mast
4945	4943	name-verified	mast
4946	4944	name-verified	mast
4947	4946	name-verified	mast
4948	4947	name-verified	mast
4949	4948	name-verified	mast
4950	4949	name-verified	mast
4951	4950	name-verified	mast
4952	4951	name-verified	mast
4953	4952	name-verified	mast
4954	4953	name-verified	sail
4955	4954	name-verified	sail
4956	4955	name-verified	sail
4957	4956	name-verified	sail
4958	4957	name-verified	sail
4959	4958	name-verified	sail
4960	4959	name-verified	sail
4961	4960	name-verified	sail
4962	4961	name-verified	steering wheel
4963	4962	name-verified	steering wheel
4964	4963	name-verified	steering wheel
4965	4964	name-verified	steering wheel
4966	4965	name-verified	rudder blade
4967	4966	name-verified	rudder blade
4968	4967	name-verified	rudder blade
4969	4968	name-verified	rudder blade
4970	4969	name-verified	rudder blade
4971	4970	name-verified	rudder blade
4972	4971	name-verified	ventilation grille
4973	4972	name-verified	bollard
4974	4973	name-verified	anchor
4975	4974	otb-only	figurehead
4976	4975	otb-only	figurehead
4977	4976	name-verified	anchor
4978	4977	name-verified	hawser
4979	4978	name-verified	hawser
4980	4979	name-verified	hawser
4981	4980	name-verified	hawser
4982	4981	name-verified	hawser
4983	4982	name-verified	hawser
4984	4983	name-verified	hawser
4985	4984	name-verified	hawser
4986	4985	name-verified	hawser
4987	4986	name-verified	hawser
4988	4987	name-verified	cleat
4989	4988	otb-only	hawser
4990	4989	name-verified	white flag
4991	4990	name-verified	pirate flag
4992	4991	name-verified	dead butterfly
4993	4992	name-verified	dead butterfly
4994	4993	name-verified	dead butterfly
4995	4994	otb-only	some sharp icicles
4996	4995	name-verified	canopic jar
4997	4996	name-verified	remains of a canopic jar
4998	4997	name-verified	hawser
4999	4998	name-verified	hawser
5000	4999	name-verified	hawser
5001	5000	name-verified	hawser
5002	5001	name-verified	ship railing
5003	5002	name-verified	ship cabin wall
5004	5003	name-verified	ship cabin wall
5005	5004	name-verified	ship cabin wall
5006	5005	name-verified	ship cabin wall
5007	4915	name-verified	ship cabin wall
5008	4916	name-verified	ship cabin wall
5009	5008	otb-only	sandstone wall
5010	5009	name-verified	white stone wall
5011	5010	name-verified	white stone wall
5012	5011	name-verified	lava wall
5013	5012	name-verified	lava wall
5014	5013	name-verified	dead butterfly
5015	5014	name-verified	mandrake
5016	5015	name-verified	skull
5017	5016	name-verified	skull
5018	5017	name-verified	some skulls
5019	5018	name-verified	some skulls
5020	5019	name-verified	burning skull
5021	5020	name-verified	burning skull
5022	5021	name-verified	orichalcum pearl
5023	5022	name-verified	magic forcefield
5024	5023	name-verified	magic forcefield
5025	2117	name-verified	bamboo lamp
5026	2117	name-verified	bamboo lamp
5027	2117	name-verified	bamboo lamp
5028	2117	name-verified	bamboo lamp
5029	2117	name-verified	bamboo lamp
5030	2117	name-verified	bamboo lamp
5031	2117	name-verified	bamboo lamp
5032	2117	name-verified	bamboo lamp
5033	2117	name-verified	bamboo lamp
5034	2117	name-verified	bamboo lamp
5035	2117	name-verified	bamboo lamp
5036	2117	name-verified	bamboo lamp
5037	2117	name-verified	bamboo lamp
5038	2117	name-verified	bamboo lamp
5039	2117	name-verified	bamboo lamp
5040	2117	name-verified	bamboo lamp
5041	2117	name-verified	bamboo lamp
5042	2117	name-verified	bamboo lamp
5043	2117	name-verified	bamboo lamp
5044	2117	name-verified	bamboo lamp
5045	5045	name-verified	flat roof
5046	5046	name-verified	monkey statue
5047	5047	name-verified	flat roof
5048	5048	name-verified	flat roof
5049	5049	name-verified	flat roof
5050	5050	name-verified	flat roof
5051	5051	name-verified	flat roof
5052	5052	name-verified	flat roof
5053	5053	name-verified	flat roof
5054	5054	name-verified	flat roof
5055	5055	name-verified	monkey statue
5056	5056	name-verified	monkey statue
5057	5057	name-verified	small snake head
5058	5058	name-verified	small snake head
5059	5059	name-verified	small snake head
5060	5060	name-verified	small snake head
5061	5061	name-verified	burning wall
5062	5062	name-verified	burning wall
5063	5063	name-verified	burning wall
5064	5064	name-verified	burning wall
5065	232	name-verified	burning wall
5066	5066	name-verified	burning wall
5067	5067	name-verified	burning wall
5068	5068	name-verified	electric sparks
5069	5069	name-verified	electric sparks
5070	5070	name-verified	electric sparks
5071	5071	name-verified	energy fence
5072	5072	name-verified	energy fence
5073	5073	name-verified	energy fence
5074	5074	name-verified	lava fountain
5075	5075	name-verified	lava fountain
5076	5076	name-verified	stony pond
5077	5077	name-verified	stony pond
5078	5078	name-verified	stony pond
5079	5079	name-verified	stony pond
5080	5080	name-verified	panda teddy
5081	5081	otb-only	ladder
5082	5082	name-verified	closed door
5083	5083	name-verified	open door
5084	5084	name-verified	closed door
5085	5085	name-verified	open door
5086	5086	name-verified	monkey statue 'see' kit
5087	5087	name-verified	monkey statue 'hear' kit
5088	5088	name-verified	monkey statue 'speak' kit
5089	5089	name-verified	butterfly conservation kit
5091	5090	name-verified	treasure map
5092	5091	name-verified	banana tree
5093	5092	name-verified	banana tree
5094	5093	name-verified	banana tree
5095	5094	name-verified	banana tree
5096	5095	name-verified	coconut palm
5097	5096	name-verified	mango
5098	5097	name-verified	closed door
5099	5098	name-verified	closed door
5100	5099	name-verified	open door
5101	5100	name-verified	closed door
5102	5101	name-verified	open door
5103	5102	name-verified	gate of expertise
5104	5103	name-verified	gate of expertise
5105	5104	name-verified	closed door
5106	5105	name-verified	open door
5107	5106	name-verified	closed door
5108	5107	name-verified	closed door
5109	5108	name-verified	open door
5110	5109	name-verified	closed door
5111	5110	name-verified	open door
5112	5111	name-verified	gate of expertise
5113	5112	name-verified	gate of expertise
5114	5113	name-verified	closed door
5115	5114	name-verified	open door
5116	5115	name-verified	closed door
5117	5116	name-verified	closed door
5118	5117	name-verified	open door
5119	5118	name-verified	closed door
5120	5119	name-verified	open door
5121	5120	name-verified	gate of expertise
5122	5121	name-verified	gate of expertise
5123	5122	name-verified	closed door
5124	5123	name-verified	open door
5125	5124	name-verified	closed door
5126	5125	name-verified	closed door
5127	5126	name-verified	open door
5128	5127	name-verified	closed door
5129	5128	name-verified	open door
5130	5129	name-verified	gate of expertise
5131	5130	name-verified	gate of expertise
5132	5131	name-verified	closed door
5133	5132	name-verified	open door
5134	5133	name-verified	closed door
5135	5134	name-verified	closed door
5136	5135	name-verified	open door
5137	5136	name-verified	closed door
5138	5137	name-verified	closed door
5139	5138	name-verified	open door
5140	5139	name-verified	closed door
5141	5140	name-verified	closed door
5142	5141	name-verified	open door
5143	5142	name-verified	closed door
5144	5143	name-verified	closed door
5145	5144	name-verified	open door
5146	5145	name-verified	framework wall
5147	5146	name-verified	framework wall
5148	5147	name-verified	framework wall
5149	5148	name-verified	framework wall
5150	5149	name-verified	framework wall
5151	5150	name-verified	framework wall
5152	5151	name-verified	framework wall
5153	5152	name-verified	framework wall
5154	5153	name-verified	framework wall
5155	5154	name-verified	framework wall
5156	5155	name-verified	mango tree
5157	5156	name-verified	mango tree
5158	5157	name-verified	striped marquee
5159	5158	name-verified	striped marquee
5160	5159	name-verified	striped marquee
5161	5160	name-verified	striped marquee
5162	5161	name-verified	striped marquee
5163	5162	name-verified	striped marquee
5164	5163	name-verified	striped marquee
5165	5164	name-verified	striped marquee
5166	5165	name-verified	striped marquee
5167	5166	name-verified	striped marquee
5168	5167	name-verified	striped marquee
5169	5168	name-verified	striped marquee
5170	5169	name-verified	striped marquee
5171	5170	name-verified	striped marquee
5172	5171	name-verified	striped marquee
5173	5172	name-verified	striped marquee
5174	5173	name-verified	striped marquee
5175	5174	name-verified	striped marquee
5176	5175	name-verified	striped marquee
5177	5176	name-verified	striped marquee
5178	5177	name-verified	striped marquee
5179	5178	name-verified	striped marquee
5180	5179	name-verified	striped marquee
5181	5180	name-verified	striped marquee
5182	5181	name-verified	striped marquee
5183	5182	name-verified	striped marquee
5184	5183	name-verified	striped marquee
5185	5184	name-verified	striped marquee
5186	5185	name-verified	striped marquee
5187	5186	name-verified	striped marquee
5188	5187	name-verified	striped marquee
5189	5188	name-verified	striped marquee
5190	5189	name-verified	striped marquee
5191	5190	name-verified	striped marquee
5192	5191	name-verified	striped marquee
5193	5192	name-verified	striped marquee
5194	5193	name-verified	striped marquee
5195	5194	name-verified	striped marquee
5196	5195	name-verified	striped marquee
5197	5196	name-verified	striped marquee
5198	5197	name-verified	striped marquee
5199	5198	name-verified	striped marquee
5200	5199	name-verified	striped marquee
5201	5200	name-verified	striped marquee
5202	5201	name-verified	striped marquee
5203	5202	name-verified	striped marquee
5204	5203	name-verified	striped marquee
5205	5204	name-verified	striped marquee
5206	5205	name-verified	marquee
5207	5206	name-verified	marquee
5208	5207	name-verified	marquee
5209	5208	name-verified	marquee
5210	5209	name-verified	marquee
5211	5210	name-verified	marquee
5212	5211	name-verified	marquee
5213	5212	name-verified	marquee
5214	5213	name-verified	marquee
5215	5214	name-verified	marquee
5216	5215	name-verified	marquee
5217	5216	name-verified	marquee
5218	5217	name-verified	marquee
5219	5218	name-verified	marquee
5220	5219	name-verified	marquee
5221	5220	name-verified	marquee
5222	5221	name-verified	marquee
5223	5222	name-verified	marquee
5224	5223	name-verified	marquee
5225	5224	name-verified	marquee
5226	5225	name-verified	marquee
5227	5226	name-verified	marquee
5228	5227	name-verified	marquee
5229	5228	name-verified	marquee
5230	5229	name-verified	marquee
5231	5230	name-verified	marquee
5232	5231	name-verified	marquee
5233	5232	name-verified	marquee
5234	5233	name-verified	marquee
5235	5234	name-verified	marquee
5236	5235	name-verified	marquee
5237	5236	name-verified	marquee
5238	5237	name-verified	marquee
5239	5238	name-verified	marquee
5240	5239	name-verified	marquee
5241	5240	name-verified	marquee
5242	5241	name-verified	marquee
5243	5242	name-verified	marquee
5244	5243	name-verified	marquee
5245	5244	name-verified	marquee
5246	5245	name-verified	marquee
5247	5246	name-verified	marquee
5248	5247	name-verified	marquee
5249	5248	name-verified	marquee
5250	5249	name-verified	marquee
5251	5250	name-verified	marquee
5252	5251	name-verified	marquee
5253	5252	name-verified	marquee
5254	5253	name-verified	wooden railing
5255	5254	name-verified	wooden railing
5256	5255	name-verified	stone wall window
5257	5256	name-verified	stone wall window
5258	5257	name-verified	stairs
5259	5258	name-verified	stairs
5260	5259	name-verified	stairs
5261	5260	name-verified	wooden wall
5262	5261	name-verified	wooden wall
5263	5262	name-verified	wooden wall
5264	5263	name-verified	wooden wall
5265	5264	name-verified	wooden wall
5266	5265	name-verified	wooden wall
5267	5266	name-verified	wooden wall
5268	5267	name-verified	wooden wall
5269	5268	name-verified	wooden wall
5270	5269	name-verified	wooden wall
5271	5270	name-verified	wooden wall
5272	5271	name-verified	wooden wall
5273	5272	name-verified	wooden wall
5274	5273	name-verified	wooden wall
5275	5274	name-verified	wooden wall
5276	5275	otb-only	wooden wall window
5277	5276	name-verified	wooden window
5278	5277	name-verified	closed door
5279	5278	name-verified	closed door
5280	5279	name-verified	open door
5281	5280	name-verified	closed door
5282	5281	name-verified	closed door
5283	5282	name-verified	open door
5284	5283	name-verified	closed door
5285	5284	name-verified	open door
5286	5285	name-verified	closed door
5287	5286	name-verified	open door
5288	5287	name-verified	closed door
5289	5288	name-verified	open door
5290	5289	name-verified	closed door
5291	5290	name-verified	open door
5292	5291	name-verified	gate of expertise
5293	5292	name-verified	gate of expertise
5294	5293	name-verified	gate of expertise
5295	5294	name-verified	gate of expertise
5296	5295	name-verified	wooden plank
5297	5296	name-verified	wooden planks
5298	5297	name-verified	wooden plank
5299	5298	name-verified	wooden planks
5300	5299	name-verified	wooden plank
5301	5300	name-verified	wooden plank
5302	5301	name-verified	wooden planks
5303	5302	name-verified	white stone wall window
5304	5303	name-verified	white stone wall window
5305	5304	name-verified	white stone railing
5306	5305	name-verified	white stone railing
5307	5306	name-verified	white stone railing
5308	5307	name-verified	white stone pillar
5309	5308	name-verified	white stone railing
5310	5309	name-verified	white stone railing
5311	5310	name-verified	white stone railing
5312	5311	name-verified	white stone railing
5313	5312	name-verified	white stone railing
5314	5313	name-verified	white stone railing
5315	5314	name-verified	wooden railing
5316	5315	name-verified	wooden railing
5317	5316	name-verified	wooden railing
5318	5317	name-verified	wooden railing
5319	5318	name-verified	wooden railing
5320	5319	name-verified	wooden railing
5321	5320	name-verified	wooden column
5322	5321	name-verified	wooden column
5323	5322	name-verified	wooden column
5324	5323	name-verified	wooden column
5325	5324	name-verified	wooden column
5326	5325	name-verified	wooden column
5327	5326	name-verified	wooden column
5328	5327	name-verified	wooden column
5329	5328	name-verified	wooden column
5330	5329	name-verified	wooden column
5331	5330	name-verified	wooden column
5332	5331	name-verified	sign
5333	5332	name-verified	sign
5334	5333	name-verified	sign
5335	5334	name-verified	sign
5336	5335	name-verified	sign
5337	5336	name-verified	sign
5338	5337	name-verified	sign
5339	5338	name-verified	sign
5340	5339	name-verified	sign
5341	5340	name-verified	sign
5342	5341	name-verified	sign
5343	5342	name-verified	sign
5344	5343	name-verified	sign
5345	5344	name-verified	sign
5346	5345	name-verified	sign
5347	5346	name-verified	sign
5348	5347	name-verified	sign
5349	5348	name-verified	sign
5350	5349	name-verified	sign
5351	5350	name-verified	sign
5352	5351	name-verified	sign
5353	5352	name-verified	sign
5354	5353	name-verified	sign
5355	5354	name-verified	sign
5356	5355	name-verified	sign
5357	5356	name-verified	sign
5358	5357	name-verified	sign
5359	5358	name-verified	sign
5360	5359	name-verified	sign
5361	5360	name-verified	sign
5362	5361	name-verified	sign
5363	5362	name-verified	sign
5364	5363	name-verified	sign
5365	5364	name-verified	sign
5366	5365	name-verified	sign
5367	5366	name-verified	sign
5368	5367	name-verified	sign
5369	5368	name-verified	sign
5370	5369	name-verified	sign
5371	5370	name-verified	sign
5372	5371	name-verified	sign
5373	5372	name-verified	sign
5374	5373	name-verified	sign
5375	5374	name-verified	sign
5376	5375	name-verified	sign
5377	5376	name-verified	sign
5378	5377	name-verified	sign
5379	5378	name-verified	sign
5380	5379	name-verified	sign
5381	5380	name-verified	sign
5382	5381	name-verified	sign
5383	5382	name-verified	sign
5384	5383	name-verified	sign
5385	5384	name-verified	sign
5386	5385	name-verified	sign
5387	5386	name-verified	sign
5388	5387	name-verified	sign
5389	5388	name-verified	sign
5390	5389	name-verified	pawpaw tree
5391	5390	name-verified	pawpaw tree
5392	5391	otb-only	dry mangrove
5393	5392	name-verified	mangrove
5394	5393	otb-only	mangrove
5395	5394	name-verified	mangrove
5396	5395	otb-only	mangrove
5397	5396	name-verified	mangrove
5398	5397	otb-only	mangrove
5399	5398	name-verified	mangrove
5400	5399	name-verified	stone wall window
5401	5400	name-verified	stone wall window
5402	2117	name-verified	bamboo lamp
5403	2117	name-verified	bamboo lamp
5404	2117	name-verified	bamboo lamp
5405	9291	name-verified	ocean floor
5406	5405	name-verified	ocean floor
5407	5406	name-verified	ocean floor
5408	5407	name-verified	ocean floor
5409	5408	name-verified	ocean floor
5410	5409	name-verified	ocean floor
5411	5410	name-verified	stone
5412	5411	name-verified	stone
5413	5412	name-verified	coral
5414	5413	name-verified	coral
5415	5414	name-verified	coral
5416	5415	name-verified	coral
5417	5416	name-verified	starfish
5418	5417	name-verified	sea anemone
5419	5418	name-verified	bubbles
5420	5419	name-verified	bubbles
5421	5420	name-verified	kelp
5422	5421	name-verified	coral
5423	5422	name-verified	coral
5424	5423	name-verified	water wheel
5425	5424	name-verified	water wheel
5426	5425	name-verified	old steering wheel
5427	5426	name-verified	ocean floor
5428	5427	name-verified	ocean floor
5429	5428	name-verified	ocean floor
5430	5429	name-verified	ocean floor
5431	5430	name-verified	ocean floor
5432	5431	name-verified	ocean floor
5433	5432	name-verified	ocean floor
5434	5433	name-verified	ocean floor
5435	5434	name-verified	ocean floor
5436	5435	name-verified	ocean floor
5437	5436	name-verified	ocean floor
5438	5437	name-verified	ocean floor
5439	5438	name-verified	old steering wheel
5440	5439	name-verified	old steering wheel
5441	5440	name-verified	old steering wheel
5442	5441	otb-only	wrecked parts
5443	5442	otb-only	wrecked parts
5444	5443	name-verified	rusty anchor
5445	5444	otb-only	broken wood
5446	5445	otb-only	broken wood
5447	5446	otb-only	wrecked parts
5448	5447	otb-only	wrecked parts
5449	5448	otb-only	wrecked parts
5450	5449	name-verified	wrecked ship cabin wall
5451	5450	otb-only	wrecked parts
5452	5451	name-verified	wrecked ship cabin wall
5453	5452	name-verified	wrecked ship cabin wall
5454	5453	otb-only	wrecked ship railing
5455	5454	otb-only	wrecked ship railing
5456	5455	name-verified	wrecked ship hull
5457	5456	name-verified	wrecked ship hull
5458	5457	name-verified	wrecked ship hull
5459	5458	name-verified	wrecked ship hull
5460	5459	otb-only	ruined ventilation grille
5461	5460	name-verified	helmet of the deep
5462	5461	name-verified	pirate boots
5463	5462	name-verified	sugar cane
5464	5463	name-verified	sugar cane
5465	5464	name-verified	burning sugar cane
5466	5465	name-verified	sugar cane
5467	5466	name-verified	bunch of sugar cane
5468	5467	name-verified	fire bug
5469	5468	name-verified	distilling machine
5470	5469	name-verified	distilling machine
5471	5470	otb-only	young sugar cane
5472	5471	name-verified	ball on chains
5473	5472	name-verified	ball on chains
5474	5473	name-verified	iron maiden
5475	5474	name-verified	iron maiden
5476	5475	name-verified	pillory
5477	5476	name-verified	pillory
5478	5477	name-verified	barred window
5479	5478	name-verified	barred window
5480	5479	name-verified	cat's paw
5481	5480	name-verified	shackles
5482	5481	name-verified	shackles
5483	5482	name-verified	wall chains
5484	5483	name-verified	wall chains
5485	5484	name-verified	straw
5486	5485	name-verified	straw
5487	5486	name-verified	straw
5488	5487	name-verified	straw
5489	5488	name-verified	straw
5490	5489	name-verified	straw
5491	5490	name-verified	straw
5492	5491	name-verified	straw
5493	5492	name-verified	straw
5494	5493	name-verified	straw
5495	5494	name-verified	straw
5496	5495	name-verified	straw mat
5497	5496	name-verified	straw mat
5498	5497	name-verified	straw mat
5499	767	name-verified	straw mat
5500	5499	name-verified	straw mat
5501	5500	name-verified	straw mat
5502	5501	name-verified	straw mat
5503	5502	name-verified	straw mat
5504	5503	name-verified	wooden column
5505	5504	name-verified	pulley
5506	5505	name-verified	pulley
5507	5506	name-verified	pulley
5508	5507	name-verified	pulley
5509	5508	name-verified	pulley
5510	5509	name-verified	pulley
5511	5510	name-verified	pulley
5512	5511	name-verified	pulley
5513	5512	name-verified	distilling machine
5514	5513	name-verified	distilling machine
5515	5514	name-verified	closed door
5516	5515	name-verified	open door
5517	5516	name-verified	closed door
5518	5517	name-verified	open door
5519	5518	name-verified	stone wall
5520	5519	name-verified	stone wall
5521	5520	name-verified	wooden railing
5522	5521	name-verified	dead quara pincher
5523	5522	name-verified	dead quara mantassin
5524	5523	name-verified	dead quara constrictor
5525	5524	name-verified	dead quara hydromancer
5526	5525	name-verified	dead quara predator
5527	5526	name-verified	demon dust
5528	5527	name-verified	demon dust
5529	5528	name-verified	dead quara hydromancer
5530	5529	name-verified	dead quara hydromancer
5531	5530	name-verified	dead quara constrictor
5532	5531	name-verified	dead quara constrictor
5533	5532	name-verified	dead quara mantassin
5534	5533	name-verified	dead quara mantassin
5535	5534	name-verified	dead quara predator
5536	5535	name-verified	dead quara predator
5537	5536	name-verified	dead quara pincher
5538	5537	name-verified	dead quara pincher
5539	4848	name-verified	rum cask
5540	5539	name-verified	dead carrion worm
5541	5540	name-verified	dead carrion worm
5542	5541	name-verified	dead carrion worm
5543	5542	name-verified	rope-ladder
5544	5543	name-verified	cart
5545	5544	name-verified	trapdoor
5546	5545	name-verified	cart
5547	5546	name-verified	cart
5548	5547	name-verified	cart
5549	5548	name-verified	pile of sugar cane
5550	5549	name-verified	pile of sugar cane
5551	5550	name-verified	pile of sugar cane
5552	5551	name-verified	pile of sugar cane
5553	5552	name-verified	rum flask
5554	5553	name-verified	small fish
5555	5554	name-verified	straw
5556	5555	name-verified	straw
5557	5556	name-verified	mossy wall
5558	5557	name-verified	mossy wall
5559	5558	name-verified	mossy wall
5560	5559	name-verified	mossy wall
5561	5560	name-verified	small branches
5562	5561	name-verified	small branches
5563	5562	name-verified	slimy wall
5564	5563	name-verified	slimy wall
5565	5564	name-verified	slain pirate skeleton
5566	5565	name-verified	slain pirate ghost
5567	5566	name-verified	slain pirate ghost
5568	5567	name-verified	slain pirate ghost
5569	5568	name-verified	blue carpet
5570	5569	name-verified	blue carpet
5571	5570	name-verified	blue carpet
5572	5571	name-verified	blue carpet
5573	5572	name-verified	blue carpet
5574	5573	name-verified	blue carpet
5575	5574	name-verified	blue carpet
5576	5575	name-verified	blue carpet
5577	5576	name-verified	blue carpet
5578	5577	name-verified	green carpet
5579	5578	name-verified	green carpet
5580	5579	name-verified	green carpet
5581	5580	name-verified	green carpet
5582	5581	name-verified	green carpet
5583	5582	name-verified	green carpet
5584	5583	name-verified	green carpet
5585	5584	name-verified	green carpet
5586	5585	name-verified	green carpet
5587	5586	name-verified	brown carpet
5588	5587	name-verified	brown carpet
5589	5588	name-verified	brown carpet
5590	5589	name-verified	brown carpet
5591	5590	name-verified	brown carpet
5592	5591	name-verified	brown carpet
5593	5592	name-verified	brown carpet
5594	5593	name-verified	brown carpet
5595	5594	name-verified	brown carpet
5596	5595	name-verified	crossed weapons
5597	5596	name-verified	crossed weapons
5598	5597	name-verified	catapult
5599	5598	name-verified	catapult
5600	5599	name-verified	catapult
5601	5600	name-verified	catapult
5602	5601	name-verified	catapult
5603	5602	name-verified	catapult
5604	5603	name-verified	catapult
5605	5604	name-verified	catapult
5606	5605	name-verified	catapult
5607	5606	name-verified	catapult
5608	5607	name-verified	catapult
5609	5608	name-verified	catapult
5610	5609	name-verified	catapult
5611	5610	name-verified	catapult
5612	5611	name-verified	catapult
5613	5612	name-verified	catapult
5614	5613	name-verified	pirate flag
5615	5614	name-verified	pirate flag
5616	5615	name-verified	pirate tapestry
5617	5616	name-verified	pirate flag
5618	5617	name-verified	pirate flag
5619	5618	name-verified	rubble
5620	5619	name-verified	rubble
5621	5620	name-verified	rubble
5622	5621	name-verified	rubble
5623	5622	name-verified	rubble
5624	5623	name-verified	rubble
5625	5624	name-verified	dead tortoise
5626	5625	name-verified	dead tortoise
5627	5626	name-verified	dead tortoise
5628	5627	otb-only	dead tortoise
5629	5628	otb-only	dead tortoise
5630	5629	name-verified	dead tortoise
5631	5630	name-verified	dirt wall
5632	5631	name-verified	dirt wall
5633	5632	name-verified	dirt wall
5634	5633	name-verified	dirt wall
5635	5634	name-verified	dirt wall
5636	5635	name-verified	dirt wall
5637	5636	name-verified	dirt wall
5638	5637	name-verified	dirt wall
5639	5638	name-verified	stone wall
5640	5639	name-verified	stone wall
5641	5640	name-verified	stone wall
5642	5641	name-verified	stone wall
5643	5642	name-verified	stone wall
5644	5643	name-verified	stone wall
5645	5644	name-verified	stone wall
5646	5645	name-verified	stone wall
5647	5646	name-verified	dirt wall
5648	5647	name-verified	stone wall
5649	5648	name-verified	dirt wall
5650	5649	name-verified	dirt wall
5651	5650	name-verified	dirt wall
5652	5651	name-verified	stone wall
5653	5652	name-verified	stone wall
5654	5653	name-verified	stone wall
5655	5654	name-verified	map
5656	5655	name-verified	map
5657	5656	name-verified	map
5658	5657	name-verified	map
5659	5658	name-verified	blooming griffinclaw
5660	5659	name-verified	water trickle
5661	5660	name-verified	water trickle
5662	5661	name-verified	water trickle
5663	5662	name-verified	water trickle
5664	5663	name-verified	water trickle
5665	5664	name-verified	water trickle
5666	5665	name-verified	dead mammoth
5667	5666	name-verified	dead mammoth
5668	5667	name-verified	dead mammoth
5669	5668	name-verified	mysterious voodoo skull
5670	5669	name-verified	enigmatic voodoo skull
5671	5670	name-verified	pirate statue
5672	5671	name-verified	pirate statue
5673	5672	name-verified	pirate statue
5674	5673	name-verified	pirate statue
5675	5674	name-verified	treasure chest
5676	5675	name-verified	treasure chest
5677	5677	name-verified	tortoise's nest
5678	5678	name-verified	tortoise egg
5679	5679	name-verified	shell
5680	5680	name-verified	spiral shell
5681	5681	otb-only	some broken shells
5682	5682	name-verified	piece of a shell
5683	5683	otb-only	stone wall
5684	5684	name-verified	stone wall
5685	5685	name-verified	dirt wall
5686	5686	otb-only	dirt wall
5687	5687	otb-only	griffinclaw
5688	5688	name-verified	dead blood crab
5689	5689	name-verified	dead blood crab
5690	5690	name-verified	dead blood crab
5691	5691	otb-only	stairs
5692	5692	name-verified	ballista
5693	5693	name-verified	ballista
5694	5694	name-verified	ballista
5695	5695	name-verified	ballista
5696	5696	name-verified	ballista
5697	5697	name-verified	ballista
5698	5698	name-verified	ballista
5699	5699	name-verified	ballista
5700	5700	name-verified	ballista
5701	5701	name-verified	ballista
5702	5702	name-verified	ballista
5703	5703	name-verified	ballista
5704	5704	name-verified	shark fin
5705	5705	name-verified	shark fin
5706	5090	name-verified	treasure map
5707	5707	name-verified	rubble
5708	5708	name-verified	rubble
5709	5709	name-verified	rubble
5710	5710	name-verified	light shovel
5711	5711	name-verified	earth
5712	5712	name-verified	earth
5713	5713	name-verified	earth
5714	5714	name-verified	earth
5715	5715	name-verified	earth
5716	5716	name-verified	earth
5717	5717	name-verified	earth
5718	5718	name-verified	earth
5719	5719	name-verified	earth
5720	5720	name-verified	earth
5721	5721	name-verified	earth
5722	5722	name-verified	earth
5723	5723	name-verified	earth
5724	5724	name-verified	earth
5725	5725	name-verified	earth
5726	5726	name-verified	earth
5727	5727	name-verified	dead seagull
5728	5728	name-verified	dead seagull
5729	5729	name-verified	dead seagull
5731	5731	name-verified	hole
5732	5732	name-verified	closed door
5733	5733	name-verified	closed door
5734	5734	name-verified	open door
5735	5735	name-verified	closed door
5736	5736	name-verified	closed door
5737	5737	name-verified	open door
5738	5738	name-verified	shark fin
5739	5739	name-verified	antic well
5740	5740	name-verified	antic well
5741	5741	name-verified	skull helmet
5743	5743	otb-only	sunken ship
5744	5744	otb-only	sunken ship
5745	5745	name-verified	closed door
5746	5746	name-verified	open door
5747	5747	name-verified	earth pile
5748	5749	name-verified	closed door
5749	5748	name-verified	open door
5750	5750	name-verified	earth pile
5751	5751	name-verified	earth pile
5752	5752	name-verified	earth pile
5753	5753	name-verified	earth pile
5754	5754	name-verified	earth pile
5755	5755	name-verified	turtle
5756	5756	name-verified	turtle
5757	5757	name-verified	turtle
5758	5758	name-verified	turtle
5759	5759	name-verified	turtle
5760	5760	name-verified	turtle
5761	5761	name-verified	turtle
5762	5762	name-verified	dead quara constrictor
5763	5763	otb-only	opening
5764	5764	otb-only	intact ventilation grille
5765	5765	name-verified	dead toad
5766	5766	name-verified	dead toad
5767	5767	name-verified	dead toad
5768	5768	name-verified	drawbridge
5769	5769	name-verified	drawbridge
5770	5770	name-verified	drawbridge
5771	5771	name-verified	metal fittings
5772	5772	name-verified	metal fittings
5773	5773	name-verified	metal fittings
5774	5774	name-verified	metal fittings
5777	5777	name-verified	target board
5778	5778	name-verified	target board
5779	5779	name-verified	stuck arrow
5780	5780	name-verified	stuck arrow
5781	5781	name-verified	stuck arrow
5782	5782	name-verified	stuck arrow
5783	5783	name-verified	stuck arrow
5784	5784	name-verified	stuck arrow
5785	5785	name-verified	medal of honour
5786	5786	name-verified	wooden whistle
5787	5787	name-verified	training dummy
5788	5788	name-verified	training dummy
5789	5789	name-verified	stuck axe
5790	5790	name-verified	stuck axe
5791	5791	name-verified	stuffed dragon
5792	5792	name-verified	die
5793	5793	name-verified	die
5794	5794	name-verified	die
5795	5795	name-verified	die
5796	5796	name-verified	die
5797	5797	name-verified	die
5798	8156	name-verified	abacus
5799	5799	name-verified	golden figurine
5800	5800	name-verified	grappling hook
5801	5801	name-verified	jewelled backpack
5802	5802	name-verified	message in a bottle
5803	5803	name-verified	arbalest
5804	5804	name-verified	nose ring
5805	5805	name-verified	golden goblet
5806	5806	name-verified	silver goblet
5807	5807	name-verified	bronze goblet
5808	5808	name-verified	orshabaal's brain
5809	5809	name-verified	soul stone
5810	5810	name-verified	pirate voodoo doll
5811	5811	name-verified	mermaid
5812	5812	name-verified	skull candle
5813	5813	name-verified	skull candle
5814	5814	name-verified	small lava cracks
5815	5815	name-verified	small lava cracks
5816	5816	name-verified	small lava cracks
5817	5817	name-verified	small lava cracks
5818	5818	name-verified	small lava cracks
5819	5819	name-verified	small lava cracks
5820	5820	name-verified	small lava cracks
5821	5821	name-verified	small lava cracks
5822	5822	name-verified	small lava cracks
5823	5823	name-verified	small lava cracks
5824	5824	name-verified	small lava cracks
5825	5825	name-verified	small lava cracks
5826	5826	name-verified	small lava cracks
5827	5827	name-verified	small lava cracks
5828	5828	otb-only	lava
5829	5829	otb-only	lava
5830	5830	otb-only	lava
5831	5831	otb-only	lava
5832	5832	otb-only	lava
5833	5833	otb-only	lava
5834	5834	otb-only	lava
5835	5835	otb-only	lava
5836	5836	otb-only	lava
5837	5837	otb-only	lava
5838	5838	otb-only	lava
5839	5839	otb-only	lava
5840	5840	name-verified	small lava cracks
5841	5841	name-verified	small lava cracks
5842	5842	name-verified	small lava cracks
5843	5843	name-verified	small lava cracks
5844	5844	name-verified	small lava cracks
5845	5845	name-verified	small lava cracks
5846	5846	name-verified	small lava cracks
5847	5847	name-verified	small lava cracks
5848	5848	name-verified	small lava cracks
5849	5849	name-verified	small lava cracks
5850	5850	name-verified	small lava cracks
5851	5851	name-verified	small lava cracks
5852	5852	name-verified	weapon rack
5853	5853	name-verified	weapon rack
5854	5854	name-verified	lance
5855	5855	name-verified	lance
5856	5856	name-verified	sword
5857	5857	name-verified	sword
5858	5858	name-verified	scimitar
5859	5859	name-verified	scimitar
5860	5860	otb-only	armor rack
5861	5861	otb-only	armor rack
5862	5862	name-verified	armor
5863	5863	name-verified	armor
5865	5865	name-verified	juice squeezer
5866	5866	otb-only	earth pile
5867	5867	otb-only	earth pile
5868	5868	otb-only	earth pile
5869	5869	name-verified	poison trickle
5870	5870	name-verified	poison trickle
5871	5871	name-verified	poison trickle
5872	5872	name-verified	poison trickle
5873	5873	name-verified	poison trickle
5874	5874	name-verified	poison trickle
5875	5875	name-verified	sniper gloves
5876	5876	name-verified	lizard leather
5877	5877	name-verified	green dragon leather
5878	5878	name-verified	minotaur leather
5879	5879	name-verified	spider silk
5880	5880	name-verified	iron ore
5881	5881	name-verified	lizard scale
5882	5882	name-verified	red dragon scale
5883	5883	name-verified	ape fur
5884	5884	name-verified	spirit container
5885	5885	name-verified	flask of warrior's sweat
5886	5886	name-verified	spool of yarn
5887	5887	name-verified	piece of royal steel
5888	5888	name-verified	piece of hell steel
5889	5889	name-verified	piece of draconian steel
5890	5890	name-verified	chicken feather
5891	5891	name-verified	enchanted chicken wing
5892	5892	name-verified	huge chunk of crude iron
5893	5893	name-verified	perfect behemoth fang
5894	5894	name-verified	bat wing
5895	5895	name-verified	fish fin
5896	5896	name-verified	bear paw
5897	5897	name-verified	wolf paw
5898	5898	name-verified	bonelord eye
5899	5899	name-verified	turtle shell
5900	5900	name-verified	dwarven beard
5901	5901	name-verified	wood
5902	5902	name-verified	honeycomb
5903	5903	name-verified	ferumbras' hat
5904	5904	name-verified	magic sulphur
5905	5905	name-verified	vampire dust
5906	5906	name-verified	demon dust
5907	5907	name-verified	slingshot
5908	5908	name-verified	obsidian knife
5909	5909	name-verified	white piece of cloth
5910	5910	name-verified	green piece of cloth
5911	5911	name-verified	red piece of cloth
5912	5912	name-verified	blue piece of cloth
5913	5913	name-verified	brown piece of cloth
5914	5914	name-verified	yellow piece of cloth
5915	5915	name-verified	large throne
5916	5916	name-verified	large throne
5917	5917	name-verified	bandana
5918	5918	name-verified	pirate knee breeches
5919	5919	name-verified	dragon claw
5920	5920	name-verified	green dragon scale
5921	5921	name-verified	heaven blossom
5922	5922	name-verified	holy orchid
5924	3351	otb-only	damaged steel helmet
5925	5925	name-verified	hardened bone
5926	5926	name-verified	pirate backpack
5927	5927	name-verified	pirate bag
5928	5928	name-verified	empty goldfish bowl
5929	5929	name-verified	goldfish bowl
5930	5930	name-verified	behemoth claw
5931	5931	name-verified	remains of ferumbras
5932	5932	name-verified	remains of ferumbras
5933	5933	name-verified	remains of ferumbras
5934	5934	name-verified	dead frog
5935	5935	name-verified	dead frog
5936	5936	name-verified	dead frog
5937	5937	name-verified	griffinclaw container
5938	5938	name-verified	ceiron's waterskin
5939	5939	name-verified	ceiron's waterskin
5940	5940	otb-only	ceiron's wolf tooth chain
5941	5941	name-verified	wooden stake
5942	5942	name-verified	blessed wooden stake
5943	5943	name-verified	morgaroth's heart
5944	5944	name-verified	soul orb
5945	5945	name-verified	coral comb
5946	5946	name-verified	comb
5947	5947	name-verified	elane's crossbow
5948	5948	name-verified	red dragon leather
5949	5949	name-verified	beach backpack
5950	5950	name-verified	beach bag
5951	5951	name-verified	fish tail
5952	5952	name-verified	poem scroll
5953	5953	name-verified	raven herb
5954	5954	name-verified	demon horn
5956	4831	name-verified	old parchment
5957	5957	name-verified	lottery ticket
5958	5958	name-verified	winning lottery ticket
5960	5960	name-verified	dead troll
5961	5961	name-verified	dead spider
5962	5962	name-verified	dead cyclops
5963	5963	name-verified	slain skeleton
5964	5964	name-verified	dead rat
5965	5965	name-verified	dead human
5966	5966	name-verified	dead orc
5967	5967	name-verified	dead rotworm
5968	5968	name-verified	dead wolf
5969	5969	name-verified	dead minotaur
5970	5970	name-verified	dead deer
5971	5971	name-verified	dead dog
5972	5972	name-verified	slain skeleton
5973	5973	name-verified	dead dragon
5974	5974	name-verified	dead spider
5975	5975	name-verified	dead bear
5976	5976	name-verified	slain ghoul
5977	5977	name-verified	dead giant spider
5978	5978	name-verified	dead orc
5979	5979	name-verified	dead orc
5980	5980	name-verified	dead orc
5981	5981	name-verified	dead minotaur
5982	5982	name-verified	dead minotaur
5983	5983	name-verified	dead minotaur
5984	5984	name-verified	dead dragon
5985	5985	name-verified	dead fire devil
5986	5986	name-verified	dead lion
5987	5987	name-verified	dead bear
5988	5988	name-verified	dead scorpion
5989	5989	name-verified	dead wasp
5990	5990	name-verified	dead bug
5991	5991	name-verified	dead sheep
5992	5992	name-verified	dead bonelord
5993	5993	name-verified	remains of a ghost
5994	5994	name-verified	dead sheep
5995	5995	name-verified	slain demon
5996	5996	name-verified	dead orc
5997	5997	name-verified	dead wolf
5998	5998	name-verified	dead troll
5999	5999	name-verified	dead behemoth
6000	6000	name-verified	dead pig
6001	6001	name-verified	dead orc
6002	6002	name-verified	dead goblin
6003	6003	name-verified	dead elf
6004	6004	name-verified	remains of a mummy
6005	6005	name-verified	split stone golem
6006	6006	name-verified	slain vampire
6007	6007	name-verified	dead dwarf
6008	6008	name-verified	dead orc
6009	6009	name-verified	dead war wolf
6010	6010	otb-only	dead orc and wolf
6011	6011	name-verified	dead elf
6012	6012	name-verified	dead elf
6013	6013	name-verified	dead dwarf
6014	6014	name-verified	dead dwarf
6015	6015	name-verified	dead dwarf
6016	6016	name-verified	dead djinn
6017	6017	name-verified	dead rabbit
6018	6018	otb-only	dead swamp troll
6019	6019	name-verified	slain banshee
6020	6020	name-verified	dead djinn
6021	6021	otb-only	dead scarab
6022	6022	name-verified	dead human
6023	6023	name-verified	dead larva
6024	6024	name-verified	dead scarab
6025	6025	name-verified	dead pharaoh
6026	6026	name-verified	dead hyaena
6027	6027	name-verified	dead gargoyle
6028	6028	name-verified	slain lich
6029	6029	name-verified	slain crypt shambler
6030	6030	name-verified	slain bonebeast
6031	6031	name-verified	dead pharaoh
6032	6032	name-verified	dead efreet
6033	6033	name-verified	dead marid
6034	6034	name-verified	dead badger
6035	6035	name-verified	dead skunk
6036	6036	name-verified	dead gazer
6037	6037	name-verified	dead elder bonelord
6038	6038	name-verified	dead yeti
6039	6039	name-verified	dead crab
6040	6040	name-verified	dead lizard sentinel
6041	6041	name-verified	dead lizard snakecharmer
6042	6042	name-verified	dead chicken
6043	6043	name-verified	dead kongra
6044	6044	name-verified	dead merlkin
6045	6045	name-verified	dead sibang
6046	6046	name-verified	dead crocodile
6047	6047	name-verified	dead carniphila
6048	6048	name-verified	dead hydra
6049	6049	name-verified	dead panda
6050	6050	name-verified	dead centipede
6051	6051	name-verified	dead tiger
6052	6052	name-verified	dead elephant
6053	6053	name-verified	dead bat
6054	6054	name-verified	dead flamingo
6055	6055	name-verified	dead dworc
6056	6056	name-verified	dead parrot
6057	6057	name-verified	dead bird
6058	6058	name-verified	dead dworc
6059	6059	name-verified	dead dworc
6060	6060	name-verified	dead tarantula
6061	6061	name-verified	dead serpent spawn
6062	6062	name-verified	lifeless nettle
6063	6063	name-verified	dead quara pincher
6064	6064	name-verified	dead quara mantassin
6065	6065	name-verified	dead quara constrictor
6066	6066	name-verified	dead quara hydromancer
6067	6067	name-verified	dead quara predator
6068	6068	name-verified	demon dust
6069	6069	name-verified	dead carrion worm
6070	6070	name-verified	slain pirate skeleton
6071	6071	name-verified	slain pirate ghost
6072	6072	name-verified	dead tortoise
6073	6073	name-verified	dead tortoise
6074	6074	name-verified	dead mammoth
6075	6075	name-verified	dead blood crab
6076	6076	name-verified	dead seagull
6077	6077	name-verified	dead toad
6078	6078	name-verified	remains of ferumbras
6079	6079	name-verified	dead frog
6080	111	name-verified	dead human
6081	6081	name-verified	dead human
6082	6082	name-verified	dead human
6083	6083	name-verified	dead human
6084	6084	name-verified	dead human
6085	6085	otb-only	heavy trunk
6086	6086	name-verified	faked label
6087	6087	name-verified	music sheet
6088	6088	name-verified	music sheet
6089	6089	name-verified	music sheet
6090	6090	name-verified	music sheet
6091	6092	name-verified	very noble-looking watch
6092	6091	name-verified	very noble-looking watch
6093	6093	name-verified	crystal ring
6094	6094	name-verified	thread tree
6095	6095	name-verified	pirate shirt
6096	6096	name-verified	pirate hat
6097	6097	name-verified	hook
6098	6098	name-verified	eye patch
6099	6099	name-verified	brutus bloodbeard's hat
6100	6100	name-verified	lethal lissy's shirt
6101	6101	name-verified	ron the ripper's sabre
6102	6102	name-verified	deadeye devious' eye patch
6103	6103	name-verified	unholy book
6104	6104	name-verified	jewel case
6105	2393	otb-only	striker's favourite pillow
6106	6106	name-verified	bottle of whisper beer
6107	6107	name-verified	staff
6108	6108	name-verified	atlas
6109	6109	name-verified	weapon rack
6110	6110	name-verified	weapon rack
6111	6111	name-verified	armor rack
6112	6112	name-verified	armor rack
6113	12204	otb-only	letter to eremo
6114	6114	name-verified	armor rack kit
6115	6115	name-verified	weapon rack kit
6116	6116	name-verified	electric sparks
6117	6117	name-verified	electric sparks
6118	6118	name-verified	treasure map
6119	347	name-verified	scroll
6120	6120	name-verified	dragha's spellbook
6121	6121	name-verified	note pinned on the wall
6122	6122	name-verified	note pinned on the wall
6123	6123	otb-only	strange piano
6124	3121	otb-only	damaged logbook
6125	6125	name-verified	tortoise egg from nargor
6126	6126	name-verified	peg leg
6127	6127	name-verified	ramp
6128	6128	name-verified	ramp
6129	6129	name-verified	ramp
6130	6130	name-verified	ramp
6131	6131	name-verified	tortoise shield
6132	6529	name-verified	pair of soft boots
6133	6132	name-verified	tree wall
6134	6133	name-verified	tree wall
6135	6134	name-verified	tree wall
6136	6135	name-verified	tree wall
6137	6136	name-verified	tree wall
6138	6137	name-verified	tree wall
6139	6138	name-verified	tree wall
6140	6139	name-verified	tree wall
6141	6140	name-verified	tree wall
6142	6141	name-verified	tree wall
6143	6142	name-verified	tree wall
6144	6143	name-verified	tree wall
6145	6144	name-verified	tree wall
6146	6145	name-verified	tree wall
6147	6146	name-verified	tree wall
6148	6147	name-verified	tree wall
6149	6148	name-verified	tree wall
6150	6149	name-verified	tree wall
6151	6150	name-verified	tree wall
6152	6151	name-verified	tree wall
6153	6152	name-verified	tree wall
6154	6153	name-verified	tree wall
6155	6154	name-verified	tree wall
6156	6155	name-verified	tree wall
6157	6156	name-verified	tree wall
6158	6157	name-verified	tree wall
6159	6158	name-verified	tree wall
6160	6159	name-verified	grass roof
6161	6160	name-verified	grass roof
6162	6161	name-verified	grass roof
6163	6162	name-verified	grass roof
6164	6163	name-verified	grass roof
6165	6164	name-verified	grass roof
6166	6165	name-verified	grass roof
6167	6166	name-verified	grass roof
6168	6167	name-verified	grass roof
6169	6168	name-verified	grass roof
6170	6169	name-verified	grass roof
6171	6170	name-verified	grass roof
6172	6171	name-verified	grass roof
6173	6172	otb-only	stairs
6174	6173	otb-only	stairs
6175	6174	name-verified	tree archway
6176	6175	name-verified	tree archway
6177	6176	name-verified	branch
6178	6177	name-verified	tree hole
6179	6178	name-verified	tree hole
6180	6179	name-verified	tree
6181	6180	name-verified	tree
6182	6181	name-verified	large branch
6183	6182	name-verified	large branch
6184	6183	name-verified	large branch
6185	6184	name-verified	large branch
6186	6185	name-verified	large branch
6187	6186	name-verified	large branch
6188	6187	name-verified	large branch
6189	6188	name-verified	large branch
6190	6189	name-verified	branch
6191	6190	name-verified	branch
6192	6191	name-verified	closed door
6193	6192	name-verified	closed door
6194	6193	name-verified	open door
6195	6194	name-verified	closed door
6196	6195	name-verified	closed door
6197	6196	name-verified	open door
6198	6197	name-verified	closed door
6199	6198	name-verified	open door
6200	6199	name-verified	closed door
6201	6200	name-verified	open door
6202	6201	name-verified	closed door
6203	6202	name-verified	open door
6204	6203	name-verified	closed door
6205	6204	name-verified	open door
6206	6205	name-verified	gate of expertise
6207	6206	name-verified	gate of expertise
6208	6207	name-verified	gate of expertise
6209	6208	name-verified	gate of expertise
6210	6209	name-verified	rope bridge
6211	6210	name-verified	rope bridge
6212	6211	name-verified	rope bridge
6213	6212	name-verified	rope bridge
6214	6213	name-verified	rope bridge
6215	6214	name-verified	rope bridge
6216	6215	name-verified	grass
6217	6216	name-verified	grass
6218	6217	name-verified	grass
6219	6218	name-verified	grass
6220	6219	name-verified	twines
6221	6220	name-verified	twines
6222	6221	name-verified	twines
6223	6222	name-verified	twines
6224	6223	name-verified	twines
6225	6224	name-verified	twines
6226	6225	name-verified	flowers
6227	6226	name-verified	flowers
6228	6227	name-verified	flowers
6229	6228	name-verified	flowers
6230	6229	name-verified	flowers
6231	6230	name-verified	flowers
6232	6231	name-verified	tree archway
6233	6232	name-verified	tree archway
6234	6233	otb-only	tendril archway
6235	6234	otb-only	tendril archway
6236	6235	otb-only	tendril archway
6237	6236	otb-only	tendril archway
6238	6237	name-verified	tendril wall
6239	6238	name-verified	tendril wall
6240	6239	name-verified	tendril wall
6241	6240	name-verified	tendril wall
6242	6241	name-verified	tendril wall
6243	6242	name-verified	tendril wall
6244	6243	name-verified	tendril wall
6245	6244	name-verified	tendril wall
6246	6245	name-verified	tendril wall
6247	6246	name-verified	tendril wall
6248	6247	name-verified	tendril wall
6249	6248	name-verified	closed door
6250	6249	name-verified	closed door
6251	6250	name-verified	open door
6252	6251	name-verified	closed door
6253	6252	name-verified	closed door
6254	6253	name-verified	open door
6255	6254	name-verified	closed door
6256	6255	name-verified	open door
6257	6256	name-verified	closed door
6258	6257	name-verified	open door
6259	6258	name-verified	closed door
6260	6259	name-verified	open door
6261	6260	name-verified	closed door
6262	6261	name-verified	open door
6263	6262	name-verified	gate of expertise
6264	6263	name-verified	gate of expertise
6265	6264	name-verified	gate of expertise
6266	6265	name-verified	gate of expertise
6267	6266	otb-only	smashed stone
6268	6267	name-verified	tendrils
6269	6268	name-verified	tendrils
6270	6269	name-verified	tendrils
6271	6270	otb-only	leaves
6272	6271	otb-only	leaves
6273	6272	otb-only	leaves
6274	6273	otb-only	leaves
6275	6274	name-verified	tree archway
6276	6275	otb-only	tendrils
6277	6276	name-verified	lump of cake dough
6278	6277	name-verified	cake
6279	6278	name-verified	cake
6280	6279	name-verified	party cake
6281	6280	name-verified	broken brick wall
6282	6281	name-verified	broken brick wall
6283	6282	name-verified	broken brick wall
6284	6283	name-verified	broken brick wall
6285	6284	name-verified	some cracks
6286	6285	name-verified	some cracks
6289	6288	name-verified	burning wall
6290	6289	name-verified	burning wall
6291	6290	name-verified	some cracks
6292	6291	name-verified	some cracks
6293	6292	name-verified	some cracks
6294	6293	name-verified	some cracks
6295	6294	name-verified	some cracks
6296	6295	name-verified	some cracks
6297	6296	name-verified	some cracks
6298	6297	name-verified	some cracks
6299	6298	name-verified	some cracks
6300	6299	name-verified	death ring
6301	6300	name-verified	death ring
6302	6301	name-verified	dead wyvern
6303	6302	name-verified	dead wyvern
6304	6303	name-verified	dead wyvern
6305	6304	name-verified	dead wyvern
6306	6305	name-verified	slain undead dragon
6307	6306	name-verified	slain undead dragon
6308	6307	name-verified	slain undead dragon
6309	6308	name-verified	slain undead dragon
6310	6309	name-verified	slain lost soul
6311	6310	name-verified	slain lost soul
6312	6311	name-verified	slain hand of cursed fate
6313	6312	name-verified	slain hand of cursed fate
6314	6313	name-verified	slain hand of cursed fate
6315	6314	name-verified	slain hand of cursed fate
6316	6315	name-verified	slain betrayed wraith
6317	6316	name-verified	slain betrayed wraith
6318	6317	name-verified	slain betrayed wraith
6319	6318	otb-only	slain betrayed wraith
6320	6319	name-verified	dead destroyer
6321	6320	name-verified	dead destroyer
6322	6321	name-verified	dead destroyer
6323	6322	name-verified	dead destroyer
6324	6323	name-verified	elemental ashes
6325	6324	name-verified	elemental ashes
6326	6325	name-verified	elemental ashes
6327	6326	name-verified	elemental ashes
6328	6327	name-verified	dead torturer
6329	6328	name-verified	dead torturer
6330	6329	name-verified	dead torturer
6331	6330	name-verified	dead torturer
6332	6331	name-verified	dead hellhound
6333	6332	name-verified	dead hellhound
6334	6333	name-verified	dead hellhound
6335	6334	name-verified	dead hellhound
6336	6335	name-verified	dead juggernaut
6337	6336	name-verified	dead juggernaut
6338	6337	name-verified	dead juggernaut
6339	6338	name-verified	dead juggernaut
6340	6339	name-verified	dead nightmare
6341	6340	name-verified	dead nightmare
6342	6341	name-verified	dead nightmare
6343	6342	name-verified	dead nightmare
6344	6343	name-verified	remains of a phantasm
6345	6344	name-verified	remains of a phantasm
6346	6345	name-verified	remains of a phantasm
6347	6346	name-verified	remains of a phantasm
6348	6347	name-verified	remains of a spectre
6349	6348	name-verified	remains of a spectre
6350	6349	name-verified	remains of a spectre
6351	6350	name-verified	remains of a spectre
6353	6352	name-verified	swamp
6354	6353	name-verified	slain blightwalker
6355	6354	name-verified	slain blightwalker
6356	6355	name-verified	oven
6357	6356	name-verified	oven
6358	6357	name-verified	oven
6359	6358	name-verified	oven
6360	6359	name-verified	oven
6361	6360	name-verified	oven
6362	6361	name-verified	oven
6363	6362	name-verified	oven
6364	6363	name-verified	dead diabolic imp
6365	6364	name-verified	dead diabolic imp
6366	6365	name-verified	dead diabolic imp
6367	6366	name-verified	dead diabolic imp
6368	6367	name-verified	bookcase
6369	6368	name-verified	bookcase
6370	6369	name-verified	bookcase
6371	6370	name-verified	bookcase
6372	6371	name-verified	oven kit
6373	6372	name-verified	bookcase kit
6374	6373	name-verified	debris
6375	6374	name-verified	debris
6376	6375	name-verified	debris
6377	6376	name-verified	debris
6378	6377	name-verified	debris
6379	6378	name-verified	debris
6380	6379	name-verified	debris
6381	6380	name-verified	debris
6382	6381	name-verified	debris
6383	6382	name-verified	debris
6384	6383	name-verified	debris
6385	6384	name-verified	debris
6386	6385	name-verified	debris
6387	6386	name-verified	greeting card
6388	6387	name-verified	christmas card
6389	6388	name-verified	stony floor
6390	6389	name-verified	ornamented fountain
6391	6390	name-verified	nightmare shield
6392	6391	name-verified	hawser
6393	6392	name-verified	valentine's cake
6394	6393	name-verified	cream cake
6395	6394	name-verified	bones
6396	6395	name-verified	bones
6397	6396	otb-only	bone
6398	6397	name-verified	bones
6399	6398	name-verified	bones
6400	6399	name-verified	bones
6401	6400	name-verified	bones
6402	6401	name-verified	bones
6403	6402	name-verified	bones
6404	6403	name-verified	bones
6405	6404	name-verified	bones
6406	6405	name-verified	bones
6407	6406	name-verified	bones
6408	6407	name-verified	bones
6409	6408	name-verified	bones
6410	6409	name-verified	bones
6411	6410	name-verified	bones
6412	6411	name-verified	bones
6413	6412	name-verified	bone pillar
6414	6413	name-verified	bones
6415	6414	name-verified	bones
6416	6415	name-verified	bones
6417	6416	name-verified	bones
6418	6417	name-verified	bones
6419	6418	name-verified	bones
6420	6419	name-verified	bones
6421	6420	name-verified	bones
6422	6421	otb-only	stone railing
6423	6422	name-verified	large branch
6424	6423	name-verified	large branch
6425	6424	name-verified	large branch
6426	6425	name-verified	large branch
6427	6426	name-verified	large branch
6428	6427	name-verified	large branch
6429	6428	name-verified	large branch
6430	6429	name-verified	large branch
6431	6430	name-verified	branch
6432	6431	name-verified	branch
6433	6432	name-verified	necromancer shield
6434	6433	name-verified	blue tapestry
6435	6434	name-verified	demon trophy
6436	6435	name-verified	framework window
6437	6436	name-verified	framework window
6438	6437	name-verified	framework window
6439	6438	name-verified	framework window
6440	6439	name-verified	brick window
6441	6440	name-verified	brick window
6442	6441	name-verified	brick window
6443	6442	name-verified	brick window
6444	6443	otb-only	stone wall window
6445	6444	otb-only	stone wall window
6446	6445	otb-only	stone wall window
6447	6446	otb-only	stone wall window
6448	6447	otb-only	white stone wall window
6449	6448	otb-only	white stone wall window
6450	6449	otb-only	tree hole
6451	6450	otb-only	tree hole
6452	6451	otb-only	tree hole
6453	6452	otb-only	tree hole
6454	6453	name-verified	sandstone window
6455	6454	name-verified	sandstone window
6456	6455	name-verified	sandstone window
6457	6456	name-verified	sandstone window
6458	6457	otb-only	bamboo wall window
6459	6458	otb-only	bamboo wall window
6460	6459	otb-only	bamboo wall window
6461	6460	otb-only	bamboo wall window
6462	6461	name-verified	sandstone window
6463	6462	name-verified	sandstone window
6464	6463	name-verified	sandstone window
6465	6464	name-verified	sandstone window
6466	6465	otb-only	stone wall window
6467	6466	otb-only	stone wall window
6468	6467	otb-only	stone wall window
6469	6468	otb-only	stone wall window
6470	6469	otb-only	wooden wall window
6471	6470	otb-only	wooden wall window
6472	6471	otb-only	wooden wall window
6473	6472	otb-only	wooden wall window
6474	6473	name-verified	wooden planks
6475	6474	name-verified	wooden planks
6476	6475	name-verified	debris
6477	6476	name-verified	debris
6478	6477	name-verified	debris
6479	6478	name-verified	debris
6480	6479	name-verified	debris
6481	6480	name-verified	debris
6482	6481	name-verified	debris
6483	6482	name-verified	debris
6484	6483	name-verified	debris
6485	6484	name-verified	debris
6486	6485	name-verified	debris
6487	6486	name-verified	debris
6488	6487	name-verified	debris
6489	6488	name-verified	christmas branch
6490	6489	name-verified	christmas branch
6491	6490	name-verified	firefly
6492	6491	name-verified	bat decoration
6493	6492	name-verified	bat decoration
6494	6493	name-verified	firefly
6495	6494	name-verified	firefly
6496	6495	name-verified	bat decoration
6497	6496	name-verified	christmas present bag
6498	6497	name-verified	firefly
6499	6498	name-verified	certificate
6500	6499	name-verified	demonic essence
6501	6500	name-verified	gingerbreadman
6502	6501	name-verified	christmas wreath
6503	6502	name-verified	christmas garland
6504	6503	name-verified	red christmas garland
6505	6504	name-verified	blue christmas garland
6506	6505	name-verified	christmas present
6507	6506	name-verified	red christmas bundle
6508	6507	name-verified	blue christmas bundle
6509	6508	name-verified	green christmas bundle
6510	6509	name-verified	christmas present
6511	6510	name-verified	christmas present
6512	6511	name-verified	santa doll
6513	6512	name-verified	christmas wreath
6514	6513	name-verified	christmas garland
6515	6514	name-verified	christmas garland
6516	6515	name-verified	dead plaguesmith
6517	6516	name-verified	christmas wreath
6518	6517	name-verified	christmas garland
6519	6518	name-verified	christmas garland
6520	6519	name-verified	dead plaguesmith
6521	6520	name-verified	dead plaguesmith
6522	6521	name-verified	dead plaguesmith
6523	174	otb-only	gingerbread recipe
6524	6523	name-verified	skeleton
6525	6524	name-verified	skeleton
6526	6525	name-verified	skeleton decoration
6527	6526	name-verified	christmas token
6528	6527	otb-only	the avenger
6529	6528	name-verified	infernal bolt
6530	3123	name-verified	worn leather boots
6531	6531	name-verified	santa hat
6532	6532	name-verified	dead defiler
6533	6533	name-verified	book
6534	6534	otb-only	the imperor's trident
6535	6535	otb-only	the plasmother's remains
6536	6536	name-verified	countess sorrow's frozen tear
6537	6537	name-verified	mr. punish's handcuffs
6538	6538	name-verified	valentine's card
6539	6539	otb-only	the handmaiden's protector
6540	6540	name-verified	piece of massacre's shell
6541	6541	name-verified	coloured egg
6542	6542	name-verified	coloured egg
6543	6543	name-verified	coloured egg
6544	6544	name-verified	coloured egg
6545	6545	name-verified	coloured egg
6546	6546	name-verified	dracola's eye
6547	6547	name-verified	yellow powder
6548	6548	name-verified	purple powder
6549	6549	name-verified	green powder
6550	6550	name-verified	red powder
6551	6551	name-verified	blue powder
6552	6552	name-verified	dead defiler
6553	6553	name-verified	ruthless axe
6556	6556	name-verified	tic-tac-toe token
6557	6557	name-verified	tic-tac-toe token
6558	6558	otb-only	concentrated demonic blood
6560	6560	name-verified	dead human
6561	6561	name-verified	ceremonial ankh
6562	6562	name-verified	flat roof
6563	6563	name-verified	flat roof
6564	6564	name-verified	flat roof
6565	6565	name-verified	flat roof
6566	6566	name-verified	stuffed dragon
6567	6567	name-verified	santa doll
6568	6568	name-verified	panda teddy
6569	6569	name-verified	candy
6570	6570	name-verified	surprise bag
6571	6571	name-verified	surprise bag
6572	6572	name-verified	party trumpet
6573	6572	name-verified	party trumpet
6574	6574	name-verified	bar of chocolate
6575	6575	name-verified	red balloons
6576	6576	name-verified	fireworks rocket
6577	6577	name-verified	green balloons
6578	6578	name-verified	party hat
6579	6579	name-verified	doll
6580	6580	name-verified	snow
6581	6581	name-verified	snow
6582	6582	name-verified	snow
6583	6583	name-verified	snow
6584	6584	name-verified	snow
6585	6585	name-verified	snow
6586	6586	name-verified	snow
6587	6587	name-verified	snow
6588	6588	name-verified	snow
6589	6589	name-verified	snow
6590	6590	name-verified	snow
6591	6591	name-verified	snow
6592	6592	name-verified	snow
6593	6593	name-verified	snow
6594	6594	name-verified	snow
6595	6595	name-verified	snow
6596	6596	name-verified	snow
6597	6597	name-verified	snow
6598	6598	name-verified	snow
6599	6599	name-verified	snow
6600	6600	name-verified	snow
6601	6601	name-verified	snow
6602	6602	name-verified	snow
6603	6603	name-verified	snow
6604	6604	name-verified	snow
6605	6605	name-verified	snow
6606	6606	name-verified	snow
6607	6607	name-verified	snow
6608	6608	name-verified	snow
6609	6609	name-verified	snow
6610	6610	name-verified	snow
6611	6611	name-verified	snow
6612	6612	name-verified	snow
6613	6613	name-verified	snow
6614	6614	name-verified	snow
6615	6615	name-verified	snow
6616	6616	name-verified	snow
6617	6617	name-verified	snow
6618	6618	name-verified	snow
6619	6619	name-verified	snow
6620	6620	name-verified	snow
6621	6621	name-verified	snow
6622	6622	name-verified	snow
6623	6623	name-verified	snow
6624	6624	name-verified	snow
6625	6625	name-verified	snow
6626	6626	name-verified	snow
6627	6627	name-verified	shallow water
6628	6628	name-verified	shallow water
6629	6629	name-verified	shallow water
6630	6630	name-verified	shallow water
6631	6631	name-verified	shallow water
6632	6632	name-verified	shallow water
6633	6633	name-verified	shallow water
6634	6634	name-verified	shallow water
6635	6635	name-verified	shallow water
6636	6636	name-verified	shallow water
6637	6637	name-verified	shallow water
6638	6638	name-verified	shallow water
6639	6639	name-verified	shallow water
6640	6640	name-verified	shallow water
6641	6641	name-verified	shallow water
6642	6642	name-verified	shallow water
6643	6643	name-verified	shallow water
6644	6644	name-verified	shallow water
6645	6645	name-verified	shallow water
6646	6646	name-verified	shallow water
6647	6647	name-verified	shallow water
6648	6648	name-verified	shallow water
6649	6649	name-verified	shallow water
6650	6650	name-verified	shallow water
6651	6651	name-verified	shallow water
6652	6652	name-verified	shallow water
6653	6653	name-verified	shallow water
6654	6654	name-verified	shallow water
6655	6655	name-verified	shallow water
6656	6656	name-verified	shallow water
6657	6657	name-verified	shallow water
6658	6658	name-verified	shallow water
6659	6659	name-verified	shallow water
6660	6660	name-verified	shallow water
6661	6661	name-verified	shallow water
6662	6662	name-verified	shallow water
6663	6663	name-verified	shallow water
6664	6664	name-verified	shallow water
6665	6665	name-verified	shallow water
6666	6666	name-verified	shallow water
6667	6667	name-verified	shallow water
6668	6668	name-verified	shallow water
6669	6669	name-verified	shallow water
6670	6670	name-verified	shallow water
6671	6671	name-verified	shallow water
6672	6672	name-verified	shallow water
6673	6673	name-verified	shallow water
6674	6674	name-verified	shallow water
6675	6675	name-verified	shallow water
6676	6676	name-verified	shallow water
6677	6677	name-verified	shallow water
6678	6678	name-verified	shallow water
6679	6679	name-verified	shallow water
6680	6680	name-verified	shallow water
6681	6681	name-verified	shallow water
6682	6682	name-verified	shallow water
6683	6683	name-verified	ice
6684	6684	name-verified	ice
6685	6685	name-verified	ice
6686	6686	name-verified	ice
6687	6687	name-verified	shallow water
6688	6688	name-verified	shallow water
6689	6689	name-verified	shallow water
6690	6690	name-verified	shallow water
6691	6691	name-verified	shallow water
6692	6692	name-verified	shallow water
6693	6693	name-verified	shallow water
6694	6694	name-verified	shallow water
6695	6695	name-verified	ice
6696	6696	name-verified	ice
6697	6697	name-verified	ice
6698	6698	name-verified	ice
6699	6699	name-verified	ice
6700	6700	name-verified	ice
6701	6701	name-verified	ice
6702	6702	name-verified	ice
6703	6703	name-verified	ice
6704	6704	name-verified	ice
6705	6705	name-verified	ice
6706	6706	name-verified	ice
6707	6707	name-verified	ice
6708	6708	name-verified	ice
6709	6709	name-verified	ice
6710	6710	name-verified	ice
6711	6711	name-verified	ice
6712	6712	name-verified	ice
6713	6713	name-verified	ice
6714	6714	name-verified	ice
6715	6715	name-verified	ice
6716	6716	name-verified	ice
6717	6717	name-verified	ice
6718	6718	name-verified	ice
6719	6719	name-verified	icy mountain
6720	6720	name-verified	icy mountain
6721	6721	name-verified	icy mountain
6722	6722	name-verified	icy mountain
6723	6723	name-verified	icy mountain
6724	6724	name-verified	icy mountain
6725	6725	name-verified	icy mountain
6726	6726	name-verified	icy mountain
6727	6727	name-verified	icy mountain
6728	6728	name-verified	ice wall
6729	6729	name-verified	ice wall
6730	6730	otb-only	ice pillar
6731	6731	name-verified	ice wall
6732	6732	name-verified	ice wall
6733	6733	name-verified	ice wall
6734	6734	name-verified	ice wall
6735	6735	name-verified	ice wall
6736	6736	name-verified	ice wall
6737	6737	name-verified	ice wall
6738	6738	name-verified	ice wall
6739	6739	name-verified	frozen wall
6740	6740	name-verified	frozen wall
6741	6741	otb-only	frozen pillar
6742	6742	name-verified	frozen wall
6743	6743	name-verified	frozen wall
6744	6744	name-verified	frozen wall
6745	6745	name-verified	frozen wall
6746	6746	name-verified	frozen wall
6747	6747	name-verified	frozen wall
6748	6748	name-verified	frozen wall
6749	6749	name-verified	frozen wall
6750	6750	name-verified	ice hut
6751	6751	name-verified	ice hut
6752	6752	name-verified	ice hut
6753	6753	name-verified	ice hut
6754	6754	name-verified	ice hut
6755	6755	name-verified	ice hut
6756	6756	name-verified	ice hut
6757	6757	name-verified	snow
6758	6758	name-verified	snow
6759	6759	name-verified	snow
6760	6760	name-verified	snow
6761	6761	name-verified	icy mountain
6762	6762	name-verified	icy mountain
6763	6763	name-verified	ice
6764	6764	name-verified	ice
6765	6765	name-verified	ice
6766	6766	name-verified	ice
6767	6767	name-verified	ice
6768	6768	name-verified	icy mountain
6769	6769	name-verified	icy mountain
6770	6770	name-verified	icy mountain
6771	6771	name-verified	icy mountain
6772	6772	name-verified	icy mountain
6773	6773	name-verified	fur wall
6774	6774	name-verified	fur wall
6775	6775	name-verified	fur pillar
6776	6776	name-verified	fur wall
6777	6777	name-verified	fur wall
6778	6778	name-verified	fur wall
6779	6779	name-verified	fur wall
6780	6780	name-verified	fur wall
6781	6781	name-verified	fur wall
6782	6782	name-verified	fur wall
6783	6783	name-verified	fur wall
6784	6784	name-verified	fur wall
6785	6785	name-verified	fur wall
6786	6786	name-verified	fur wall
6787	6787	name-verified	fur wall
6788	6788	name-verified	fur wall window
6789	6789	name-verified	fur wall window
6790	6790	name-verified	fur wall window
6791	6791	name-verified	fur wall window
6792	6792	otb-only	archway
6793	6793	name-verified	barbarian banner
6794	6794	name-verified	barbarian banner
6795	6795	name-verified	entrance
6796	6796	name-verified	entrance
6797	6797	name-verified	entrance
6798	6798	otb-only	open door
6799	6799	name-verified	entrance
6800	6800	name-verified	entrance
6801	6801	name-verified	entrance
6802	6802	otb-only	open door
6803	6803	otb-only	archway
6804	6804	name-verified	fur
6805	6805	name-verified	fur
6806	6806	name-verified	fur
6807	6807	name-verified	fur
6808	6808	name-verified	fur
6809	6809	name-verified	fur
6810	6810	name-verified	fur
6811	6811	name-verified	fur
6812	6812	name-verified	fur
6813	6813	name-verified	fur
6814	6814	name-verified	fur
6815	6815	name-verified	fur
6816	6816	name-verified	fur
6817	6817	name-verified	fur
6818	6818	name-verified	fur
6819	6819	name-verified	fur
6820	6820	name-verified	fur
6821	6821	name-verified	fur
6822	6822	name-verified	frozen wall
6823	6823	name-verified	frozen wall
6824	6824	name-verified	frozen wall
6825	6825	name-verified	frozen wall
6826	6826	name-verified	frozen wall
6827	6827	name-verified	frozen wall
6828	6828	name-verified	frozen wall
6829	6829	name-verified	frozen wall
6830	6830	name-verified	frozen wall
6831	6831	name-verified	frozen wall
6832	6832	name-verified	frozen wall
6833	6833	name-verified	frozen wall
6834	6834	name-verified	frozen wall
6835	6835	name-verified	frozen wall
6836	6836	name-verified	frozen wall
6837	6837	name-verified	frozen wall
6838	6838	name-verified	snow
6839	6839	name-verified	wooden wall
6840	6840	name-verified	wooden wall
6841	6841	otb-only	wooden pillar
6842	6842	name-verified	wooden wall
6843	6843	name-verified	wooden wall
6844	6844	name-verified	wooden wall
6845	6845	name-verified	wooden wall
6846	6846	name-verified	wooden wall
6847	6847	name-verified	wooden wall
6848	6848	name-verified	wooden wall
6849	6849	name-verified	wooden wall
6850	6850	name-verified	ornamented wall
6851	6851	name-verified	stone base
6852	6852	name-verified	stone base
6853	6853	name-verified	ornamented wall
6854	6854	name-verified	stone base
6855	6855	name-verified	stone base
6856	6856	name-verified	stone base
6857	6857	name-verified	stone base
6858	6858	otb-only	stone base
6859	6859	otb-only	stone base
6860	6860	otb-only	stone base
6861	6861	otb-only	stone base
6862	6862	otb-only	stone base
6863	6863	otb-only	stone base
6864	6864	otb-only	stone base
6865	6865	otb-only	stone base
6866	6866	otb-only	stone base
6867	6867	otb-only	stone base
6869	6869	name-verified	ice
6870	6870	name-verified	ice
6871	6871	name-verified	ice
6872	6872	name-verified	ice
6873	6873	name-verified	ice
6874	6874	name-verified	ice
6875	6875	name-verified	ice
6876	6876	name-verified	ice
6877	6877	name-verified	ice
6878	6878	name-verified	ice
6879	6879	name-verified	ice
6880	6880	name-verified	ice
6881	6881	name-verified	ice
6882	6882	name-verified	archway
6883	6883	name-verified	archway
6884	6884	name-verified	archway
6885	6885	name-verified	archway
6886	6886	name-verified	strut
6887	6887	name-verified	strut
6888	6888	name-verified	strut
6889	6889	name-verified	tusks
6890	6890	name-verified	tusks
6891	6891	name-verified	closed door
6892	6892	name-verified	closed door
6893	6893	name-verified	open door
6894	6894	name-verified	closed door
6895	6895	name-verified	open door
6896	6896	name-verified	gate of expertise
6897	6897	name-verified	gate of expertise
6898	6898	name-verified	closed door
6899	6899	name-verified	open door
6900	6900	name-verified	closed door
6901	6901	name-verified	closed door
6902	6902	name-verified	open door
6903	6903	name-verified	closed door
6904	6904	name-verified	open door
6905	6905	name-verified	gate of expertise
6906	6906	name-verified	gate of expertise
6907	6907	name-verified	closed door
6908	6908	name-verified	open door
6909	6909	name-verified	ramp
6910	6910	name-verified	ramp
6911	6911	name-verified	ramp
6912	6912	name-verified	ramp
6913	6913	name-verified	ramp
6914	6914	name-verified	ramp
6915	6915	name-verified	ramp
6916	6916	name-verified	ramp
6917	6917	name-verified	ramp
6918	6918	name-verified	ramp
6919	6919	name-verified	ramp
6920	6920	name-verified	ramp
6921	6921	name-verified	ramp
6922	6922	name-verified	ramp
6923	6923	name-verified	ramp
6924	6924	name-verified	ramp
6925	6925	name-verified	ice
6926	6926	name-verified	ice
6927	6927	name-verified	ice
6928	6928	name-verified	ice
6929	6929	name-verified	ice
6930	6930	name-verified	ice
6931	6931	name-verified	ice
6932	6932	name-verified	ice
6933	6933	name-verified	ice
6934	6934	name-verified	ice
6935	6935	name-verified	ice
6936	6936	name-verified	ice
6937	6937	name-verified	ice
6939	6939	name-verified	ice
6940	6940	name-verified	ice
6941	6941	name-verified	ice
6942	6942	name-verified	ice
6943	6943	name-verified	ice
6944	6944	name-verified	ice
6945	6945	name-verified	ice
6946	6946	name-verified	ice
6947	6947	name-verified	ice
6948	6948	name-verified	ice
6949	6949	name-verified	ice
6950	6950	name-verified	ice
6951	6951	name-verified	ice
6952	6952	name-verified	ice
6953	6953	otb-only	ice railing
6954	6954	otb-only	ice railing
6955	6955	otb-only	ice railing
6956	6956	otb-only	ice railing
6957	6957	otb-only	ice railing
6958	6958	otb-only	ice railing
6959	6959	otb-only	closed ice gate
6960	6960	otb-only	open ice gate
6961	6961	otb-only	closed ice gate
6962	6962	otb-only	open ice gate
6963	6963	otb-only	ice railing
6964	6964	otb-only	ice railing
6965	6965	otb-only	ice railing
6966	6966	name-verified	icicles
6967	6967	name-verified	ice floor
6968	6968	otb-only	archway
6969	6969	otb-only	archway
6970	6970	name-verified	mammoth skull
6971	6971	name-verified	mammoth skull
6972	6972	name-verified	bone totem
6973	6973	name-verified	mammoth totem
6974	6974	name-verified	mammoth skull
6975	6975	name-verified	mammoth skull
6976	6976	name-verified	mammoth skull
6977	6977	name-verified	mammoth skull
6978	6978	name-verified	mammoth fur
6979	6979	name-verified	mammoth fur
6980	6980	name-verified	mammoth fur
6981	6981	name-verified	rope
6982	6982	name-verified	rope
6983	6983	name-verified	rope
6984	6984	name-verified	fish
6985	6985	name-verified	fish
6986	6986	name-verified	pillar
6987	6987	name-verified	wooden dragon
6988	6988	name-verified	wooden dragon
6989	6989	name-verified	wooden bull
6990	6990	name-verified	wooden bull
6991	6991	otb-only	wooden yeti
6992	6992	otb-only	wooden yeti
6993	6993	name-verified	wooden decoration
6994	6994	name-verified	wooden decoration
6995	6995	name-verified	wooden decoration
6996	6996	name-verified	wooden decoration
6997	6997	name-verified	wooden decoration
6998	6998	name-verified	wooden decoration
6999	6999	name-verified	snowy stone
7000	7000	name-verified	snowy stone
7001	7001	name-verified	snowy stone
7002	7002	name-verified	snowy stone
7003	7003	name-verified	snowy stone
7004	7004	name-verified	snowy stone
7005	7005	name-verified	snowy stone
7006	7006	name-verified	snowy stone
7007	7007	name-verified	snowy stone
7008	7008	name-verified	snowy stone
7009	7009	name-verified	snowy stone
7010	7010	name-verified	snowy stone
7011	7011	name-verified	snowy stone
7012	7012	name-verified	snowy stone
7013	7013	name-verified	snowy stone
7014	7014	name-verified	snowy stone
7015	7015	name-verified	snowy stone
7016	7016	name-verified	snowy stone
7017	7017	name-verified	snowy stone
7018	7018	name-verified	snowy stone
7019	7019	name-verified	snowy stone
7020	7020	name-verified	snowy dead tree
7021	7021	name-verified	snowy dead tree
7022	7022	name-verified	snowy dead tree
7023	7023	name-verified	snowy pine tree
7024	7024	name-verified	pine
7025	7027	name-verified	nordic wall window
7026	7028	name-verified	nordic wall window
7027	7025	name-verified	nordic wall window
7028	7026	name-verified	nordic wall window
7029	7051	name-verified	ice wall window
7030	7052	name-verified	ice wall window
7031	7029	name-verified	ice wall window
7032	7030	name-verified	ice wall window
7033	7033	name-verified	closed door
7034	7034	name-verified	closed door
7035	7035	name-verified	open door
7036	7036	name-verified	closed door
7037	7037	name-verified	open door
7038	7038	name-verified	gate of expertise
7039	7039	name-verified	gate of expertise
7040	7040	name-verified	closed door
7041	7041	name-verified	open door
7042	7042	name-verified	closed door
7043	7043	name-verified	closed door
7044	7044	name-verified	open door
7045	7045	name-verified	closed door
7046	7046	name-verified	open door
7047	7047	name-verified	gate of expertise
7048	7048	name-verified	gate of expertise
7049	7049	name-verified	closed door
7050	7050	name-verified	open door
7051	7031	name-verified	archway
7052	7032	name-verified	archway
7053	7053	otb-only	stairs
7054	7054	name-verified	closed door
7055	7055	name-verified	open door
7056	7056	name-verified	closed door
7057	7057	name-verified	open door
7058	7058	name-verified	skull pillar
7059	7059	name-verified	glowing skull pillar
7060	7060	name-verified	ice
7061	7061	name-verified	ice
7062	7062	name-verified	rock
7063	7063	name-verified	rock
7064	7064	name-verified	rock
7065	7065	name-verified	rock
7066	7066	name-verified	rock
7067	7067	otb-only	dark rock
7068	7068	otb-only	dark rock
7069	7069	otb-only	dark rock
7070	7070	otb-only	dark rock
7071	7071	otb-only	dark rock
7072	7072	otb-only	dark rock
7073	7073	otb-only	dark rock
7074	7074	otb-only	dark rock
7075	7075	name-verified	dark rock
7076	7076	name-verified	dark rock
7077	7077	name-verified	dark rock
7078	7078	name-verified	dark rock
7079	7079	name-verified	dark rock
7080	7080	name-verified	dark rock
7081	7081	name-verified	dark rock
7082	7082	name-verified	dark rock
7083	7083	name-verified	dark rock
7084	7084	name-verified	dark rock
7085	7085	name-verified	dark rock
7086	7086	name-verified	dark rock
7087	7087	name-verified	dark rock
7088	7088	name-verified	dark rock
7089	7089	name-verified	dark rock
7090	7090	name-verified	dark rock
7091	7091	name-verified	dead frost dragon
7092	7092	name-verified	dead frost dragon
7093	7093	name-verified	dead frost dragon
7094	7094	name-verified	dead frost dragon
7095	7095	name-verified	wooden railing
7096	7096	name-verified	wooden railing
7097	7097	name-verified	wooden railing
7098	7098	name-verified	wooden railing
7099	7099	name-verified	wooden railing
7100	7100	name-verified	wooden railing
7101	7101	name-verified	wooden railing
7102	7102	otb-only	frozen wall
7103	7103	otb-only	frozen wall
7104	7104	otb-only	frozen wall
7105	7105	otb-only	frozen wall
7106	7106	name-verified	inactive geyser
7107	7107	name-verified	ice
7108	7108	name-verified	geyser
7109	7109	name-verified	geyser
7110	7110	name-verified	ice
7111	7111	name-verified	ice
7112	7112	name-verified	ice
7113	7113	name-verified	ice
7114	7114	name-verified	ice
7115	7115	name-verified	ice
7116	7116	name-verified	ice
7117	7117	name-verified	ice
7118	7118	name-verified	ice
7119	7119	name-verified	ice
7120	7120	name-verified	ice
7121	7121	name-verified	rails
7122	7122	name-verified	rails
7123	7123	name-verified	rails
7124	7124	name-verified	rails
7125	7125	name-verified	rails
7126	7126	name-verified	rails
7127	7127	name-verified	rails
7128	7128	name-verified	rails
7129	7129	name-verified	rails
7130	7130	name-verified	rails
7131	7131	name-verified	ore wagon
7132	7132	name-verified	ore wagon
7133	7133	name-verified	buffer stop
7134	7134	name-verified	buffer stop
7135	7135	name-verified	buffer stop
7136	7136	name-verified	buffer stop
7137	7137	otb-only	bloodspot
7138	7138	otb-only	bloodspot
7139	7139	otb-only	bloodspot
7140	7140	name-verified	mead horn
7141	7141	name-verified	mead horn
7142	7142	name-verified	bucket
7143	7143	name-verified	buttress
7144	7144	name-verified	buttress
7145	7145	name-verified	ice
7146	7146	name-verified	ice
7147	7147	otb-only	debris
7148	7148	name-verified	ice
7149	7149	name-verified	ice
7150	7150	name-verified	ice
7151	7151	name-verified	ice
7152	7152	name-verified	ice
7153	7153	name-verified	ice
7154	7154	name-verified	ice
7155	7155	otb-only	debris
7156	7156	name-verified	ice
7157	7157	name-verified	ice
7158	7158	name-verified	rainbow trout
7159	7159	name-verified	green perch
7160	7160	name-verified	frozen chest
7161	7161	name-verified	frozen chest
7162	7162	otb-only	frozen chest of drawers
7163	7163	name-verified	frozen chair
7164	7164	name-verified	frozen chair
7165	7165	name-verified	frozen chair
7166	7166	name-verified	frozen chair
7167	7167	name-verified	frozen pendulum clock
7168	7168	name-verified	frozen pendulum clock
7169	7169	name-verified	frozen trough
7170	7170	name-verified	frozen trough
7171	7171	name-verified	snowman
7172	7172	name-verified	snowman
7173	7173	name-verified	snowman
7174	7174	name-verified	bear
7175	7175	name-verified	bear
7176	7176	name-verified	mammoth
7177	7177	name-verified	mammoth
7178	7178	name-verified	baby seal
7183	7183	name-verified	baby seal doll
7184	7184	name-verified	baby seal doll
7185	7185	name-verified	small crack in the ice
7186	7186	otb-only	cracks in the ice
7187	7187	name-verified	raft
7188	7188	name-verified	raft
7189	7189	name-verified	stone shelf
7190	7190	name-verified	raft
7191	7191	name-verified	raft
7192	7192	name-verified	raft
7193	7193	name-verified	raft
7194	7194	name-verified	raft
7195	7195	name-verified	raft
7196	7196	name-verified	raft
7197	7197	name-verified	raft
7198	7198	name-verified	raft
7199	7199	name-verified	raft
7200	7200	name-verified	fragile ice
7201	7201	name-verified	raft
7202	7202	name-verified	raft
7203	7203	name-verified	raft
7204	7204	name-verified	raft
7205	7205	name-verified	raft
7206	7206	name-verified	raft
7207	7207	name-verified	raft
7208	7208	name-verified	raft
7209	7209	name-verified	raft
7210	7210	name-verified	raft
7211	7211	name-verified	raft
7212	7212	name-verified	raft
7213	7213	name-verified	raft rudder
7214	7214	name-verified	raft rudder
7215	7215	otb-only	ship rudder
7216	7216	otb-only	ship rudder
7217	7217	otb-only	ship rudder
7218	7218	otb-only	ship rudder
7219	7219	name-verified	ship rudder hole
7220	7220	name-verified	ship rudder
7221	7221	name-verified	ship rudder
7222	7222	name-verified	ship rudder
7223	7223	name-verified	ship rudder
7224	7224	name-verified	ship rudder
7225	7225	name-verified	ship rudder
7226	7226	name-verified	ship rudder
7227	7227	name-verified	ship rudder
7228	7228	name-verified	figurehead
7229	7229	name-verified	figurehead
7230	7230	name-verified	figurehead
7231	7231	name-verified	figurehead
7232	7232	name-verified	spikes
7233	7233	name-verified	spikes
7234	7234	name-verified	shield
7235	7235	name-verified	shield
7236	7236	name-verified	ice hole
7237	7237	name-verified	ice hole
7238	7238	name-verified	shield
7239	7239	name-verified	shield
7240	7240	name-verified	shield
7241	7241	name-verified	shield
7242	7242	name-verified	resonance crystal
7243	7243	name-verified	empty jug
7244	7244	name-verified	jug
7245	7245	name-verified	piece of cactus
7246	7246	name-verified	nilsor's waterskin
7247	7247	name-verified	fine sulphur
7248	7248	name-verified	frostbite herb
7249	7249	name-verified	purple kiss blossom
7250	7250	name-verified	hydra tongue
7251	7251	name-verified	mushroom spores
7252	7252	name-verified	baby seal
7253	7253	name-verified	flask with paint
7254	7254	name-verified	stone shelf
7255	7255	name-verified	stone shelf
7256	7256	name-verified	slain braindeath
7257	7257	name-verified	slain braindeath
7258	7258	name-verified	slain braindeath
7259	7259	name-verified	stone shelf
7260	7260	name-verified	slain braindeath
7261	7261	name-verified	frostbite herb
7262	7262	name-verified	figurehead
7263	7263	name-verified	figurehead
7264	7264	name-verified	sled
7265	7265	name-verified	sled
7266	7266	name-verified	sled
7267	7267	name-verified	sled
7268	7268	name-verified	husky
7269	7269	name-verified	husky
7270	7270	name-verified	husky
7271	7271	name-verified	husky
7272	7272	name-verified	raft
7273	7273	name-verified	stone table
7274	7274	name-verified	stone table
7275	7275	name-verified	stone table
7276	7276	name-verified	stone table
7277	7277	name-verified	stone throne
7278	7278	name-verified	stone throne
7279	7279	name-verified	stone throne
7280	7280	name-verified	stone throne
7281	7281	name-verified	memory crystal
7282	7282	name-verified	slain ice golem
7283	7283	name-verified	slain ice golem
7284	7284	name-verified	slain ice golem
7285	7285	name-verified	slain ice golem
7286	7286	name-verified	nilsor's waterskin
7289	7289	name-verified	frost charm
7290	7290	name-verified	shard
7291	7291	name-verified	frozen demon
7292	7292	name-verified	frozen demon
7293	7293	name-verified	frozen mammoth
7294	7294	name-verified	frozen mammoth
7295	7295	name-verified	frozen dragon
7296	7296	name-verified	frozen dragon
7297	7297	name-verified	frozen behemoth
7298	7298	name-verified	frozen behemoth
7299	7299	name-verified	frozen plaguesmith
7300	7300	name-verified	frozen plaguesmith
7301	7301	otb-only	frozen creature
7302	7302	otb-only	frozen creature
7303	7303	name-verified	frozen human
7304	7304	name-verified	frozen human
7305	7305	name-verified	frozen human
7306	7306	name-verified	frozen human
7307	7307	name-verified	frozen human
7308	7308	name-verified	frozen human
7309	7309	name-verified	frozen human
7310	7310	name-verified	frozen human
7311	7311	name-verified	frozen human
7312	7312	name-verified	frozen human
7314	7314	name-verified	scale from a frozen dragon
7315	7315	name-verified	resonance crystal
7316	7316	name-verified	dead husky
7317	7317	name-verified	dead husky
7318	7318	name-verified	dead husky
7319	7319	name-verified	dead husky
7320	7320	name-verified	dead chakoya
7321	7321	name-verified	dead chakoya
7322	7322	name-verified	dead chakoya
7323	7323	name-verified	dead chakoya
7324	7324	name-verified	dead chakoya
7325	7325	name-verified	dead chakoya
7326	7326	name-verified	dead chakoya
7327	7327	name-verified	dead chakoya
7328	7328	name-verified	dead chakoya
7329	7329	name-verified	dead chakoya
7330	7330	name-verified	dead frost giant
7331	7331	name-verified	dead frost giant
7332	7332	name-verified	dead frost giant
7333	7333	name-verified	dead frost giant
7334	7334	name-verified	dead penguin
7335	7335	name-verified	dead penguin
7336	7336	name-verified	dead penguin
7337	7337	name-verified	dead penguin
7338	7338	name-verified	dead silver rabbit
7339	7339	name-verified	dead silver rabbit
7340	7340	name-verified	dead silver rabbit
7341	7341	name-verified	dead silver rabbit
7342	7342	name-verified	fur backpack
7343	7343	name-verified	fur bag
7344	7344	name-verified	slain crystal spider
7345	7345	name-verified	slain crystal spider
7346	7346	name-verified	slain crystal spider
7347	7347	name-verified	slain crystal spider
7348	7348	name-verified	stony floor
7349	7349	name-verified	ashes
7350	7350	name-verified	sandstone tile
7351	7351	name-verified	black marble floor
7352	7352	name-verified	dirt
7353	7353	name-verified	stone floor
7354	7354	name-verified	small lava cracks
7355	7355	name-verified	stone floor
7356	7356	name-verified	rock soil
7357	7357	name-verified	wooden floor
7358	7358	name-verified	tiled floor
7359	7359	name-verified	flame of life
7360	7360	name-verified	flame of life
7361	7361	name-verified	sarcophagus
7362	7362	name-verified	sarcophagus
7363	7363	name-verified	piercing bolt
7364	7364	name-verified	sniper arrow
7365	7365	name-verified	onyx arrow
7366	7366	name-verified	viper star
7367	7367	name-verified	enchanted spear
7368	7368	name-verified	assassin star
7369	7369	name-verified	golden goblet
7370	7370	name-verified	silver goblet
7371	7371	name-verified	bronze goblet
7372	229	name-verified	ice cream cone
7373	7373	name-verified	ice cream cone
7374	7374	name-verified	ice cream cone
7375	7375	name-verified	ice cream cone
7376	7376	name-verified	ice cream cone
7377	7377	name-verified	ice cream cone
7378	7378	name-verified	royal spear
7379	7379	name-verified	brutetamer's staff
7380	7380	name-verified	headchopper
7381	7381	name-verified	mammoth whopper
7382	7382	name-verified	demonrage sword
7383	7383	name-verified	relic sword
7384	7384	name-verified	mystic blade
7385	7385	name-verified	crimson sword
7386	7386	name-verified	mercenary sword
7387	7387	name-verified	diamond sceptre
7388	7388	name-verified	vile axe
7389	7389	name-verified	heroic axe
7390	7390	otb-only	the justice seeker
7391	7391	name-verified	thaian sword
7392	7392	name-verified	orcish maul
7393	7393	name-verified	demon trophy
7394	7394	name-verified	wolf trophy
7395	7395	name-verified	orc trophy
7396	7396	name-verified	behemoth trophy
7397	7397	name-verified	deer trophy
7398	7398	name-verified	cyclops trophy
7399	7399	name-verified	dragon lord trophy
7400	7400	name-verified	lion trophy
7401	7401	name-verified	minotaur trophy
7402	7402	name-verified	dragon slayer
7403	7403	name-verified	berserker
7404	7404	name-verified	assassin dagger
7405	7405	name-verified	havoc blade
7406	7406	name-verified	blacksteel sword
7407	7407	name-verified	haunted blade
7408	7408	name-verified	wyvern fang
7409	7409	name-verified	northern star
7410	7410	name-verified	queen's sceptre
7411	7411	name-verified	ornamented axe
7412	7412	name-verified	butcher's axe
7413	7413	name-verified	titan axe
7414	7414	name-verified	abyss hammer
7415	7415	name-verified	cranial basher
7416	7416	name-verified	bloody edge
7417	7417	name-verified	runed sword
7418	7418	name-verified	nightmare blade
7419	7419	name-verified	dreaded cleaver
7420	7420	name-verified	reaper's axe
7421	7421	name-verified	onyx flail
7422	7422	name-verified	jade hammer
7423	7423	name-verified	skullcrusher
7424	7424	name-verified	lunar staff
7425	7425	name-verified	taurus mace
7426	7426	name-verified	amber staff
7427	7427	name-verified	chaos mace
7428	7428	name-verified	bonebreaker
7429	7429	name-verified	blessed sceptre
7430	7430	name-verified	dragonbone staff
7431	7431	name-verified	demonbone
7432	7432	name-verified	furry club
7433	7433	name-verified	ravenwing
7434	7434	name-verified	royal axe
7435	7435	name-verified	impaler
7436	7436	name-verified	angelic axe
7437	7437	name-verified	sapphire hammer
7438	7438	name-verified	elvish bow
7439	7439	name-verified	berserk potion
7440	7440	name-verified	mastermind potion
7441	7441	name-verified	ice cube
7442	7442	name-verified	ice cube
7443	7443	name-verified	bullseye potion
7444	7444	name-verified	ice cube
7445	7445	name-verified	ice cube
7446	7446	name-verified	ice mammoth
7447	7447	name-verified	small ice statue
7448	7448	name-verified	small ice statue
7449	7449	name-verified	crystal sword
7450	7450	name-verified	hammer of prophecy
7451	7451	name-verified	shadow sceptre
7452	7452	name-verified	spiked squelcher
7453	7453	name-verified	executioner
7454	7454	name-verified	glorious axe
7455	7455	name-verified	mythril axe
7456	7456	name-verified	noble axe
7457	7457	name-verified	fur boots
7458	7458	name-verified	fur cap
7459	7459	name-verified	pair of earmuffs
7460	7460	name-verified	norse shield
7461	7461	name-verified	krimhorn helmet
7462	7462	name-verified	ragnir helmet
7463	7463	name-verified	mammoth fur cape
7464	7464	name-verified	mammoth fur shorts
7465	7465	otb-only	flame of life
7466	7466	otb-only	flame of life
7467	7467	otb-only	flame of life
7468	7468	otb-only	flame of life
7469	7469	otb-only	flame of life
7470	7470	otb-only	flame of life
7471	7471	otb-only	flame of life
7472	7472	otb-only	flame of life
7473	7473	otb-only	flame of life
7474	7474	name-verified	sarcophagus
7475	7475	name-verified	sarcophagus
7476	102	name-verified	white flower
7477	9170	otb-only	special flask
7478	12785	name-verified	special flask
7479	113	otb-only	the dwarven emperor's beard
7480	114	name-verified	bed
7481	116	name-verified	crate
7482	117	name-verified	crate
7483	118	name-verified	crate
7484	119	name-verified	box
7485	121	name-verified	whoopee cushion
7486	122	name-verified	cat basket
7487	123	name-verified	toy mouse
7488	125	name-verified	special flask
7489	9149	otb-only	special flask
7490	127	name-verified	magical inkwell
7491	128	name-verified	signed contract
7492	129	name-verified	contract
7493	132	name-verified	scrying crystal ball
7494	133	name-verified	special flask
7495	136	name-verified	beer bottle
7496	138	name-verified	empty beer bottle
7497	139	name-verified	mining helmet
7498	892	name-verified	package of potions
7499	141	name-verified	cigar
7500	142	name-verified	bale of white cloth
7501	143	name-verified	bale of yellowed cloth
7502	144	name-verified	mummy disguise
7503	145	name-verified	heavy package
7504	146	name-verified	fire shrine
7505	147	name-verified	fire shrine
7506	148	name-verified	fire shrine
7507	149	name-verified	fire shrine
7508	150	name-verified	ice shrine
7509	151	name-verified	ice shrine
7510	152	name-verified	ice shrine
7511	153	name-verified	ice shrine
7512	154	name-verified	energy shrine
7513	155	name-verified	energy shrine
7514	156	name-verified	energy shrine
7515	157	name-verified	energy shrine
7516	158	name-verified	earth shrine
7517	159	name-verified	earth shrine
7518	160	name-verified	earth shrine
7519	161	name-verified	earth shrine
7520	162	name-verified	wooden coffin
7521	163	name-verified	wooden coffin
7522	164	name-verified	wooden coffin
7523	165	name-verified	wooden coffin
7524	166	name-verified	wooden coffin
7525	167	name-verified	wooden coffin
7526	170	name-verified	fake dwarven beard
7527	171	name-verified	coal basin
7528	172	name-verified	blank poetry parchment
7529	175	name-verified	parchment
7530	176	name-verified	parchment
7531	177	name-verified	parchment
7532	178	name-verified	parchment
7533	179	name-verified	parchment
7534	173	name-verified	parchment
7535	174	name-verified	parchment
7536	180	name-verified	remains of a spider egg
7537	233	name-verified	spider egg
7538	182	name-verified	spider web
7539	183	name-verified	spider web
7540	184	name-verified	spider web
7541	185	name-verified	spider web
7542	186	name-verified	spider web
7543	187	name-verified	spider web
7544	188	otb-only	the remains of a spider web
7545	189	name-verified	remains of a spider web
7546	190	name-verified	spider web
7547	191	name-verified	spider web
7548	192	name-verified	spider web
7549	195	name-verified	something crawling
7550	193	name-verified	something crawling
7551	196	name-verified	seashell
7552	197	name-verified	large seashell
7553	198	name-verified	large seashell
7554	199	name-verified	spider victim
7555	200	name-verified	spider victim
7556	201	otb-only	cocooned victim
7557	202	otb-only	cocooned victim
7558	203	name-verified	stone
7559	204	name-verified	stone
7560	205	name-verified	sarcophagus
7561	206	name-verified	sarcophagus
7562	207	name-verified	stone
7563	208	name-verified	stone
7564	209	name-verified	sarcophagus
7565	210	name-verified	sarcophagus
7566	211	name-verified	remains of a spider egg
7567	212	name-verified	skeleton
7568	213	name-verified	skeleton
7569	214	name-verified	niche
7570	215	name-verified	niche
7571	216	name-verified	skeleton
7572	217	name-verified	skeleton
7573	218	otb-only	skeleton
7574	219	otb-only	skeleton
7575	220	name-verified	buoy
7576	221	name-verified	buoy line
7577	222	name-verified	buoy line
7578	223	name-verified	buoy line
7579	224	name-verified	buoy line
7580	225	name-verified	buoy line
7581	226	name-verified	buoy line
7582	227	name-verified	fine vase
7583	228	otb-only	elven vase
7584	230	name-verified	ship cabin wall
7586	234	name-verified	remains of a spider egg
7587	235	name-verified	bag
7588	236	name-verified	strong health potion
7589	237	name-verified	strong mana potion
7590	238	name-verified	great mana potion
7591	239	name-verified	great health potion
7592	240	name-verified	linen
7593	241	name-verified	linen
7594	242	name-verified	linen
7595	243	name-verified	linen
7596	244	name-verified	linen
7597	245	name-verified	linen
7598	246	name-verified	linen
7599	247	name-verified	linen
7600	248	otb-only	wood
7601	249	name-verified	linen
7602	250	name-verified	linen
7603	251	name-verified	linen
7604	252	name-verified	linen
7605	253	name-verified	tent
7606	254	name-verified	tent
7607	255	name-verified	tent
7608	256	name-verified	tent
7609	257	name-verified	tent
7610	258	name-verified	tent
7611	259	name-verified	tent
7612	260	name-verified	tent
7613	261	name-verified	tent
7614	262	name-verified	tent
7615	263	name-verified	tent
7616	264	name-verified	tent
7617	265	otb-only	linen
7618	266	name-verified	health potion
7619	267	name-verified	linen
7620	268	name-verified	mana potion
7621	269	name-verified	dead dragon hatchling
7622	270	name-verified	dead dragon hatchling
7623	271	name-verified	dead dragon hatchling
7624	272	name-verified	dead dragon hatchling
7625	273	name-verified	dead dragon hatchling
7626	274	name-verified	dead dragon hatchling
7627	275	name-verified	dead dragon hatchling
7628	276	name-verified	dead squirrel
7629	277	name-verified	dead squirrel
7630	278	name-verified	dead squirrel
7631	279	name-verified	dead squirrel
7632	281	name-verified	giant shimmering pearl
7633	282	name-verified	giant shimmering pearl
7634	283	name-verified	empty potion flask
7635	284	name-verified	empty potion flask
7636	285	name-verified	empty potion flask
7637	286	name-verified	dead cat
7638	287	name-verified	dead cat
7639	288	name-verified	dead cat
7640	289	name-verified	dead cat
7641	290	name-verified	rock soil
7642	291	name-verified	rock soil
7643	292	name-verified	rock soil
7644	295	name-verified	rock soil
7645	296	name-verified	rock soil
7646	297	name-verified	rock soil
7647	298	name-verified	rock soil
7648	299	name-verified	rock soil
7649	300	name-verified	rock soil
7650	301	name-verified	rock soil
7651	302	name-verified	rock soil
7652	303	name-verified	rock soil
7653	304	name-verified	grass
7654	305	otb-only	dirt floor
7655	306	name-verified	empty flower pot
7656	307	name-verified	grass
7657	308	name-verified	grass
7658	309	name-verified	grass
7659	310	name-verified	grass
7660	311	name-verified	grass
7661	312	name-verified	grass
7662	313	name-verified	grass
7663	314	name-verified	grass
7664	315	name-verified	grass
7665	316	name-verified	flower pot
7666	317	otb-only	dirt floor
7667	318	otb-only	dirt floor
7668	319	otb-only	dirt floor
7669	320	otb-only	dirt floor
7670	321	name-verified	flower pot
7671	322	otb-only	dirt floor
7672	323	otb-only	dirt floor
7673	324	name-verified	flower pot
7674	325	name-verified	withered plant
7675	326	name-verified	withered plant
7676	327	name-verified	withered plant
7677	328	name-verified	withered plant
7678	329	name-verified	flower pot
7679	330	name-verified	flower pot
7680	331	name-verified	flower pot
7681	332	name-verified	flower pot
7682	333	name-verified	flower pot
7683	334	name-verified	flower pot
7684	335	name-verified	flower pot
7685	336	name-verified	flower pot
7686	337	name-verified	flower pot
7687	338	name-verified	flower pot
7688	339	name-verified	flower pot
7689	340	name-verified	flower pot
7690	341	name-verified	flower pot
7691	342	name-verified	flower pot
7692	343	name-verified	flower pot
7693	344	name-verified	flower pot
7694	345	name-verified	flower pot
7695	346	name-verified	flower pot
7696	5956	otb-only	parchment
7697	349	name-verified	suspicious signet ring
7698	350	name-verified	case of rust bugs
7699	396	name-verified	technomancer beard
7700	397	name-verified	amazon disguise kit
7701	398	name-verified	wooden trash
7702	399	name-verified	building plans for a ship
7703	400	name-verified	suspicious documents
7704	401	name-verified	book
7705	403	name-verified	file ah-x17l89
7706	404	name-verified	barrel of beer
7707	405	name-verified	weapons crate
7708	406	name-verified	family signet ring
7709	407	name-verified	grass
7710	618	name-verified	grass
7711	619	name-verified	waterball
7712	620	name-verified	beach chair
7713	621	name-verified	beach chair
7714	623	name-verified	beach chair
7715	624	name-verified	beach chair
7716	625	name-verified	parasol
7717	626	name-verified	parasol
7718	627	name-verified	parasol
7719	628	name-verified	wooden floor
7720	635	name-verified	parchment
7721	636	name-verified	parchment
7722	637	otb-only	paper
7723	638	otb-only	blank paper
7724	639	name-verified	scroll
7725	640	otb-only	blank scroll
7726	641	name-verified	piece of paper
7727	642	name-verified	piece of paper
7728	643	name-verified	crumpled piece of paper
7729	644	name-verified	torn piece of paper
7730	645	name-verified	blue legs
7731	646	name-verified	elvenhair rope
7732	647	name-verified	seeds
7733	649	name-verified	flower bouquet
7734	650	name-verified	watering can
7735	651	name-verified	spellwand
7736	652	name-verified	rotten heart of a tree
7737	653	name-verified	costume bag
7738	9151	name-verified	bag of screws
7739	655	name-verified	costume bag
7740	656	name-verified	dead cyclops
7741	657	name-verified	dead cyclops
7742	658	name-verified	dead cyclops
7743	659	name-verified	dead cyclops
7744	660	name-verified	fiery spike sword
7745	661	name-verified	fiery relic sword
7746	662	name-verified	fiery mystic blade
7747	663	name-verified	fiery blacksteel sword
7748	664	name-verified	fiery dragon slayer
7749	665	name-verified	fiery barbarian axe
7750	666	name-verified	fiery knight axe
7751	667	name-verified	fiery heroic axe
7752	668	name-verified	fiery headchopper
7753	669	name-verified	fiery war axe
7754	670	name-verified	fiery clerical mace
7755	671	name-verified	fiery crystal mace
7756	672	name-verified	fiery cranial basher
7757	673	name-verified	fiery orcish maul
7758	674	name-verified	fiery war hammer
7759	675	name-verified	small enchanted sapphire
7760	676	name-verified	small enchanted ruby
7761	677	name-verified	small enchanted emerald
7762	678	name-verified	small enchanted amethyst
7763	679	name-verified	icy spike sword
7764	680	name-verified	icy relic sword
7765	681	name-verified	icy mystic blade
7766	682	name-verified	icy blacksteel sword
7767	683	name-verified	icy dragon slayer
7768	684	name-verified	icy barbarian axe
7769	685	name-verified	icy knight axe
7770	686	name-verified	icy heroic axe
7771	687	name-verified	icy headchopper
7772	688	name-verified	icy war axe
7773	689	name-verified	icy clerical mace
7774	690	name-verified	icy crystal mace
7775	691	name-verified	icy cranial basher
7776	692	name-verified	icy orcish maul
7777	693	name-verified	icy war hammer
7778	694	name-verified	bed
7779	696	name-verified	bed
7780	697	name-verified	bed
7781	698	name-verified	cot
7782	699	name-verified	cot
7783	700	name-verified	cot
7784	701	name-verified	cot
7785	702	name-verified	hammock
7786	704	name-verified	hammock
7787	706	name-verified	bed
7788	707	name-verified	bed
7789	708	name-verified	bed
7790	709	name-verified	bed
7791	710	name-verified	bed
7792	711	name-verified	bed
7793	712	name-verified	bed
7794	713	name-verified	bed
7795	714	name-verified	bed
7796	715	name-verified	bed
7797	716	name-verified	bed
7798	717	name-verified	bed
7799	718	name-verified	bed
7800	719	name-verified	bed
7801	720	name-verified	bed
7802	721	name-verified	bed
7803	722	name-verified	bed
7804	723	name-verified	bed
7805	724	name-verified	bed
7806	725	name-verified	bed
7807	726	name-verified	bed
7808	731	name-verified	bed
7809	732	name-verified	bed
7810	733	name-verified	bed
7811	734	name-verified	bed
7812	735	name-verified	bed
7813	736	name-verified	bed
7814	737	name-verified	bed
7815	738	name-verified	bed
7816	739	name-verified	bed
7817	740	name-verified	bed
7818	741	name-verified	bed
7819	742	name-verified	bed
7820	743	name-verified	bed
7821	744	name-verified	bed
7822	745	name-verified	bed
7823	746	name-verified	obsidian statue
7824	747	name-verified	dragon statue
7825	19131	otb-only	shadowy statue
7826	749	name-verified	strange statue
7827	750	name-verified	huge telescope
7828	751	name-verified	astro clock
7829	752	name-verified	celestial map
7830	753	name-verified	celestial map
7831	754	name-verified	celestial map
7832	755	name-verified	celestial map
7833	756	otb-only	dirt floor
7834	757	otb-only	dirt floor
7835	758	otb-only	dirt floor
7836	759	otb-only	dirt floor
7837	760	otb-only	dirt floor
7838	761	name-verified	flash arrow
7839	762	name-verified	shiver arrow
7840	763	name-verified	flaming arrow
7841	764	name-verified	straw mat
7842	765	name-verified	straw mat
7843	766	name-verified	straw mat
7844	768	name-verified	document of the follower
7845	769	name-verified	document of the officer
7846	770	name-verified	document of the leader
7847	771	name-verified	dead cyclops
7848	772	name-verified	dead cyclops
7849	773	name-verified	dead cyclops
7850	774	name-verified	earth arrow
7851	776	otb-only	buttress
7852	777	otb-only	buttress
7853	778	otb-only	buttress
7854	779	name-verified	earth spike sword
7855	780	name-verified	earth relic sword
7856	781	name-verified	earth mystic blade
7857	782	name-verified	earth blacksteel sword
7858	783	name-verified	earth dragon slayer
7859	784	name-verified	earth barbarian axe
7860	785	name-verified	earth knight axe
7861	786	name-verified	earth heroic axe
7862	787	name-verified	earth headchopper
7863	788	name-verified	earth war axe
7864	789	name-verified	earth clerical mace
7865	790	name-verified	earth crystal mace
7866	791	name-verified	earth cranial basher
7867	792	name-verified	earth orcish maul
7868	793	name-verified	earth war hammer
7869	794	name-verified	energy spike sword
7870	795	name-verified	energy relic sword
7871	796	name-verified	energy mystic blade
7872	797	name-verified	energy blacksteel sword
7873	798	name-verified	energy dragon slayer
7874	801	name-verified	energy barbarian axe
7875	802	name-verified	energy knight axe
7876	803	name-verified	energy heroic axe
7877	804	name-verified	energy headchopper
7878	805	name-verified	energy war axe
7879	806	name-verified	energy clerical mace
7880	807	name-verified	energy crystal mace
7881	808	name-verified	energy cranial basher
7882	809	name-verified	energy orcish maul
7883	810	name-verified	energy war hammer
7884	811	name-verified	terra mantle
7885	812	name-verified	terra legs
7886	813	name-verified	terra boots
7887	814	name-verified	terra amulet
7888	815	name-verified	glacier amulet
7889	816	name-verified	lightning pendant
7890	817	name-verified	magma amulet
7891	818	name-verified	magma boots
7892	819	name-verified	glacier shoes
7893	820	name-verified	lightning boots
7894	821	name-verified	magma legs
7895	822	name-verified	lightning legs
7896	823	name-verified	glacier kilt
7897	824	name-verified	glacier robe
7898	825	name-verified	lightning robe
7899	826	name-verified	magma coat
7900	827	name-verified	magma monocle
7901	828	name-verified	lightning headband
7902	829	name-verified	glacier mask
7903	830	name-verified	terra hood
7904	831	name-verified	green bed kit
7905	832	name-verified	yellow bed kit
7906	833	name-verified	red bed kit
7907	834	name-verified	blue bed kit
7908	835	otb-only	dead cyclops
7909	836	name-verified	walnut
7910	841	name-verified	peanut
7911	842	name-verified	mysterious machine
7912	843	name-verified	mysterious machine
7913	844	name-verified	mysterious machine
7914	845	name-verified	mysterious machine
7915	842	name-verified	mysterious machine
7916	843	name-verified	mysterious machine
7917	844	name-verified	mysterious machine
7918	845	name-verified	mysterious machine
7919	850	name-verified	armillary sphere
7920	851	name-verified	chalk board
7921	852	name-verified	chalk board
7922	853	name-verified	chalk board
7923	854	name-verified	chalk board
7924	855	name-verified	stone stairs
7925	856	name-verified	stone stairs
7926	861	name-verified	dead troll
7927	862	name-verified	dead troll
7928	863	name-verified	dead troll
7929	4254	name-verified	pile of bones
7930	865	name-verified	dead troll
7931	866	name-verified	dead troll
7932	867	name-verified	large hole
7933	868	otb-only	large hole
7934	869	name-verified	test-tube holder
7935	871	name-verified	potion stand
7936	872	name-verified	trophy stand
7937	873	name-verified	potion stand
7938	874	name-verified	large hole
7939	875	name-verified	mining helmet
7940	877	otb-only	blocked cave entrance
7941	878	name-verified	wooden floor
7943	880	name-verified	shallow water
7944	881	name-verified	shallow water
7945	882	name-verified	shallow water
7946	883	name-verified	shallow water
7947	884	name-verified	shallow water
7948	885	name-verified	shallow water
7949	886	name-verified	shallow water
7950	887	name-verified	shallow water
7951	888	name-verified	shallow water
7952	889	name-verified	shallow water
7953	890	name-verified	shallow water
7954	891	name-verified	shallow water
7955	140	name-verified	parcel
7956	893	name-verified	waterball
7957	894	name-verified	jester hat
7958	895	name-verified	jester staff
7959	896	name-verified	firlefanz
7960	897	name-verified	mysterious package
7961	898	name-verified	mysterious package
7962	899	name-verified	mysterious package
7963	901	name-verified	marlin
7964	902	name-verified	marlin trophy
7965	903	name-verified	badger fur
7966	904	name-verified	throwing cake
7967	908	name-verified	shapeshifter ring
7968	908	name-verified	shapeshifter ring
7969	909	name-verified	dead dragon hatchling
7970	910	name-verified	dead dragon hatchling
7971	911	name-verified	dead dragon hatchling
7975	1010	name-verified	earth
7976	1011	name-verified	earth
7977	9254	name-verified	sparkling gems
7978	1013	name-verified	sparkling gems
7979	1014	name-verified	sparkling gems
7980	1015	name-verified	sparkling gems
7981	1016	name-verified	sparkling gems
7982	1017	name-verified	sparkling gems
7983	1018	name-verified	sparkling gems
7984	1022	name-verified	sparkling gems
7985	1023	name-verified	sparkling gems
7986	1024	name-verified	sparkling gems
7987	1025	name-verified	earth
7988	1026	name-verified	earth
7989	1027	name-verified	earth
7990	1028	name-verified	earth
7991	1029	name-verified	earth
7992	1030	name-verified	earth
7993	1031	name-verified	earth
7994	1032	name-verified	earth
7995	1033	name-verified	earth
7996	1034	name-verified	earth
7997	1035	name-verified	earth
7998	1036	name-verified	earth
7999	1037	name-verified	earth
8000	1038	name-verified	earth
8001	1039	name-verified	earth
8002	1040	name-verified	earth
8003	1041	name-verified	earth
8004	1042	name-verified	earth
8005	1043	name-verified	earth
8006	1044	name-verified	earth
8007	1045	name-verified	earth
8008	1046	name-verified	earth
8009	1047	name-verified	bone
8010	1048	name-verified	bone
8011	1049	name-verified	plants
8012	1050	name-verified	plants
8013	1051	name-verified	plants
8014	1052	name-verified	plants
8015	1053	name-verified	earth
8016	1069	otb-only	ant trail
8017	1087	name-verified	earth
8018	1088	otb-only	buttress
8019	1089	otb-only	buttress
8020	1090	name-verified	jagged stones
8021	1091	name-verified	rifty earth
8022	1092	name-verified	rifty earth
8023	1093	name-verified	rifty earth
8024	1094	name-verified	rifty earth
8025	1095	name-verified	rifty earth
8026	1096	name-verified	rifty earth
8027	1097	name-verified	rifty earth
8028	1098	name-verified	rifty earth
8030	1700	name-verified	rifty earth
8031	1701	name-verified	rifty earth
8032	1702	name-verified	rifty earth
8033	1703	name-verified	sand
8034	1704	name-verified	sand
8035	1705	name-verified	sand
8036	1706	name-verified	sand
8037	1707	name-verified	sand
8038	1708	name-verified	sand
8039	1709	name-verified	sand
8040	1710	name-verified	sand
8041	1711	name-verified	sand
8042	1712	name-verified	sand
8043	1713	name-verified	sand
8044	1714	name-verified	sand
8045	1715	name-verified	sand
8046	1722	name-verified	something sparkling
8047	1723	name-verified	something sparkling
8048	1724	name-verified	earth
8049	1725	name-verified	earth
8050	1726	name-verified	earth
8051	1727	name-verified	earth
8052	1728	name-verified	earth
8053	1729	name-verified	earth
8054	1730	name-verified	earth
8055	1731	name-verified	earth
8056	1732	name-verified	earth
8057	1733	name-verified	earth
8058	1959	name-verified	mystic flame
8059	1979	name-verified	sanctified grave
8062	2127	name-verified	poison gas
8072	2397	name-verified	yellow pillow
8075	2496	name-verified	bed
8076	2498	name-verified	bed
8077	2508	name-verified	hammock
8078	2510	name-verified	hammock
8109	3129	otb-only	some special leaves
8110	3218	name-verified	present
8111	130	name-verified	exploding cookie
8112	169	name-verified	scarab cheese
8117	4411	name-verified	earth
8118	4412	name-verified	earth
8119	4413	name-verified	earth
8120	4414	name-verified	earth
8121	4415	name-verified	earth
8122	4416	name-verified	earth
8123	4417	name-verified	earth
8124	4418	name-verified	earth
8125	4419	name-verified	earth
8126	4420	name-verified	earth
8127	4421	name-verified	earth
8128	4422	name-verified	earth
8129	4423	name-verified	earth
8130	4424	name-verified	earth
8131	4425	name-verified	earth
8132	4426	name-verified	earth
8133	4427	name-verified	earth
8135	4429	name-verified	earth
8136	4430	name-verified	earth
8137	4431	name-verified	earth
8138	4432	name-verified	earth
8139	4433	name-verified	snowy birch tree
8140	4434	name-verified	grass
8141	4435	name-verified	grass
8142	4436	name-verified	grass
8143	4437	name-verified	grass
8144	4438	name-verified	grass
8145	4439	name-verified	grass
8146	4440	name-verified	grass
8147	4441	name-verified	grass
8148	4442	name-verified	grass
8149	4443	name-verified	grass
8150	4444	name-verified	grass
8151	4556	name-verified	grass
8152	4557	name-verified	grass
8153	4558	name-verified	grass
8154	4603	name-verified	grass
8155	4604	name-verified	grass
8156	4605	name-verified	grass
8157	4606	name-verified	grass
8158	4607	name-verified	grass
8159	4608	name-verified	grass
8166	4745	name-verified	grass
8167	4746	name-verified	grass
8168	4747	name-verified	earth
8169	4748	name-verified	earth
8170	4824	name-verified	stairs
8174	5065	name-verified	burning wall
8175	5498	name-verified	straw mat
8176	5538	name-verified	cask of brown ale
8182	4853	name-verified	ectoplasm container
8186	6080	name-verified	dead human
8187	112	name-verified	magical watch
8188	3506	name-verified	stamped letter
8189	6119	name-verified	poem scroll
8190	648	name-verified	nature magic spellbook
8194	6393	name-verified	cream cake
8201	7180	name-verified	broken pottery
8202	7181	name-verified	cave entrance
8203	7182	name-verified	cave entrance
8204	124	name-verified	easily inflammable sulphur
8205	12784	otb-only	special flask
8208	229	name-verified	ice cream cone
8209	7385	name-verified	crimson sword
8210	7476	name-verified	cave entrance
8211	7477	name-verified	cave entrance
8212	7478	name-verified	cave entrance
8213	7479	name-verified	cave entrance
8214	7480	name-verified	jagged stones
8215	7481	name-verified	jagged stones
8216	7482	name-verified	jagged stones
8217	7483	name-verified	jagged stones
8218	7484	name-verified	jagged stones
8219	7485	name-verified	jagged stones
8220	7486	otb-only	jagged stone
8221	7487	name-verified	jagged stones
8222	7488	name-verified	jagged stones
8223	7489	name-verified	jagged stones
8224	7490	name-verified	jagged stones
8225	7491	name-verified	jagged stones
8226	7492	name-verified	jagged stones
8227	7493	name-verified	strange stone
8228	7494	name-verified	strange stone
8229	7495	otb-only	demonic head
8230	7496	name-verified	strange stone
8231	7497	name-verified	strange stone
8232	7498	otb-only	demonic head
8233	7499	otb-only	dragon head
8234	7500	otb-only	dragon head
8235	7501	otb-only	dragon head
8236	7502	otb-only	dragon head
8237	7503	name-verified	jagged stones
8238	7504	name-verified	jagged stones
8239	7505	name-verified	jagged stones
8240	7506	name-verified	jagged stones
8241	7507	name-verified	ornamented stone pillar
8242	7508	name-verified	ornamented stone pillar
8243	7509	name-verified	archway
8244	7510	name-verified	archway
8245	7511	otb-only	ornamented stone
8246	7512	otb-only	ornamented stone
8247	7513	otb-only	ornamented stone
8248	7514	otb-only	ornamented stone
8249	7515	name-verified	hole
8250	7516	name-verified	hole
8251	7517	name-verified	hole
8252	7518	name-verified	hole
8253	7519	name-verified	something crawling
8254	7520	name-verified	hole
8255	7521	name-verified	hole
8256	7522	name-verified	large hole
8257	7523	otb-only	grass
8258	7524	otb-only	stones
8260	7526	name-verified	mountain
8261	7527	name-verified	jewel case
8262	7528	name-verified	piece of a broken amulet
8263	7529	name-verified	piece of a broken amulet
8264	7530	name-verified	piece of a broken amulet
8265	7531	name-verified	piece of a broken amulet
8266	7532	name-verified	koshei's ancient amulet
8267	7533	name-verified	nomad parchment
8268	7534	name-verified	sundial
8269	7535	name-verified	remains of koshei
8271	7537	name-verified	remains of koshei
8272	7538	name-verified	remains of koshei
8273	7539	name-verified	remains of koshei
8274	7540	name-verified	remains of koshei
8275	100	name-verified	void
8276	369	name-verified	trapdoor
8277	370	name-verified	trapdoor
8278	386	name-verified	dirt floor
8279	411	name-verified	trapdoor
8280	7767	name-verified	trapdoor
8281	413	otb-only	trapdoor
8282	414	name-verified	stairs
8283	428	name-verified	stairs
8284	432	name-verified	trapdoor
8285	433	otb-only	trapdoor
8286	7768	name-verified	trapdoor
8287	905	name-verified	wooden floor
8288	914	name-verified	demon oak
8289	915	name-verified	demon oak
8290	916	name-verified	demon oak
8291	917	name-verified	demon oak
8292	918	otb-only	dirt floor
8293	919	name-verified	hallowed axe
8294	920	otb-only	stone railing
8295	921	otb-only	stone railing
8296	938	name-verified	ship's telescope
8297	939	name-verified	bait
8298	940	name-verified	natural soil
8299	941	name-verified	glimmering soil
8300	942	name-verified	flawless ice crystal
8301	943	name-verified	holy soil
8302	944	name-verified	iced soil
8303	945	name-verified	energy soil
8304	946	name-verified	eternal flames
8305	947	name-verified	mother soil
8306	948	name-verified	pure energy
8307	949	name-verified	dead sea serpent
8308	951	name-verified	dead sea serpent
8309	953	name-verified	nail
8310	954	name-verified	neutral matter
8311	955	name-verified	dead sea serpent
8312	956	name-verified	dead sea serpent
8313	957	name-verified	birch
8314	958	name-verified	dead tree
8315	959	name-verified	sand
8316	960	name-verified	sand
8317	961	name-verified	sand
8318	962	name-verified	sand
8319	963	name-verified	sand
8320	964	name-verified	sand
8321	965	name-verified	sand
8322	966	name-verified	sand
8323	967	otb-only	sand
8324	968	name-verified	heap of sand
8325	969	name-verified	heap of sand
8326	970	name-verified	dried grass
8327	971	name-verified	dried grass
8328	972	name-verified	dried grass
8329	973	name-verified	dried grass
8330	974	name-verified	dried grass
8331	975	name-verified	dried grass
8332	976	name-verified	dried grass
8333	977	name-verified	dried grass
8334	978	name-verified	dried grass
8335	979	name-verified	sand
8336	980	name-verified	sand
8337	981	name-verified	sand
8338	983	name-verified	sand
8339	984	name-verified	sand
8340	985	name-verified	sand
8341	986	name-verified	sand
8342	987	name-verified	sand
8343	988	name-verified	sand
8344	989	name-verified	sand
8345	990	name-verified	sand
8346	991	name-verified	sand
8347	992	name-verified	dried grass
8348	993	name-verified	dried grass
8349	994	name-verified	dry grass
8350	995	name-verified	dry grass
8351	996	name-verified	dry grass
8352	997	name-verified	dry grass
8353	998	name-verified	dry grass
8354	999	name-verified	dry grass
8355	1000	name-verified	dry grass
8356	1001	name-verified	dry grass
8357	1002	name-verified	dry grass
8358	1003	name-verified	dry grass
8359	1004	name-verified	dry grass
8360	1005	otb-only	grass
8361	1006	name-verified	jagged stones
8362	1007	name-verified	earth
8363	1008	name-verified	earth
8364	1009	name-verified	earth
8365	1339	name-verified	rifty earth
8366	2727	name-verified	earth
8367	2731	name-verified	earth
8368	3607	name-verified	cheese
8369	3993	name-verified	earth
8370	6113	name-verified	letter to eremo
8371	7541	name-verified	earth
8372	7542	name-verified	ramp
8373	7543	name-verified	ramp
8374	7544	name-verified	ramp
8375	7545	name-verified	ramp
8376	7546	name-verified	ramp
8377	7547	name-verified	ramp
8378	7548	name-verified	ramp
8379	7549	name-verified	ramp
8380	7550	otb-only	grass
8381	7551	otb-only	grass
8382	7552	otb-only	grass
8383	7553	otb-only	grass
8384	7554	otb-only	grass
8385	7555	otb-only	grass
8386	7556	name-verified	bone
8387	7557	name-verified	bone
8388	7558	name-verified	skull
8389	7559	name-verified	bone
8390	7560	name-verified	bone
8391	7561	name-verified	bone
8392	7562	name-verified	bone
8393	7563	name-verified	skull
8394	7564	name-verified	bone
8395	7565	name-verified	bone
8396	7566	name-verified	bone
8397	7567	name-verified	bone
8398	7568	name-verified	skull
8399	7569	name-verified	skull
8400	7570	name-verified	bone claw
8401	7571	otb-only	bone claw
8402	7572	name-verified	bone claw
8403	7573	otb-only	bone claw
8404	7574	name-verified	skull
8405	7575	name-verified	skull
8406	7576	name-verified	bones
8407	7577	name-verified	bones
8408	7578	name-verified	bones
8409	7579	name-verified	bones
8410	7580	name-verified	bones
8411	7581	name-verified	bones
8412	7582	name-verified	bones
8413	7583	name-verified	bones
8414	7584	name-verified	bones
8415	7585	name-verified	bones
8416	7586	name-verified	heap of sand
8417	7587	name-verified	heap of sand
8418	7588	name-verified	hydra statue
8419	7589	name-verified	hydra statue
8420	7590	name-verified	hydra statue
8421	7591	name-verified	hydra statue
8422	7592	name-verified	druid statue
8423	7593	name-verified	brown pavement
8424	7594	otb-only	stony pavement
8425	7595	name-verified	brown pavement
8426	7596	name-verified	brown pavement
8427	7597	name-verified	brown pavement
8428	7598	name-verified	brown pavement
8429	7599	name-verified	brown pavement
8430	7600	name-verified	brown pavement
8431	7601	name-verified	brown pavement
8432	7602	otb-only	stony pavement
8433	7603	otb-only	stony pavement
8434	7604	otb-only	stony pavement
8435	7605	name-verified	cobbled pavement
8436	7606	name-verified	cobbled pavement
8437	7607	name-verified	cobbled pavement
8438	7608	name-verified	cobbled pavement
8439	7609	name-verified	cobbled pavement
8440	7610	name-verified	cobbled pavement
8441	7611	name-verified	cobbled pavement
8442	7612	name-verified	cobbled pavement
8443	7613	name-verified	cobbled pavement
8444	7614	name-verified	cobbled pavement
8445	7615	name-verified	cobbled pavement
8446	7616	name-verified	cobbled pavement
8447	7617	otb-only	cobbled pavement
8448	7618	otb-only	cobbled pavement
8449	7619	otb-only	cobbled pavement
8450	7620	otb-only	cobbled pavement
8451	7621	otb-only	cobbled pavement
8452	7622	otb-only	cobbled pavement
8453	7623	otb-only	cobbled pavement
8454	7624	otb-only	cobbled pavement
8455	7625	otb-only	cobbled pavement
8456	7626	otb-only	cobbled pavement
8457	7627	otb-only	cobbled pavement
8458	7628	otb-only	cobbled pavement
8459	7629	name-verified	strange statue
8460	7630	name-verified	earth
8461	7631	name-verified	earth
8462	7632	name-verified	earth
8463	7633	name-verified	earth
8464	7634	name-verified	earth
8465	7635	name-verified	earth
8466	7636	name-verified	earth
8467	7637	name-verified	earth
8468	7638	name-verified	earth
8469	7639	name-verified	earth
8470	7640	name-verified	earth
8471	7641	name-verified	earth
8472	7642	name-verified	great spirit potion
8473	7643	name-verified	ultimate health potion
8474	7644	name-verified	antidote potion
8475	7645	name-verified	stone wall
8476	7646	name-verified	stone wall
8477	7647	name-verified	stone wall
8478	7648	name-verified	stone wall
8479	7649	name-verified	stone wall
8480	7650	name-verified	stone wall
8481	7651	name-verified	stone wall
8482	7652	name-verified	stone wall
8483	7653	name-verified	stone wall
8484	7654	name-verified	stone wall
8485	7655	name-verified	stone wall
8486	7656	name-verified	stone wall
8487	7657	name-verified	stone wall
8488	7658	name-verified	stone wall
8489	7659	name-verified	stone wall
8490	7660	name-verified	stone wall
8491	7661	name-verified	stone wall
8492	7662	name-verified	stone wall
8493	7663	name-verified	stone wall
8494	7664	name-verified	stone wall
8495	7665	name-verified	stone wall
8496	7666	name-verified	stone wall
8497	7667	name-verified	stone wall
8498	7668	name-verified	stone wall
8499	7669	name-verified	stone wall
8500	7670	name-verified	stone wall
8501	7671	name-verified	stone wall
8502	7672	name-verified	stone wall
8503	7673	name-verified	stone wall
8504	7674	name-verified	stone wall
8505	7675	name-verified	stone wall
8506	7676	name-verified	stone wall
8507	7677	name-verified	stone wall
8508	7678	name-verified	stone wall
8509	7679	name-verified	stone wall
8510	7680	name-verified	stone wall
8511	7681	name-verified	stone wall
8512	7682	name-verified	stone wall
8513	7683	name-verified	stone wall
8514	7684	name-verified	stone wall
8515	7685	name-verified	stone wall
8516	7686	name-verified	stone wall
8517	7687	name-verified	stone wall
8518	7688	name-verified	stone wall
8519	7689	name-verified	stone wall
8520	7690	name-verified	stone wall
8521	7691	name-verified	stone wall
8522	7692	name-verified	stone wall
8523	7693	name-verified	stone wall
8524	7694	name-verified	stone wall
8525	7695	name-verified	stone wall
8526	7696	name-verified	gem
8527	7697	name-verified	gem
8528	7698	name-verified	gem
8529	7699	name-verified	gem
8530	7700	name-verified	gem
8531	7701	name-verified	gem
8532	7702	name-verified	gem
8533	7703	name-verified	gem
8534	7704	name-verified	buttress
8535	7705	name-verified	buttress
8536	7706	name-verified	buttress
8537	7707	name-verified	buttress
8538	7708	name-verified	stone pillar
8539	7709	name-verified	stone pillar
8540	7710	name-verified	stone pillar
8541	7711	name-verified	closed door
8542	7712	name-verified	closed door
8543	7713	name-verified	open door
8544	7714	name-verified	closed door
8545	7715	name-verified	closed door
8546	7716	name-verified	open door
8547	7717	name-verified	closed door
8548	7718	name-verified	open door
8549	7719	name-verified	closed door
8550	7720	name-verified	open door
8551	7721	name-verified	closed door
8552	7722	name-verified	open door
8553	7723	name-verified	closed door
8554	7724	name-verified	open door
8555	7725	name-verified	gate of expertise
8556	7726	name-verified	gate of expertise
8557	7727	name-verified	gate of expertise
8558	7728	name-verified	gate of expertise
8559	7729	name-verified	ramp
8560	7730	name-verified	ramp
8561	7731	name-verified	ramp
8562	7732	name-verified	ramp
8563	7733	name-verified	ramp
8564	7734	name-verified	ramp
8565	7735	name-verified	ramp
8566	7736	name-verified	ramp
8567	7737	otb-only	sand
8568	7738	name-verified	sand
8569	7739	name-verified	rock
8570	7740	name-verified	ice
8571	7741	name-verified	ice cube
8572	7742	name-verified	dead man's saddle
8573	7743	otb-only	lava hole
8574	7744	otb-only	small ice statue
8575	7745	otb-only	lava hole
8576	7746	name-verified	dead man's saddle
8577	7747	name-verified	void
8578	7748	name-verified	jungle grass
8579	7749	name-verified	loose stone pile
8580	7750	name-verified	sewer grate
8581	7751	otb-only	cart
8582	7752	name-verified	branch
8583	7753	name-verified	dead tree
8584	7754	name-verified	jerom's family necklace
8585	7755	name-verified	hole
8586	7756	name-verified	dirt floor
8587	7757	otb-only	chest
8588	7758	otb-only	bone claw
8589	7759	otb-only	bone claw
8590	7760	name-verified	tiled floor
8591	7761	name-verified	grass
8592	7762	name-verified	dirt floor
8593	7763	name-verified	dead cockroach
8594	7764	name-verified	dirt
8595	7767	name-verified	trapdoor
8596	7768	name-verified	trapdoor
8597	7769	name-verified	wooden floor
8598	7770	name-verified	stone floor
8599	7771	name-verified	ladder
8600	7772	name-verified	branch
8601	7773	name-verified	steel axe
8602	7774	name-verified	jagged sword
8603	7775	name-verified	wheel
8604	7776	name-verified	wheel
8605	7777	name-verified	brick window
8606	7778	name-verified	brick window
8607	7779	name-verified	brick window
8608	7780	name-verified	brick window
8609	7781	name-verified	brick window
8610	7782	name-verified	brick window
8611	7783	name-verified	brick window
8612	7784	name-verified	brick window
8613	7785	name-verified	bricklayers' kit
8614	7786	name-verified	orc tusk
8615	7787	name-verified	dwarven statue
8616	7788	name-verified	dwarven statue
8617	7789	name-verified	orcish banner
8618	7790	name-verified	orcish banner
8619	7791	name-verified	orcish banner
8620	7792	name-verified	orcish banner
8621	7793	name-verified	orcish banner
8622	7794	name-verified	orcish banner
8623	7795	name-verified	orcish totem pole
8624	7796	name-verified	orcish pole
8625	7797	name-verified	dwarven statue
8626	7798	name-verified	dwarven statue
8627	7799	otb-only	bones
8628	7800	otb-only	bones
8629	7801	otb-only	bones
8630	7802	otb-only	bones
8631	7803	otb-only	fire
8632	7804	name-verified	water vortex
8633	7805	name-verified	large crystal
8634	7806	name-verified	large crystal
8635	7807	name-verified	large crystal
8636	7808	name-verified	large crystal
8637	7809	name-verified	crystal
8638	7810	name-verified	crystal
8639	7811	otb-only	large crystal
8640	7812	otb-only	large crystal
8641	7813	name-verified	crucible
8642	7814	name-verified	crucible
8643	7815	name-verified	mould
8644	7816	name-verified	mould
8645	7817	name-verified	mould
8646	7818	name-verified	mould
8647	7819	name-verified	mould
8648	7820	name-verified	mould
8649	7821	name-verified	steaming hot lava
8650	7822	name-verified	steaming hot lava
8651	7823	name-verified	steaming hot lava
8652	7824	name-verified	steaming hot lava
8653	7825	name-verified	empty pipe
8654	7826	name-verified	empty pipe
8655	7827	name-verified	empty pipe
8656	7828	name-verified	empty pipe
8657	7829	name-verified	empty pipe
8658	7830	name-verified	empty pipe
8659	7831	name-verified	empty pipe
8660	7832	name-verified	empty pipe
8661	7833	name-verified	empty pipe
8662	7834	name-verified	empty pipe
8663	7835	name-verified	steaming hot lava
8664	7836	name-verified	steaming hot lava
8665	7837	name-verified	steaming hot lava
8666	7838	name-verified	steaming hot lava
8667	7839	name-verified	steaming hot lava
8668	7840	name-verified	steaming hot lava
8669	7841	name-verified	bellow
8670	7842	name-verified	bellow
8671	7843	name-verified	anvil
8672	7844	name-verified	steaming hot lava
8673	7845	name-verified	steaming hot lava
8674	7846	name-verified	muzzle
8675	7847	name-verified	muzzle
8676	7848	name-verified	muzzle
8677	7849	name-verified	muzzle
8678	7850	name-verified	armor parts
8679	7851	name-verified	armor parts
8680	7852	name-verified	tool parts
8681	7853	name-verified	tool parts
8682	7854	name-verified	armor parts
8683	7855	name-verified	armor parts
8684	7856	name-verified	chimney
8685	7857	name-verified	chimney
8686	7858	name-verified	chimney
8687	7859	name-verified	chimney
8688	7860	name-verified	chimney
8689	7861	name-verified	chimney
8690	7862	name-verified	chimney
8691	7863	name-verified	chimney
8692	7864	name-verified	chimney kit
8693	7865	name-verified	dwarf disguise kit
8694	7866	name-verified	deed of ownership
8695	7867	name-verified	wooden floor
8696	7868	name-verified	closed door
8697	7869	name-verified	open door
8698	7369	otb-only	stolen golden goblet
8699	7871	name-verified	famous mina losa painting
8700	7872	name-verified	note pinned on the wall
8701	7873	name-verified	note from the thieves guild
8702	7874	name-verified	witches' grimoire
8703	7875	otb-only	buried coffin
8704	7876	name-verified	small health potion
8705	7877	name-verified	balloons
8706	7878	name-verified	balloons
8707	7879	name-verified	your student book
8708	7880	name-verified	rock soil
8709	7881	otb-only	stairs
8710	7882	name-verified	cockroach leg
8711	7883	name-verified	shovel
8712	7884	name-verified	rope
8713	7885	name-verified	fish
8714	7886	name-verified	wooden floor
8715	7887	name-verified	ramp
8716	7888	name-verified	stone stairs
8717	7889	name-verified	lock pick
8718	7890	name-verified	vines
8719	7891	name-verified	window
8720	7892	name-verified	sturdy chest
8721	7893	name-verified	demonic residue
8722	7894	name-verified	shovel
8723	7895	name-verified	rope
8724	7896	name-verified	battering ram
8725	7897	name-verified	battering ram
8726	7898	name-verified	battering ram
8727	7899	name-verified	battering ram
8728	7900	name-verified	wagon
8729	7901	name-verified	wagon
8730	7902	name-verified	drawbar
8731	7903	name-verified	wagon
8732	7904	name-verified	wagon
8733	7905	name-verified	drawbar
8734	7906	name-verified	covered wagon
8735	7907	name-verified	covered wagon
8736	7908	name-verified	covered wagon
8737	7909	name-verified	covered wagon
8738	7910	name-verified	drawbars
8739	7911	name-verified	drawbars
8740	7912	name-verified	stones
8741	7913	name-verified	stones
8742	7914	name-verified	stones
8743	7915	name-verified	stones
8744	7916	name-verified	wood
8745	7917	name-verified	wood
8746	7918	name-verified	wood
8747	7919	name-verified	wood
8748	7920	otb-only	coal
8749	7921	otb-only	coal
8750	7922	otb-only	coal
8751	7923	otb-only	coal
8752	7924	otb-only	the ring of the count
8753	7925	name-verified	shadow nexus
8754	7926	name-verified	shadow nexus
8755	7927	name-verified	shadow nexus
8756	7928	name-verified	shadow nexus
8757	7929	name-verified	shadow nexus
8758	7930	name-verified	shadow nexus
8759	7931	name-verified	shadow nexus
8760	227	otb-only	valuable vase
8761	7933	name-verified	invitation
8762	2969	otb-only	theodore loveless' key
8763	7935	name-verified	compromising letter
8764	7938	name-verified	goldfish bowl
8765	7937	otb-only	note pinned on the wall
8766	7936	name-verified	fishnapped goldfish
8767	7939	name-verified	precious necklace
8768	7940	name-verified	letter to chantalle
8769	7941	name-verified	closed door
8770	7942	name-verified	demon oak
8771	7943	name-verified	demon oak
8772	7944	name-verified	demon oak
8773	7945	name-verified	demon oak
8774	7946	name-verified	demon oak
8775	7947	name-verified	demon oak
8776	7948	name-verified	demon oak
8777	7949	otb-only	sorcerer statue
8778	7950	otb-only	sorcerer statue
8779	7951	name-verified	statue
8780	7952	name-verified	statue
8781	7953	otb-only	cage
8782	7954	otb-only	cage
8783	7955	otb-only	cage
8784	7956	otb-only	cage
8785	7957	otb-only	fallen tree
8786	7958	name-verified	tree stump
8787	7959	name-verified	branch
8788	7960	otb-only	fallen tree
8789	7961	name-verified	branch
8790	7962	otb-only	fallen tree
8791	7963	otb-only	fallen tree
8792	7964	otb-only	palm tree stump
8793	7965	otb-only	fallen palm
8794	7966	otb-only	fallen palm
8795	7967	otb-only	fallen palm
8796	7968	otb-only	fallen palm
8797	7969	name-verified	tree
8798	7970	name-verified	tree
8799	7971	name-verified	tree
8800	7972	name-verified	tree
8801	7973	name-verified	tree
8802	7974	name-verified	tree
8803	7975	name-verified	tree
8804	7976	name-verified	tree
8805	7977	name-verified	tree
8806	7978	name-verified	tree
8807	7979	name-verified	tree
8808	7980	name-verified	tree
8809	7981	name-verified	tree
8810	7982	name-verified	tree
8811	7983	name-verified	tree
8812	7984	name-verified	tree
8813	7985	name-verified	tree
8814	7986	name-verified	tree
8815	7987	name-verified	tree
8816	7988	name-verified	tree
8817	7989	name-verified	tree
8818	7990	name-verified	tree
8819	7991	name-verified	magician's robe
8820	7992	name-verified	mage hat
8821	7993	name-verified	witchhunter's coat
8822	7994	name-verified	toolbox
8823	7995	name-verified	toolbox
8824	7996	name-verified	sparkling gems
8825	7997	name-verified	sparkling gems
8826	7998	name-verified	sparkling gems
8827	7999	name-verified	sparkling gems
8828	8000	name-verified	sparkling gems
8829	8001	name-verified	sparkling gems
8830	8002	name-verified	sparkling gems
8831	8003	name-verified	sparkling gems
8832	8004	name-verified	sparkling gems
8833	8005	name-verified	sparkling gems
8834	8006	name-verified	sorcerer statue
8835	8007	name-verified	sorcerer statue
8836	8008	otb-only	guardian statue
8837	8009	otb-only	guardian statue
8838	8010	name-verified	potato
8839	8011	name-verified	plum
8840	8012	name-verified	raspberry
8841	8013	name-verified	lemon
8842	8014	name-verified	cucumber
8843	8015	name-verified	onion
8844	8016	name-verified	jalapeno pepper
8845	8017	name-verified	beetroot
8846	8018	name-verified	lump of chocolate dough
8847	8019	name-verified	chocolate cake
8848	8198	name-verified	baking tray
8849	8021	name-verified	modified crossbow
8850	8022	name-verified	chain bolter
8851	8023	name-verified	royal crossbow
8852	8024	otb-only	the devileye
8853	8025	otb-only	the ironworker
8854	8026	name-verified	warsinger bow
8855	8027	name-verified	composite hornbow
8856	8028	name-verified	yol's bow
8857	8029	name-verified	silkweaver bow
8858	8030	name-verified	elethriel's elemental bow
8859	8031	name-verified	spider fangs
8860	8032	name-verified	spiderwebs
8861	8033	name-verified	energy fence
8862	8034	name-verified	energy fence
8863	8035	name-verified	shallow water
8864	8036	name-verified	dead tree
8865	8037	name-verified	dark lord's cape
8866	8038	name-verified	robe of the ice queen
8867	8039	name-verified	dragon robe
8868	8040	name-verified	velvet mantle
8869	8041	name-verified	greenwood coat
8870	8042	name-verified	spirit cloak
8871	8043	name-verified	focus cape
8872	8044	name-verified	belted cape
8873	8045	name-verified	hibiscus dress
8874	8046	name-verified	summer dress
8875	8047	name-verified	tunic
8876	8048	name-verified	girl's dress
8877	8049	name-verified	lavos armor
8878	8050	name-verified	crystalline armor
8879	8051	name-verified	voltage armor
8880	8052	name-verified	swamplair armor
8881	8053	name-verified	fireborn giant armor
8882	8054	name-verified	earthborn titan armor
8883	8055	name-verified	windborn colossus armor
8884	8056	name-verified	oceanborn leviathan armor
8885	8057	name-verified	divine plate
8886	8058	name-verified	molten plate
8887	8059	name-verified	frozen plate
8888	8060	name-verified	master archer's armor
8889	8061	name-verified	skullcracker armor
8890	8062	name-verified	robe of the underworld
8891	8063	name-verified	paladin armor
8892	8064	name-verified	ethno coat
8894	8066	name-verified	mysterious machine
8895	8067	name-verified	mysterious machine
8896	8068	name-verified	mysterious machine
8897	8069	name-verified	mysterious machine
8898	8070	name-verified	chalk board
8899	8071	name-verified	chalk board
8900	8072	name-verified	spellbook of enlightenment
8901	8073	name-verified	spellbook of warding
8902	8074	name-verified	spellbook of mind control
8903	8075	name-verified	spellbook of lost souls
8904	8076	name-verified	spellscroll of prophecies
8905	8077	name-verified	rainbow shield
8906	8078	name-verified	fiery rainbow shield
8907	8079	name-verified	icy rainbow shield
8908	8080	name-verified	sparking rainbow shield
8909	8081	name-verified	terran rainbow shield
8910	8082	name-verified	underworld rod
8911	8083	name-verified	northwind rod
8912	8084	name-verified	springsprout rod
8913	8085	name-verified	earth
8914	8086	name-verified	earth
8915	8087	name-verified	earth
8916	8088	name-verified	earth
8917	8089	name-verified	earth
8918	8090	name-verified	spellbook of dark mysteries
8919	8091	name-verified	spell rune
8920	8092	name-verified	wand of starstorm
8921	8093	name-verified	wand of draconia
8922	8094	name-verified	wand of voodoo
8923	8095	name-verified	ranger legs
8924	8096	name-verified	hellforged axe
8925	8097	name-verified	solar axe
8926	8098	name-verified	demonwing axe
8927	8099	name-verified	dark trinity mace
8928	8100	name-verified	obsidian truncheon
8929	8101	otb-only	the stomper
8930	8102	name-verified	emerald sword
8931	8103	otb-only	the epiphany
8932	8104	otb-only	the calamity
8933	8105	name-verified	remains of an earth elemental
8934	8106	name-verified	remains of an earth elemental
8935	8107	name-verified	remains of an earth elemental
8936	8108	name-verified	remains of an earth elemental
8937	8109	name-verified	remains of a vampire lord
8938	8110	name-verified	remains of a vampire lord
8939	8111	name-verified	remains of a vampire lord
8940	8112	name-verified	remains of a vampire lord
8941	8113	name-verified	dead wyrm
8942	8114	name-verified	dead wyrm
8943	8115	name-verified	dead wyrm
8944	8116	name-verified	dead wyrm
8945	3212	otb-only	textbook
8946	8118	name-verified	remains of a wisp
8947	8119	otb-only	dead giant worm
8948	8120	otb-only	dead giant worm
8949	8121	otb-only	dead giant worm
8950	8122	otb-only	dead giant worm
8951	8123	name-verified	slain bog raider
8952	8124	name-verified	slain bog raider
8953	8125	name-verified	slain bog raider
8954	8126	name-verified	slain bog raider
8955	8127	name-verified	slain reaper
8956	8128	name-verified	slain reaper
8957	8129	name-verified	slain reaper
8958	8130	name-verified	slain reaper
8959	8131	name-verified	white marble floor
8960	8132	name-verified	slain mutated pumpkin
8961	12816	otb-only	slain mutated pumpkin
8962	8134	name-verified	slain mutated pumpkin
8963	8135	name-verified	slain mutated pumpkin
8964	8136	name-verified	remains of an elemental
8965	8137	name-verified	remains of an elemental
8966	8138	name-verified	remains of an elemental
8967	8139	name-verified	remains of an elemental
8968	8140	name-verified	remains of an elemental
8969	8141	name-verified	remains of an elemental
8970	8142	name-verified	santiago's piano
8971	8143	name-verified	gland
8972	8144	name-verified	large hole
8973	8145	name-verified	archway
8974	8146	name-verified	oracle figurine
8975	8147	name-verified	oracle figurine
8976	8148	name-verified	golden falcon
8977	8149	otb-only	worldcity encyclopedia
8978	8150	name-verified	key of numerous locks
8979	8151	otb-only	worldiano emblem
8980	8152	name-verified	mexcalibur
8981	8153	name-verified	golden newspaper
8982	8154	name-verified	norseman doll
8983	8155	name-verified	heavily bound book
8984	8156	name-verified	abacus
8985	8157	name-verified	norseman doll
8986	8158	name-verified	tree
8987	8159	name-verified	tree
8988	8160	name-verified	tree
8989	8161	name-verified	tree
8990	8162	name-verified	tree
8991	8163	name-verified	tree
8992	8164	name-verified	tree
8993	8165	name-verified	tree
8994	8166	name-verified	tree
8995	8167	name-verified	tree
8996	8168	name-verified	tree
8997	8169	name-verified	tree
8998	8170	name-verified	tree
8999	8171	name-verified	tree
9000	8172	name-verified	tree
9001	8173	name-verified	tree
9002	8174	otb-only	worldcity encyclopedia
9003	8175	name-verified	golden falcon
9004	8176	name-verified	golden newspaper
9005	8177	name-verified	yummy gummy worm
9006	8178	name-verified	toy spider
9007	8179	name-verified	toy spider
9008	8180	name-verified	something crawling
9009	8181	name-verified	overlord's ashes
9010	8182	name-verified	overlord's ashes
9011	8183	name-verified	overlord's ashes
9012	8184	name-verified	overlord's ashes
9013	8185	name-verified	fallen tree
9014	8186	name-verified	fallen tree
9015	8187	name-verified	fallen tree
9016	8188	name-verified	fallen tree
9017	8189	name-verified	fallen tree
9018	8190	name-verified	fallen tree
9019	8191	name-verified	vampire doll
9020	8192	name-verified	vampire lord token
9021	351	name-verified	dirt floor
9022	352	name-verified	dirt floor
9023	353	name-verified	dirt floor
9024	354	name-verified	dirt floor
9025	355	name-verified	dirt floor
9026	101	name-verified	earth
9027	5711	name-verified	earth
9028	5712	name-verified	earth
9029	5713	name-verified	earth
9030	5714	name-verified	earth
9031	5715	name-verified	earth
9032	5716	name-verified	earth
9033	5717	name-verified	earth
9034	5718	name-verified	earth
9035	5719	name-verified	earth
9036	5720	name-verified	earth
9037	5721	name-verified	earth
9038	5722	name-verified	earth
9039	5723	name-verified	earth
9040	5724	name-verified	earth
9041	5725	name-verified	earth
9042	5726	name-verified	earth
9043	4515	name-verified	grass
9044	4516	name-verified	grass
9045	4517	name-verified	grass
9046	4518	name-verified	grass
9047	4519	name-verified	grass
9048	4520	name-verified	grass
9049	4521	name-verified	grass
9050	4522	name-verified	grass
9051	4523	name-verified	grass
9052	4524	name-verified	grass
9053	4525	name-verified	grass
9054	4526	name-verified	grass
9055	4527	name-verified	grass
9056	4528	name-verified	grass
9057	4529	name-verified	grass
9058	4530	name-verified	grass
9059	231	name-verified	sand
9060	248	otb-only	wooden pillar
9061	1283	otb-only	wooden pillar
9062	6841	otb-only	wooden pillar
9063	6841	otb-only	wooden pillar
9064	6841	otb-only	wooden pillar
9065	6841	otb-only	wooden pillar
9066	6841	otb-only	wooden pillar
9067	408	name-verified	wooden floor
9068	7062	name-verified	rock
9069	7063	name-verified	rock
9070	7064	name-verified	rock
9071	7065	name-verified	rock
9072	7066	name-verified	rock
9073	7066	name-verified	rock
9074	906	name-verified	present
9075	653	name-verified	costume bag
9076	654	name-verified	costume bag
9077	655	name-verified	costume bag
9078	110	name-verified	special flask
9079	138	otb-only	blue bottle
9080	3573	otb-only	hat of the mad
9081	140	name-verified	parcel
9082	3991	name-verified	dead troll
9083	144	name-verified	mummy disguise
9084	5025	name-verified	iron pillar
9085	5026	name-verified	iron construction
9086	5027	otb-only	screw
9087	5028	name-verified	screw
9088	5029	name-verified	screw
9089	5030	name-verified	screw
9090	5031	otb-only	nut
9091	5032	name-verified	thread of screw
9092	5033	name-verified	roof
9093	5034	name-verified	roof
9094	5035	name-verified	roof
9095	5036	name-verified	roof
9096	5037	name-verified	roof
9097	5038	name-verified	roof
9098	5039	name-verified	roof
9099	5040	name-verified	roof
9100	5041	otb-only	stone ledge
9101	5042	otb-only	stone ledge
9102	5043	otb-only	oriel window
9103	5044	otb-only	oriel window
9104	5401	otb-only	stone ledge
9105	5402	otb-only	pillar
9106	5403	otb-only	chimney
9107	5798	name-verified	dead mutated human
9108	8853	name-verified	suspicious surprise bag
9109	5939	name-verified	ceiron's waterskin
9110	8193	name-verified	strange whirl
9111	8194	name-verified	garlic bread
9112	8195	name-verified	lump of holy water dough
9113	8196	name-verified	lump of garlic dough
9114	8197	name-verified	bulb of garlic
9115	8198	name-verified	baking tray
9116	8199	name-verified	garlic cookie
9117	8200	name-verified	julius' map
9118	8201	name-verified	stone wall
9119	8202	name-verified	stone wall
9120	8203	name-verified	stone wall
9121	8204	name-verified	stone wall
9122	8205	name-verified	stone wall
9123	8206	name-verified	stone wall
9124	8207	name-verified	stone wall
9125	8208	name-verified	stone wall
9126	8209	name-verified	stone wall
9127	8210	name-verified	stone wall
9128	8211	name-verified	stone wall
9129	8212	name-verified	stone wall
9130	8213	name-verified	stone wall
9131	8214	name-verified	stone wall
9132	8215	name-verified	stone wall
9133	8216	name-verified	stone wall
9134	8218	otb-only	chimney
9135	8219	name-verified	stone wall
9136	8220	name-verified	stone wall
9137	8221	name-verified	stone wall
9138	8222	name-verified	stone wall
9139	8223	name-verified	stone wall
9140	8224	name-verified	archway
9141	8225	name-verified	blood crystal
9142	8226	name-verified	stone wall
9143	8227	name-verified	stone wall
9144	8228	name-verified	white marble floor
9145	8229	name-verified	white marble floor
9146	8230	name-verified	white marble floor
9147	8231	name-verified	stone wall
9148	8232	name-verified	stone wall
9149	8233	name-verified	stone wall
9150	8234	name-verified	stone wall
9151	8235	name-verified	stone wall
9152	8236	name-verified	stone wall
9153	8237	name-verified	stone wall
9154	8238	name-verified	stone wall
9155	8239	name-verified	stone wall
9156	8240	name-verified	stone wall
9157	8241	name-verified	stone wall
9158	8242	name-verified	stone wall
9159	8243	name-verified	archway
9160	8244	name-verified	archway
9161	8245	name-verified	archway
9162	8246	name-verified	archway
9163	8247	name-verified	archway
9164	8248	name-verified	archway
9165	8249	name-verified	closed door
9166	8250	name-verified	closed door
9167	8251	name-verified	open door
9168	8252	name-verified	closed door
9169	8253	name-verified	closed door
9170	8254	name-verified	open door
9171	8255	name-verified	closed door
9172	8256	name-verified	open door
9173	8257	name-verified	closed door
9174	8258	name-verified	open door
9175	8259	name-verified	closed door
9176	8260	name-verified	open door
9177	8261	name-verified	closed door
9178	8262	name-verified	open door
9179	8263	name-verified	gate of expertise
9180	8264	name-verified	gate of expertise
9181	8265	name-verified	gate of expertise
9182	8266	name-verified	gate of expertise
9183	8267	name-verified	stone wall
9184	8268	name-verified	stone wall
9185	8269	name-verified	stone wall
9186	8270	name-verified	stone wall
9187	8271	name-verified	stone wall
9188	8272	name-verified	stone wall
9189	8273	name-verified	window
9190	8274	name-verified	window
9191	8275	name-verified	torn book
9192	8276	name-verified	iron floor
9193	8277	name-verified	iron floor
9194	8278	name-verified	iron floor
9195	8279	name-verified	iron floor
9196	8280	name-verified	iron floor
9197	8281	name-verified	iron floor
9198	8282	name-verified	iron floor
9199	8283	name-verified	iron floor
9200	8284	name-verified	iron floor
9201	8285	name-verified	iron floor
9202	8286	name-verified	iron floor
9203	8287	name-verified	iron floor
9204	8288	name-verified	iron floor
9205	8289	name-verified	iron floor
9206	8290	name-verified	iron floor
9207	8291	name-verified	iron wall
9208	8292	name-verified	iron wall
9209	8293	name-verified	iron wall
9210	8294	name-verified	iron wall
9211	8295	name-verified	iron wall
9212	8296	name-verified	iron wall
9213	8297	name-verified	iron wall
9214	8298	name-verified	iron wall
9215	8299	name-verified	iron wall
9216	8300	name-verified	iron wall
9217	8301	name-verified	iron wall
9218	8302	name-verified	iron wall
9219	8303	name-verified	iron wall
9220	8304	name-verified	iron wall
9221	8305	name-verified	iron wall
9222	8306	name-verified	iron wall
9223	8307	name-verified	iron wall
9224	8308	name-verified	wooden floor
9225	8309	name-verified	wooden floor
9226	8310	name-verified	wooden floor
9227	8311	name-verified	wooden floor
9228	8312	name-verified	wooden floor
9229	8313	name-verified	wooden floor
9230	8314	name-verified	wooden floor
9231	8315	name-verified	wooden floor
9232	8316	name-verified	wooden floor
9233	8317	name-verified	wooden floor
9234	8318	name-verified	wooden floor
9235	8319	name-verified	sundial
9236	8320	name-verified	sundial
9237	8321	name-verified	sundial
9238	8322	name-verified	sundial
9239	8323	name-verified	statue
9240	8324	name-verified	statue
9241	8325	name-verified	vampire lord statue
9242	8326	name-verified	vampire lord
9243	8327	name-verified	statue
9244	8328	name-verified	statue
9245	8329	name-verified	nails
9246	8330	name-verified	nails
9247	8331	name-verified	nails
9248	8332	name-verified	nails
9249	8333	name-verified	golden ornament
9250	8334	name-verified	golden ornament
9251	8335	name-verified	golden ornament
9252	8336	name-verified	copper pipes
9253	8337	name-verified	copper pipes
9254	8338	name-verified	copper pipes
9255	8339	name-verified	copper pipes
9256	8340	name-verified	copper pipes
9257	8341	name-verified	copper pipes
9258	8342	name-verified	copper pipes
9259	8343	name-verified	copper pipes
9260	8344	name-verified	copper pipes
9261	8345	name-verified	copper pipes
9262	8346	name-verified	copper pipes
9263	8347	name-verified	iron wall
9264	8348	name-verified	iron wall
9265	8349	name-verified	iron wall
9266	8350	name-verified	iron wall
9267	8351	name-verified	closed door
9268	8352	name-verified	closed door
9269	8353	otb-only	open door
9270	8354	name-verified	closed door
9271	8355	name-verified	closed door
9272	8356	name-verified	open door
9273	8357	name-verified	closed door
9274	8358	name-verified	open door
9275	8359	name-verified	closed door
9276	8360	name-verified	open door
9277	8361	name-verified	closed door
9278	8362	name-verified	open door
9279	8363	name-verified	closed door
9280	8364	name-verified	open door
9281	8365	name-verified	gate of expertise
9282	8366	name-verified	gate of expertise
9283	8367	name-verified	gate of expertise
9284	8368	name-verified	gate of expertise
9285	8369	name-verified	archway
9286	8370	name-verified	archway
9287	8371	name-verified	archway
9288	8372	name-verified	stone wall
9289	8373	name-verified	stone wall
9290	8374	name-verified	stone wall
9291	8375	name-verified	stone wall
9292	8376	name-verified	stone wall
9293	8377	name-verified	stone wall
9294	8378	name-verified	broken stone wall
9295	8379	name-verified	broken stone wall
9296	8380	name-verified	broken stone wall
9297	8381	name-verified	broken stone wall
9298	8382	name-verified	broken stone wall
9299	8383	name-verified	broken stone wall
9300	8384	name-verified	stone railing
9301	8385	name-verified	stone railing
9302	8386	name-verified	stone railing
9303	8387	name-verified	stone railing
9304	8388	name-verified	stone pillar
9305	8389	name-verified	broken stone pillar
9306	8390	name-verified	statue
9307	8391	name-verified	golden ornament
9308	8392	name-verified	golden ornament
9309	8393	name-verified	golden ornament
9310	8394	name-verified	golden ornament
9311	8395	name-verified	golden ornament
9312	8396	name-verified	golden ornament
9313	8397	name-verified	golden ornament
9314	8398	name-verified	golden ornament
9315	8399	name-verified	golden ornament
9316	8400	name-verified	golden ornament
9317	8401	name-verified	golden ornament
9318	8402	name-verified	golden ornament
9319	8403	name-verified	golden ornament
9320	8404	name-verified	archway
9321	8405	name-verified	archway
9322	8406	name-verified	archway
9323	8407	name-verified	archway
9324	8408	name-verified	archway
9325	8409	name-verified	archway
9326	8410	name-verified	archway
9327	8411	name-verified	copper pipes
9328	8412	name-verified	copper pipes
9329	8413	name-verified	copper pipes
9330	8414	name-verified	copper pipes
9331	8415	name-verified	steam
9332	8416	name-verified	steam
9333	8417	name-verified	slime
9334	8418	name-verified	slime
9335	8419	name-verified	archway
9336	8420	name-verified	archway
9337	8421	name-verified	golden ornament
9338	8422	name-verified	golden ornament
9339	8423	name-verified	golden ornament
9340	8424	name-verified	golden ornament
9341	8425	name-verified	steam
9342	8426	name-verified	steam
9343	8427	name-verified	copper pipes
9344	8428	name-verified	copper pipes
9345	8429	name-verified	copper pipes
9346	8430	name-verified	copper pipes
9347	8431	name-verified	copper wheel
9348	8432	name-verified	copper wheel
9349	8433	name-verified	boiler
9350	8434	name-verified	boiler
9351	8435	name-verified	copper pipe
9352	8436	name-verified	copper pipe
9353	8437	name-verified	golden ornament
9354	8438	name-verified	golden ornament
9355	8439	name-verified	golden ornament
9356	8440	name-verified	golden ornament
9357	8441	name-verified	golden ornament
9358	8442	name-verified	golden ornament
9359	8443	name-verified	golden ornament
9360	8444	name-verified	golden ornament
9361	8445	name-verified	golden ornament
9362	8446	name-verified	golden ornament
9363	8447	name-verified	golden ornament
9364	8448	name-verified	golden ornament
9365	8449	name-verified	golden ornament
9366	8450	name-verified	golden ornament
9367	8451	name-verified	golden ornament
9368	8452	name-verified	golden ornament
9369	8453	name-verified	blood crystal
9370	8454	name-verified	stone wall
9371	8455	name-verified	stone wall
9372	8456	name-verified	stone wall
9373	8457	name-verified	stone wall
9374	8458	name-verified	stone wall
9375	8459	name-verified	stone wall
9376	8460	name-verified	stone wall
9377	8461	name-verified	stone wall
9378	8462	name-verified	stone wall
9379	8463	name-verified	stone wall
9380	8464	name-verified	stone wall
9381	8465	name-verified	stone wall
9382	8466	name-verified	stone wall
9383	8467	name-verified	stone wall
9384	8468	name-verified	stone wall
9385	8469	name-verified	stone wall
9386	8470	name-verified	stone wall
9387	8471	name-verified	stone railing
9388	8472	name-verified	stone railing
9389	8473	name-verified	stone railing
9390	8474	name-verified	stone railing
9391	8475	name-verified	stone railing
9392	8476	name-verified	stone railing
9393	8477	name-verified	small tower
9394	8478	name-verified	small tower
9395	8479	name-verified	small tower
9396	8480	name-verified	small tower
9397	8481	name-verified	small tower
9398	8482	name-verified	small tower
9399	8483	otb-only	pillar
9400	8484	otb-only	roof
9401	8485	otb-only	roof
9402	8486	otb-only	roof
9403	8487	otb-only	roof
9404	8488	otb-only	roof
9405	8489	name-verified	stone wall
9406	8490	name-verified	stone wall
9407	8491	name-verified	stone wall
9408	8492	name-verified	stone wall
9409	8493	name-verified	stone wall
9410	8494	name-verified	stone wall
9411	8495	name-verified	stone wall
9412	8496	name-verified	stone wall
9413	8497	name-verified	stone wall
9414	8498	name-verified	stone wall
9415	8499	name-verified	moss
9416	8500	name-verified	moss
9417	8501	otb-only	stone railing
9418	8502	otb-only	stone railing
9419	8503	name-verified	stone pile
9420	8504	name-verified	stone pile
9421	8505	name-verified	stone pile
9422	8506	name-verified	stone pile
9423	8507	name-verified	stone railing
9424	8508	name-verified	tapestry
9425	8509	name-verified	tapestry
9426	8510	name-verified	tapestry
9427	8511	name-verified	tapestry
9428	8512	name-verified	tapestry
9429	8513	name-verified	tapestry
9430	8514	name-verified	tapestry
9431	8515	name-verified	tapestry
9432	8516	name-verified	tapestry
9433	8517	name-verified	tapestry
9434	8518	name-verified	stone wall
9435	8519	name-verified	heavy wooden chair
9436	8520	name-verified	heavy wooden chair
9437	8521	name-verified	heavy wooden chair
9438	8522	name-verified	heavy wooden chair
9439	8523	name-verified	large candelabrum
9440	8524	name-verified	fire basin
9441	8525	name-verified	blood basin
9442	8526	name-verified	family banner
9443	8527	otb-only	old clock
9444	8528	otb-only	old clock
9445	8529	name-verified	brass throne
9446	8530	name-verified	brass throne
9447	8531	name-verified	blood goblet
9448	8532	name-verified	blood skull
9449	8533	name-verified	tapestry
9450	8534	name-verified	tapestry
9451	8535	name-verified	tapestry
9452	8536	name-verified	tapestry
9453	8537	name-verified	tapestry
9454	8538	name-verified	tapestry
9455	8539	name-verified	tapestry
9456	8540	name-verified	tapestry
9457	8541	name-verified	tapestry
9458	8542	name-verified	tapestry
9459	8543	name-verified	tapestry
9460	8544	name-verified	eaves gutter
9461	8545	name-verified	eaves gutter
9462	8546	name-verified	eaves gutter
9463	8547	name-verified	eaves gutter
9464	8548	name-verified	eaves gutter
9465	8549	name-verified	eaves gutter
9466	8550	name-verified	rain barrel
9467	8551	name-verified	rain barrel
9468	8552	name-verified	rain barrel
9469	8553	name-verified	rain barrel
9470	8554	name-verified	palisade
9471	8555	name-verified	gate
9472	8556	name-verified	gate
9473	8557	name-verified	gate
9474	8558	name-verified	gate
9475	8559	name-verified	gate
9476	8560	otb-only	stone column
9477	8561	otb-only	stone column
9478	8562	name-verified	gate
9479	8563	name-verified	gate
9480	8564	name-verified	gate
9481	8565	name-verified	gate
9482	8566	name-verified	gate
9483	8567	otb-only	stone column
9484	8568	otb-only	stone column
9485	8569	name-verified	gate
9486	8570	name-verified	gate
9487	8571	name-verified	stone gargoyle
9488	8572	name-verified	stone gargoyle
9489	8573	name-verified	stone gargoyle
9490	8574	name-verified	stone gargoyle
9491	8575	name-verified	stone gargoyle
9492	8576	name-verified	stone gargoyle
9493	8577	name-verified	stone gargoyle
9494	8578	name-verified	stone gargoyle
9495	8579	name-verified	banner
9496	8580	name-verified	banner
9497	8581	name-verified	banner
9498	8582	name-verified	banner
9499	8583	name-verified	banner
9500	8584	name-verified	banner
9501	8585	name-verified	banner
9502	8586	name-verified	banner
9503	8587	name-verified	orc trophy
9504	8588	name-verified	orc trophy
9505	8589	name-verified	trophy of a strange fish
9506	8590	name-verified	trophy of a strange fish
9507	8591	name-verified	trophy of a strange being
9508	8592	name-verified	trophy of a strange being
9509	8593	name-verified	bat
9510	8594	name-verified	bat
9511	8595	name-verified	candle
9512	8596	name-verified	candle
9513	8597	name-verified	shield and sword
9514	8598	name-verified	shield and sword
9515	8599	name-verified	shield
9516	8600	name-verified	shield
9517	8601	name-verified	shield
9518	8602	name-verified	shield
9519	8603	name-verified	shield
9520	8604	name-verified	shield
9521	8605	name-verified	skeleton
9522	8606	name-verified	skeleton
9523	8607	name-verified	archway
9524	8608	name-verified	archway
9525	8609	name-verified	archway
9526	8610	name-verified	archway
9527	8611	name-verified	archway
9528	8612	name-verified	archway
9529	8613	name-verified	archway
9530	8614	name-verified	archway
9531	8615	name-verified	mechanism
9532	8616	name-verified	gate
9533	8617	name-verified	gate
9534	8618	name-verified	mechanism
9535	8619	name-verified	roof
9536	8620	name-verified	roof
9537	8621	name-verified	roof
9538	8622	name-verified	roof
9539	8623	name-verified	roof
9540	8624	name-verified	roof
9541	8625	name-verified	roof
9542	8626	name-verified	roof
9543	8627	name-verified	roof
9544	8628	name-verified	roof
9545	8629	name-verified	roof
9546	8630	name-verified	roof
9547	8631	name-verified	roof
9548	8632	name-verified	roof
9549	8633	name-verified	roof
9550	8634	name-verified	roof
9551	8635	name-verified	roof
9552	8636	name-verified	roof
9553	8637	name-verified	roof
9554	8638	name-verified	roof
9555	8639	name-verified	roof
9556	8640	name-verified	roof
9557	8641	name-verified	roof
9558	8642	name-verified	roof
9559	8643	name-verified	roof
9560	8644	name-verified	roof
9561	8645	name-verified	piano
9562	8646	otb-only	large glowing gem
9563	8647	otb-only	large glowing gem
9564	8648	otb-only	large glowing gem
9565	8649	otb-only	large glowing gem
9566	8650	otb-only	large glowing gem
9567	8651	otb-only	small glowing gems
9568	8652	otb-only	small glowing gems
9569	8653	name-verified	wooden floor
9570	8654	name-verified	wooden floor
9571	8655	otb-only	statue
9572	8656	otb-only	statue
9573	8657	name-verified	corkscrew stairs
9574	8658	name-verified	corkscrew stairs
9575	8659	name-verified	street lamp
9576	8660	name-verified	street lamp
9577	8661	name-verified	street lamp
9578	8662	name-verified	street lamp
9579	8663	name-verified	street lamp
9580	8664	name-verified	street lamp
9581	8665	name-verified	street lamp
9582	8666	name-verified	street lamp
9583	8667	name-verified	wall mirror
9584	8668	name-verified	painting
9585	8669	name-verified	painting
9586	8670	name-verified	water
9587	8671	name-verified	water
9588	8672	name-verified	large well
9589	8673	name-verified	large well
9590	8674	name-verified	large well
9591	8675	name-verified	large well
9592	8676	name-verified	large well
9593	8677	name-verified	large well
9594	8678	name-verified	large well
9595	8679	name-verified	large well
9596	8680	name-verified	stone pedestal
9597	8681	name-verified	statue
9598	8682	name-verified	statue
9599	8683	name-verified	statue
9600	8684	name-verified	water
9601	8685	name-verified	large well
9602	8686	name-verified	large well
9603	8687	name-verified	large well
9604	8688	name-verified	large well
9605	8689	name-verified	wall mirror
9606	8690	name-verified	stairs
9607	8691	name-verified	small balcony
9608	8692	name-verified	small balcony
9609	8693	name-verified	small balcony
9610	8694	name-verified	small balcony
9611	8695	name-verified	old carpet
9612	8696	name-verified	old carpet
9613	8697	name-verified	old carpet
9614	8698	name-verified	old carpet
9615	8699	name-verified	old carpet
9616	8700	name-verified	old carpet
9617	8701	name-verified	old carpet
9618	8702	name-verified	old carpet
9619	8703	name-verified	old carpet
9620	8704	name-verified	old carpet
9621	8705	name-verified	old carpet
9622	8706	name-verified	old carpet
9623	8707	name-verified	old carpet
9624	8708	name-verified	closed trapdoor
9625	8709	name-verified	open trapdoor
9626	8710	name-verified	old carpet
9627	8711	name-verified	old carpet
9628	8712	name-verified	old carpet
9629	8713	name-verified	old carpet
9630	8714	name-verified	old carpet
9631	8715	otb-only	coffin
9632	8716	name-verified	swamp
9633	8717	name-verified	dust of boreth
9634	8718	name-verified	dust of lersatio
9635	8719	name-verified	dust of marziel
9636	8720	name-verified	dust of arthei
9637	8721	name-verified	wall mirror
9638	8722	name-verified	wall mirror
9639	8723	otb-only	small balcony
9640	8724	otb-only	small balcony
9641	8725	otb-only	small balcony
9642	8726	otb-only	small balcony
9643	8727	name-verified	jutty
9644	8728	name-verified	jutty
9645	8729	name-verified	jutty
9646	8730	name-verified	jutty
9647	8731	otb-only	balcony
9648	8732	otb-only	balcony
9649	8733	otb-only	balcony
9650	8734	otb-only	balcony
9651	8735	otb-only	balcony
9652	8736	otb-only	balcony
9653	8737	name-verified	cm token
9654	8738	otb-only	dead vampire bride
9655	8739	name-verified	wooden pole
9656	8740	name-verified	wall mirror
9657	8741	name-verified	wall mirror
9658	8742	otb-only	dead vampire bride
9659	8743	otb-only	dead vampire bride
9660	8744	otb-only	dead vampire bride
9661	8745	name-verified	crate
9662	8746	name-verified	ghost's tear
9663	8747	name-verified	old piece of paper
9664	8748	otb-only	old piece of paper
9665	8749	name-verified	old piece of paper
9666	8750	name-verified	old piece of paper
9667	8751	name-verified	old piece of paper
9668	8752	name-verified	old piece of paper
9669	8753	name-verified	wall mirror
9670	8754	name-verified	wall mirror
9671	8755	name-verified	sandstone floor
9672	8756	name-verified	white marble floor
9673	8757	name-verified	stone floor
9674	8758	name-verified	bottle of bug milk
9675	8759	name-verified	sample of venorean spice
9676	8760	name-verified	sample of sand wasp honey
9677	8761	name-verified	jug of embalming fluid
9678	8762	name-verified	piece of royal satin
9679	2983	name-verified	flower bowl
9680	175	otb-only	research notes
9681	8765	name-verified	archway
9682	8766	name-verified	drawbridge
9683	8767	name-verified	drawbridge
9684	8768	name-verified	drawbridge
9685	8769	name-verified	drawbridge
9686	8771	name-verified	crate
9687	8772	name-verified	food crate
9688	8773	name-verified	iriana's chest
9689	8774	name-verified	cask of brown ale
9690	8775	name-verified	gear wheel
9691	8776	name-verified	large crystal
9692	3094	otb-only	rerun's ring
9693	8778	name-verified	jester doll
9694	8779	name-verified	head of a jester doll
9695	8780	name-verified	torso of a jester doll
9696	8781	name-verified	part of a jester doll
9697	8782	name-verified	part of a jester doll
9698	8783	name-verified	part of a jester doll
9699	8784	name-verified	part of a jester doll
9700	8785	name-verified	acid
9701	8786	name-verified	acid
9702	8787	name-verified	acid
9703	8788	name-verified	acid
9704	8789	name-verified	acid
9705	8790	name-verified	acid
9706	8791	name-verified	acid
9707	8792	name-verified	acid
9708	8793	name-verified	burnt wall
9709	8794	name-verified	burnt wall
9710	8795	name-verified	burnt wall
9711	8796	name-verified	burnt wall
9712	8797	name-verified	burnt wall
9713	8798	name-verified	burnt wall
9714	8799	name-verified	mosaik
9715	8800	name-verified	mosaik
9716	8801	name-verified	mosaik
9717	8802	name-verified	mosaik
9718	8803	name-verified	mosaik
9719	8804	name-verified	mosaik
9720	8805	otb-only	window
9721	8806	otb-only	window
9722	8807	otb-only	window
9723	8808	otb-only	window
9724	8809	otb-only	window
9725	8810	otb-only	window
9726	8811	otb-only	pitch black gap
9727	8812	name-verified	stone
9728	8813	name-verified	stone
9729	8814	name-verified	small window
9730	8815	name-verified	small window
9731	8816	name-verified	bloodspot
9732	8817	name-verified	bloodspot
9733	8818	name-verified	alchemists' formulas
9734	8819	name-verified	animal cure
9735	8820	name-verified	morik's helmet
9736	8821	name-verified	armor
9737	8822	name-verified	ghost charm
9738	8823	name-verified	ghost charm
9739	8824	name-verified	ghost charm
9740	8825	name-verified	ghost charm
9741	8826	name-verified	ghost residue
9742	8827	name-verified	charged ghost charm
9743	8828	name-verified	weapon matrix crystal
9744	8829	name-verified	food matrix crystal
9745	8830	otb-only	ramp
9746	8831	otb-only	ramp
9747	8832	name-verified	lit wall lamp
9748	8833	otb-only	wall lamp
9749	8834	name-verified	lit wall lamp
9750	8835	otb-only	wall lamp
9751	8836	name-verified	statue
9752	8837	name-verified	statue
9753	8838	name-verified	tree
9754	8839	name-verified	tree
9755	8840	name-verified	tree
9756	8841	name-verified	tree
9757	8842	name-verified	tree
9758	8843	name-verified	tree
9759	8844	name-verified	roof
9760	8845	name-verified	roof
9761	8846	name-verified	roof
9762	8847	name-verified	roof
9763	8848	name-verified	roof
9764	8849	name-verified	roof
9765	8850	name-verified	roof
9766	8851	name-verified	roof
9767	8852	name-verified	strange apparatus
9768	8854	name-verified	street lamp
9769	8855	name-verified	street lamp
9770	8856	name-verified	wall lamp
9771	8857	name-verified	wall lamp
9772	8858	otb-only	inactive teleporter
9773	8859	otb-only	magic forcefield
9774	8860	name-verified	brocade backpack
9775	8861	name-verified	brocade bag
9776	8862	name-verified	yalahari armor
9777	8863	name-verified	yalahari leg piece
9778	8864	name-verified	yalahari mask
9779	8865	name-verified	crystal column
9780	8866	otb-only	dead tortoise
9781	8867	otb-only	dead tortoise
9782	8868	otb-only	dead tortoise
9783	8869	otb-only	dead tortoise
9784	8870	name-verified	crystal column
9785	8871	name-verified	crystal column
9786	8872	name-verified	crystal column
9787	8873	name-verified	crystal column
9788	8874	name-verified	crystal column
9789	8875	name-verified	crystal column
9790	8876	name-verified	crystal column
9791	8877	name-verified	crystal column
9792	8878	name-verified	earth
9793	8879	name-verified	earth
9794	8880	name-verified	earth
9795	8881	name-verified	earth
9796	8882	name-verified	earth
9797	8883	name-verified	earth
9798	8884	name-verified	earth
9799	8885	name-verified	earth
9800	8886	otb-only	rock
9801	8887	name-verified	dead worker golem
9802	8888	name-verified	dead worker golem
9803	8889	name-verified	dead worker golem
9804	8890	name-verified	dead worker golem
9805	8891	name-verified	rusty weapon
9806	8892	name-verified	rusty weapon
9807	8893	name-verified	rusty weapon
9808	8894	otb-only	rusty armor
9809	8895	otb-only	rusty armor
9810	8896	otb-only	rusty armor
9811	8897	otb-only	rusty legs
9812	8898	otb-only	rusty legs
9813	8899	otb-only	rusty legs
9814	8900	otb-only	rusty shield
9815	8901	otb-only	rusty shield
9816	8902	otb-only	rusty shield
9817	8903	name-verified	rusty boots
9818	8904	name-verified	rusty boots
9819	8905	name-verified	rusty boots
9820	8906	otb-only	rusty helmet
9821	8907	otb-only	rusty helmet
9822	8908	otb-only	rusty helmet
9823	8909	name-verified	slain undead gladiator
9824	8910	name-verified	slain undead gladiator
9825	8911	name-verified	lever
9826	8912	name-verified	lever
9827	8913	name-verified	lever
9828	8914	name-verified	lever
9829	8915	name-verified	dead mutated bat
9830	8916	name-verified	dead mutated bat
9831	8917	name-verified	dead mutated bat
9832	8918	name-verified	dead mutated bat
9833	8919	name-verified	old carpet
9834	8920	name-verified	old carpet
9835	8921	otb-only	tapestry
9836	8922	otb-only	tapestry
9837	8923	name-verified	velvet tapestry
9838	8924	name-verified	wall lamp
9839	8925	otb-only	lit wall lamp
9840	8926	name-verified	wall lamp
9841	8927	otb-only	lit wall lamp
9842	8928	name-verified	wall lamp
9843	8929	otb-only	lit wall lamp
9844	8930	name-verified	wall lamp
9845	8931	otb-only	lit wall lamp
9846	8932	name-verified	corkscrew stairs
9847	8933	name-verified	stone carving
9848	8934	name-verified	stone carving
9849	8935	name-verified	stone carving
9850	8936	name-verified	stone carving
9851	8937	name-verified	stone carving
9852	8938	name-verified	stone carving
9853	8939	name-verified	stone carving
9854	8940	name-verified	stone carving
9855	8941	name-verified	stone carving
9856	8942	name-verified	stone carving
9857	8943	name-verified	stone carving
9858	8944	name-verified	stone carving
9859	8945	name-verified	stone carving
9860	8946	name-verified	stone carving
9861	8947	name-verified	stone carving
9862	8948	name-verified	stone carving
9863	8949	name-verified	stone carving
9864	8950	name-verified	stone carving
9865	8951	name-verified	stone carving
9866	8952	name-verified	stone carving
9867	8953	otb-only	slain treeling
9868	8954	otb-only	slain treeling
9869	8955	otb-only	slain treeling
9870	8956	otb-only	slain treeling
9871	8957	name-verified	dead mutated rat
9872	8958	name-verified	dead mutated rat
9873	8959	name-verified	dead mutated rat
9874	8960	name-verified	dead mutated rat
9875	8961	name-verified	slain zombie
9876	8962	name-verified	slain zombie
9877	8963	name-verified	slain zombie
9878	8964	name-verified	slain zombie
9879	8965	name-verified	dead young sea serpent
9880	8966	name-verified	dead young sea serpent
9881	8967	name-verified	dead young sea serpent
9882	8968	name-verified	dead young sea serpent
9883	8969	name-verified	lava
9884	8970	name-verified	strange apparatus
9885	8971	name-verified	strange apparatus
9886	8972	name-verified	broken apparatus
9887	8973	name-verified	strange apparatus
9888	8974	name-verified	strange apparatus
9889	8975	name-verified	strange apparatus
9890	8976	name-verified	strange apparatus
9891	8977	name-verified	broken apparatus
9892	8978	name-verified	strange apparatus
9893	8979	name-verified	strange apparatus
9894	8980	name-verified	broken apparatus
9895	8981	name-verified	strange machine
9896	8982	name-verified	strange machine
9897	8983	name-verified	broken machine
9898	8984	name-verified	strange machine
9899	8985	name-verified	strange machine
9900	8986	name-verified	broken machine
9901	8987	name-verified	strange machine
9902	8988	name-verified	strange machine
9903	8989	name-verified	broken machine
9904	8990	name-verified	strange machine
9905	8991	name-verified	strange machine
9906	8992	name-verified	broken machine
9907	8993	name-verified	weird machine
9908	8994	name-verified	weird machine
9909	8995	name-verified	alchemical apparatus
9910	8996	name-verified	alchemical apparatus
9911	8997	name-verified	suspicious cauldron
9912	8998	name-verified	suspicious cauldron
9913	8999	otb-only	dead tiger
9914	9000	otb-only	dead tiger
9915	9001	otb-only	slain nightstalker
9916	9002	otb-only	slain nightstalker
9917	9003	otb-only	slain nightstalker
9918	9004	otb-only	slain nightstalker
9919	9005	name-verified	dead nightmare scion
9920	9006	name-verified	dead nightmare scion
9921	9007	name-verified	dead nightmare scion
9922	9008	name-verified	dead nightmare scion
9923	9009	name-verified	dead hellspawn
9924	9010	name-verified	dead hellspawn
9925	9011	name-verified	dead hellspawn
9926	9012	name-verified	dead hellspawn
9927	9013	name-verified	flower wreath
9928	9014	name-verified	leaf legs
9929	9015	name-verified	flower dress
9930	9016	name-verified	flask of rust remover
9931	9017	name-verified	coconut shoes
9932	9018	name-verified	firewalker boots
9933	9019	name-verified	firewalker boots
9934	3123	name-verified	worn leather boots
9935	9021	name-verified	dead gozzler
9936	9022	name-verified	dead gozzler
9937	9023	name-verified	dead gozzler
9938	9024	name-verified	dead gozzler
9939	9025	name-verified	gate
9940	9026	name-verified	gate
9941	9027	name-verified	crystal of focus
9942	9028	name-verified	crystal of balance
9943	9029	name-verified	gate
9944	9030	otb-only	wooden pillar
9945	9031	otb-only	wooden pillar
9946	9032	name-verified	gate
9947	9033	name-verified	gate
9948	9034	name-verified	dracoyle statue
9949	9035	name-verified	dracoyle statue
9950	9036	name-verified	gate
9951	9037	otb-only	wooden pillar
9952	9038	otb-only	wooden pillar
9953	9039	name-verified	dracoyle statue
9954	9040	name-verified	dracoyle statue
9955	9041	name-verified	vampiric crest
9956	9042	name-verified	magical torch
9957	9043	otb-only	lightbringer's basin
9958	9045	name-verified	royal tapestry
9959	9046	name-verified	silky tapestry
9960	9047	otb-only	remains of a death blob
9961	9048	otb-only	remains of a mercury blob
9962	9049	otb-only	remains of a acid blob
9963	9050	otb-only	remains of a death blob
9964	9051	otb-only	remains of a mercury blob
9965	9052	otb-only	remains of an acid blob
9966	9053	name-verified	glob of mercury
9967	9054	name-verified	glob of acid slime
9968	9055	name-verified	glob of tar
9969	9056	name-verified	black skull
9970	9057	name-verified	small topaz
9971	9058	name-verified	gold ingot
9972	9059	name-verified	small lamp
9973	9060	name-verified	lit small lamp
9974	9061	name-verified	crystal table kit
9975	9062	name-verified	crystal table
9976	9063	name-verified	crystal pedestal
9977	9064	name-verified	crystal pedestal
9978	9065	name-verified	crystal pedestal
9979	9066	name-verified	crystal pedestal
9980	9067	name-verified	crystal of power
9981	9068	name-verified	yalahari figurine
9982	9069	name-verified	flower pot
9983	9070	name-verified	flower pot
9984	9071	name-verified	withered plant
9985	9072	name-verified	withered plant
9986	9073	name-verified	flower pot
9987	9074	name-verified	flower pot
9988	9075	name-verified	flower pot
9989	9076	name-verified	flower pot
9990	9077	name-verified	flower pot
9991	9078	name-verified	flower pot
9992	9079	name-verified	rotworm stew
9993	9080	name-verified	hydra tongue salad
9994	9081	name-verified	roasted dragon wings
9995	9082	name-verified	tropical fried terrorbird
9996	9083	name-verified	banana chocolate shake
9997	9084	name-verified	veggie casserole
9998	9085	name-verified	filled jalapeno peppers
9999	9086	name-verified	blessed steak
10000	9087	name-verified	carrot cake
10001	9088	name-verified	northern fishburger
10002	9089	name-verified	dead war golem
10003	9090	name-verified	dead war golem
10004	9091	name-verified	dead war golem
10005	9092	name-verified	dead war golem
10006	9093	name-verified	jean pierre's cookbook i
10007	9094	name-verified	dead mutated human
10008	9095	name-verified	dead mutated human
10009	9096	name-verified	dead mutated human
10010	9097	name-verified	swamp tentacles
10011	9098	name-verified	black candle
10012	9099	name-verified	black candle
10013	9100	name-verified	mystic flame
10014	9101	name-verified	stand
10015	9102	otb-only	dead rift creature
10016	9103	name-verified	batwing hat
10017	9104	name-verified	football
10019	5404	otb-only	ocean floor
10020	9611	name-verified	dragon claw
10021	6530	name-verified	worn soft boots
10022	9020	name-verified	worn firewalker boots
10024	9105	name-verified	crystal ball
10025	9106	name-verified	molten wax
10026	9107	name-verified	special polish
10027	9108	name-verified	magical blending device
10028	9109	name-verified	fish flakes
10029	9110	name-verified	lever
10030	9111	name-verified	lever
10031	9112	name-verified	flask with magical oil
10032	2967	otb-only	pink key
10033	9114	name-verified	wooden ties
10034	9115	name-verified	metal fitting
10035	9116	otb-only	rope-ladder
10037	9118	otb-only	ore wagon
10038	9119	name-verified	crucible
10039	9121	name-verified	bellow
10040	9121	name-verified	bellow
10041	9122	name-verified	crucible
10042	9123	name-verified	crucible
10043	9124	name-verified	crucible
10044	9125	name-verified	lever
10045	9126	name-verified	lever
10046	9127	name-verified	hat for eclesius
10047	9128	name-verified	hat for eclesius
10048	9129	name-verified	hat for eclesius
10050	9131	name-verified	eclesius' sandals
10051	9132	name-verified	frost cannon
10052	9133	name-verified	crystal column
10053	9134	name-verified	crystal column
10054	9135	name-verified	crystal column
10055	9136	name-verified	crystal column
10056	9137	name-verified	crystal column
10057	9138	name-verified	crystal column
10058	9139	name-verified	crystal column
10059	9140	name-verified	crystal column
10060	9132	name-verified	frost cannon
10061	9142	name-verified	grodrik's favourite axe
10062	9143	name-verified	amarie's favourite book
10063	9144	name-verified	epaminondas doll
10064	9145	name-verified	epaminondas doll
10065	9146	otb-only	iron floor
10066	9147	name-verified	glob of grease
10067	9148	name-verified	giant screwdriver
10068	9149	otb-only	flask with paint
10069	9150	name-verified	energy net
10070	9151	name-verified	bag of screws
10071	9152	name-verified	v-belt
10072	9153	name-verified	yalahari gear wheel
10073	9154	name-verified	spare part
10074	9155	name-verified	red power core
10075	9156	name-verified	green power core
10076	9157	name-verified	chaos matter
10077	9158	name-verified	vortex of elemental water
10078	9159	name-verified	pile of chaos matter
10079	9160	name-verified	metal locker
10080	9161	name-verified	glue dispenser
10081	9162	name-verified	storage chest
10082	9163	name-verified	amphora of grease
10083	9164	name-verified	storage box
10084	9165	name-verified	toolbox
10085	9166	name-verified	screwdriver holder
10086	9167	name-verified	energy generator
10087	9168	name-verified	dusty box
10088	9169	name-verified	old crate
10089	9170	name-verified	wonder glue
10090	9171	name-verified	parchment
10091	2971	otb-only	prison cell key
10092	9173	name-verified	love potion
10094	9175	name-verified	skull
10095	9176	otb-only	campfire
10096	9178	name-verified	voodoo doll
10097	9179	name-verified	voodoo doll
10098	9180	name-verified	remains of a pirate
10099	9181	name-verified	top right part of a map
10100	9182	name-verified	top left part of a map
10101	9183	name-verified	lower right part of a map
10102	9184	name-verified	lower left part of a map
10103	9185	name-verified	very old piece of paper
10104	9186	name-verified	old encrypted text
10105	9187	name-verified	xodet's first wand
10106	643	name-verified	crumpled piece of paper
10107	9189	name-verified	hand puppets
10108	9190	name-verified	hand puppets
10109	9191	name-verified	bundle of rags
10110	9192	name-verified	yalahari inkwell
10111	9193	name-verified	yalahari folio
10112	9194	otb-only	wormhole
10113	9195	otb-only	wormhole
10114	9196	otb-only	wormhole
10115	9197	otb-only	wormhole
10116	9198	otb-only	wormhole
10117	9199	otb-only	wormhole
10118	9200	otb-only	wormhole
10119	9201	name-verified	heated worm punisher
10122	9204	name-verified	old pirate poem
10123	9205	name-verified	pirate treasure map
10124	9206	name-verified	champion's cup
10125	9207	name-verified	silver cup of honour
10126	9208	name-verified	bronze cup of honour
10127	9209	name-verified	golden warrior trophy
10128	9210	name-verified	silver warrior trophy
10129	9211	name-verified	bronze warrior trophy
10130	9212	name-verified	golden trophy of excellence
10131	9213	name-verified	silver trophy of excellence
10132	9214	name-verified	bronze trophy of excellence
10133	9215	name-verified	gold medal
10134	9216	name-verified	silver medal
10135	9217	name-verified	bronze medal
10136	9218	name-verified	badge of glory
10137	9219	name-verified	arcane insignia
10138	9220	name-verified	hero's medal
10139	9221	name-verified	laurel wreath
10140	9222	name-verified	royal medal
10141	9223	name-verified	heavy medal
10142	9224	name-verified	elven trophy
10143	9225	name-verified	cherry blossom tree
10144	9226	name-verified	honey flower
10145	9227	name-verified	potted flower
10146	9228	name-verified	blood herb
10147	9229	name-verified	exotic flowers
10148	9230	name-verified	flower bouquet
10149	9231	name-verified	god flowers
10150	9232	name-verified	cocktail glass
10151	9233	name-verified	golem part
10152	9234	name-verified	worm punisher
10153	9235	name-verified	golem disassembler
10154	9236	name-verified	animal fetish
10155	9237	name-verified	shadow orb
10156	9147	otb-only	dark essence
10157	9239	name-verified	worm queen tooth
10158	9240	name-verified	deep crystal
10159	9241	name-verified	bloodkiss flower
10160	9242	name-verified	crucible
10161	9243	name-verified	crucible
10162	9244	name-verified	crucible
10164	9246	name-verified	earth
10165	9247	name-verified	golem blueprint
10166	9248	name-verified	stabilizer
10167	9249	name-verified	mago mechanic core
10168	9250	name-verified	core dispenser
10169	9251	name-verified	elemental crystal
10170	9252	name-verified	old power core
10171	9253	otb-only	old machine
10172	9254	otb-only	button
10173	9255	name-verified	golem head
10174	9256	name-verified	unfinished golem
10175	9257	otb-only	rock soil
10176	9258	name-verified	dirt
10177	9259	name-verified	limestone wall
10178	9260	name-verified	limestone wall
10179	9261	name-verified	limestone wall
10180	9262	name-verified	limestone wall
10181	9263	name-verified	limestone wall
10182	9264	name-verified	limestone wall
10183	9265	name-verified	limestone wall
10184	9266	name-verified	limestone wall
10185	9267	name-verified	limestone wall
10186	9268	name-verified	limestone wall
10187	9269	name-verified	limestone wall
10188	9270	name-verified	broken limestone wall
10189	9271	name-verified	broken limestone wall
10190	9272	name-verified	limestone railing
10191	9273	name-verified	limestone railing
10192	9274	name-verified	stone wall
10193	9275	name-verified	stone wall
10194	9276	name-verified	limestone railing
10195	9277	name-verified	stone wall
10196	9278	name-verified	stone wall
10197	9279	name-verified	limestone railing
10198	9280	name-verified	limestone pillar
10199	9281	name-verified	limestone pillar
10200	9282	name-verified	limestone pillar
10201	9283	name-verified	limestone pillar
10202	9284	name-verified	limestone pillar
10203	9285	name-verified	limestone pillar
10204	9286	name-verified	limestone wall
10205	9287	name-verified	limestone wall
10206	9288	name-verified	limestone wall
10207	9289	name-verified	limestone wall
10208	9290	otb-only	iron floor
10209	9292	name-verified	carlin banner
10210	9293	name-verified	limestone wall
10211	9294	name-verified	limestone wall
10212	9295	name-verified	limestone wall
10213	9296	name-verified	limestone pedestal
10214	9297	name-verified	limestone pedestal
10215	9298	name-verified	limestone pedestal
10216	9299	name-verified	limestone pedestal
10217	9300	name-verified	limestone pedestal
10218	9301	name-verified	bonfire amulet
10219	9302	name-verified	sacred tree amulet
10220	9303	name-verified	leviathan's amulet
10221	9304	name-verified	shockwave amulet
10222	9305	otb-only	tiled floor
10223	9306	name-verified	mechanical fishing rod
10224	9307	name-verified	mechanical fish
10225	9308	name-verified	nautical map
10226	9309	name-verified	framework wall
10227	9310	name-verified	framework wall
10228	9311	name-verified	framework wall
10229	9312	name-verified	framework wall
10230	9313	name-verified	framework wall
10231	9314	name-verified	framework wall
10232	9315	name-verified	framework wall
10233	9316	name-verified	framework wall
10234	9317	name-verified	framework wall
10235	9318	name-verified	framework wall
10236	9319	name-verified	framework wall
10237	9320	name-verified	framework wall
10238	9321	name-verified	framework wall
10239	9322	name-verified	framework wall
10240	9323	name-verified	framework wall
10241	9324	name-verified	framework wall
10242	9325	name-verified	framework wall
10243	9326	name-verified	framework wall
10244	9327	name-verified	framework wall
10245	9328	name-verified	framework wall
10246	9329	name-verified	framework wall
10247	9330	name-verified	framework wall
10248	9331	name-verified	framework wall
10249	9332	name-verified	stone wall
10250	9333	name-verified	stone wall
10251	9334	name-verified	stone wall
10252	9335	name-verified	stone wall
10253	9336	name-verified	stone wall
10254	9337	name-verified	stone wall
10255	9338	name-verified	stone wall
10256	9339	name-verified	stone wall
10257	9340	name-verified	stone wall
10258	9341	name-verified	stone wall
10259	9342	name-verified	stone wall
10260	9343	name-verified	stone wall
10261	9344	name-verified	stone wall
10262	9345	otb-only	framework window
10263	9346	otb-only	framework window
10264	9347	name-verified	framework window
10265	9348	name-verified	framework window
10266	9349	name-verified	framework window
10267	9350	name-verified	framework window
10268	9351	name-verified	closed door
10269	9352	name-verified	closed door
10270	9353	name-verified	open door
10271	9354	name-verified	closed door
10272	9355	name-verified	closed door
10273	9356	name-verified	open door
10274	9357	name-verified	closed door
10275	9358	name-verified	open door
10276	9359	name-verified	closed door
10277	9360	name-verified	open door
10278	9361	name-verified	closed door
10279	9362	name-verified	open door
10280	9363	name-verified	closed door
10281	9364	name-verified	open door
10282	9365	name-verified	gate of expertise
10283	9366	name-verified	gate of expertise
10284	9367	name-verified	gate of expertise
10285	9368	name-verified	gate of expertise
10286	9369	name-verified	stone wall
10287	9370	name-verified	stone wall
10288	21464	otb-only	violet flame
10289	9372	name-verified	meat shield
10290	9373	name-verified	glutton's mace
10291	9374	name-verified	odd hat
10292	9375	name-verified	pointed rabbitslayer
10293	9376	name-verified	stale bread of ancientness
10294	3537	otb-only	shield of the white knight
10295	9378	name-verified	musician's bow
10296	9379	name-verified	heavy metal t-shirt
10297	9380	name-verified	shield of care
10298	9381	name-verified	helmet of ultimate terror
10299	9382	name-verified	helmet of nature
10300	9383	name-verified	trousers of the ancients
10301	9384	name-verified	scythe of the reaper
10302	9385	name-verified	club of the fury
10303	9386	name-verified	farmer's avenger
10304	9387	name-verified	poet's fencing quill
10305	9388	name-verified	holy icon
10306	9389	otb-only	fan doll of king worldianus
10307	9390	name-verified	machine crate
10308	9391	name-verified	fan club membership card
10309	9392	name-verified	claw of 'the noxious spawn'
10310	9393	name-verified	claw of 'the noxious spawn'
10311	9394	name-verified	claw of 'the noxious spawn'
10312	9394	name-verified	claw of 'the noxious spawn'
10313	9396	name-verified	incredible mumpiz slayer
10314	9397	name-verified	claw of 'the noxious spawn'
10315	9398	name-verified	claw of 'the noxious spawn'
10316	9399	name-verified	mighty helm of green sparks
10317	9400	name-verified	rain coat
10318	9401	name-verified	shield nevermourn
10319	9402	name-verified	dead doctor perhaps
10320	9403	name-verified	dead dirtbeard
10321	9404	name-verified	dead evil mastermind
10322	9405	name-verified	dead monstor
10323	9406	name-verified	dead mephiles
10324	9407	name-verified	slain boogey
10325	9408	name-verified	roof
10326	9409	name-verified	roof
10327	9410	name-verified	roof
10328	9411	name-verified	roof
10329	9412	name-verified	roof
10330	9413	name-verified	roof
10331	9414	name-verified	roof
10332	9415	name-verified	roof
10333	9416	name-verified	roof
10334	9417	name-verified	roof
10335	9418	name-verified	roof
10336	9419	name-verified	roof
10337	9420	name-verified	roof
10338	9421	name-verified	roof
10339	9422	name-verified	roof
10340	9423	name-verified	roof
10341	9424	name-verified	funnel
10342	9425	name-verified	funnel
10343	9426	otb-only	pillar
10344	9427	name-verified	stone ledge
10345	9428	name-verified	pillar
10346	9429	name-verified	pillar
10347	9430	name-verified	pillar
10348	9431	name-verified	pillar
10349	9432	name-verified	statue
10350	9433	name-verified	statue
10351	9434	name-verified	statue
10352	9435	name-verified	statue
10353	9436	name-verified	statue
10354	9437	name-verified	statue
10355	9438	name-verified	statue of fafnar
10356	9439	name-verified	statue of fafnar
10357	9440	name-verified	spider webs
10358	9441	name-verified	spider webs
10359	9442	name-verified	dirt
10360	9443	name-verified	spider webs
10361	9444	name-verified	spider webs
10362	9445	name-verified	dirt
10363	9446	name-verified	rain coat
10364	9447	name-verified	shield nevermourn
10365	9448	name-verified	goddess statue
10366	9449	name-verified	goddess statue
10367	9450	name-verified	goddess statue
10368	9451	name-verified	goddess statue
10369	9452	name-verified	sun emblem
10370	9453	name-verified	sun emblem
10371	9454	name-verified	sun emblem
10372	9455	name-verified	sun emblem
10373	9456	otb-only	limestone railing
10374	9457	otb-only	limestone railing
10375	9458	otb-only	limestone railing
10376	9459	otb-only	limestone railing
10377	9460	otb-only	limestone railing
10378	9461	name-verified	banner
10379	9462	name-verified	banner
10380	9463	name-verified	banner
10381	9464	name-verified	banner
10382	9465	name-verified	banner
10383	9466	otb-only	carlin banner
10384	9467	name-verified	banner
10385	9468	name-verified	banner
10386	9469	name-verified	banner
10387	9470	name-verified	banner
10388	9471	name-verified	banner
10389	9472	name-verified	banner
10390	9473	name-verified	banner
10391	9474	name-verified	banner
10392	9475	name-verified	banner
10393	9476	otb-only	carlin banner
10394	9477	name-verified	banner
10395	9478	name-verified	banner
10396	9479	name-verified	banner
10397	9480	name-verified	banner
10398	9481	name-verified	pavement
10399	9482	name-verified	pavement
10400	9483	name-verified	pavement
10401	9484	name-verified	pavement
10402	9485	name-verified	pavement
10403	9486	name-verified	pavement
10404	9487	name-verified	pavement
10405	9488	name-verified	wooden floor
10406	9489	name-verified	wooden floor
10407	9490	name-verified	wooden floor
10408	9491	name-verified	wooden floor
10409	9492	name-verified	wooden floor
10410	9493	name-verified	wooden floor
10411	9494	name-verified	wooden floor
10412	9495	name-verified	wooden floor
10413	9496	name-verified	wooden floor
10414	9497	name-verified	wooden floor
10415	9498	name-verified	wooden floor
10416	9499	name-verified	wooden floor
10417	9500	name-verified	pavement
10418	9501	name-verified	pavement
10419	9502	name-verified	pavement
10420	9503	name-verified	pavement
10421	9504	name-verified	pavement
10422	9505	name-verified	pavement
10423	9506	name-verified	pavement
10424	9507	name-verified	pavement
10425	9508	name-verified	pavement
10426	9509	name-verified	pavement
10427	9510	name-verified	pavement
10428	9511	name-verified	pavement
10429	9512	name-verified	carlin shield
10430	9513	name-verified	carlin shield
10431	9514	name-verified	serpent shield
10432	9515	name-verified	serpent shield
10433	9516	name-verified	stone ledge
10434	9517	name-verified	stone ledge
10435	9518	otb-only	limestone wall
10436	9519	name-verified	stone pedestal
10437	9520	name-verified	stone pedestal
10438	9521	name-verified	stone pedestal
10439	9522	name-verified	stone pedestal
10440	9523	name-verified	stone pedestal
10441	9524	name-verified	sand
10442	9525	name-verified	sand
10443	9526	name-verified	sand
10444	9527	name-verified	sand
10445	9528	name-verified	sand
10446	9529	name-verified	sand
10447	9530	name-verified	sand
10448	9531	name-verified	sand
10449	9532	name-verified	stone pedestal
10450	9533	otb-only	coloured limestone pillar
10451	9534	otb-only	coloured limestone pillar
10452	9535	otb-only	coloured limestone pillar
10453	9536	otb-only	coloured limestone pillar
10454	9537	name-verified	headache pill
10455	9538	name-verified	pigeon trophy
10456	9539	name-verified	dark sand
10457	9540	name-verified	dark sand
10458	9541	name-verified	dark sand
10459	9542	name-verified	dark sand
10460	9543	name-verified	dark sand
10461	9544	name-verified	dark sand
10462	9545	name-verified	dark sand
10463	9546	name-verified	dark sand
10464	9547	name-verified	dark sand
10465	9548	name-verified	dark sand
10466	9549	name-verified	dark sand
10467	9550	name-verified	dark sand
10468	9551	name-verified	closed door
10469	9552	name-verified	closed door
10470	9553	name-verified	open door
10471	9554	name-verified	closed door
10472	9555	name-verified	open door
10473	9556	name-verified	gate of expertise
10474	9557	name-verified	gate of expertise
10475	9558	name-verified	closed door
10476	9559	name-verified	open door
10477	9560	name-verified	closed door
10478	9561	name-verified	closed door
10479	9562	name-verified	open door
10480	9563	name-verified	closed door
10481	9564	name-verified	open door
10482	9565	name-verified	gate of expertise
10483	9566	name-verified	gate of expertise
10484	9567	name-verified	closed door
10485	9568	name-verified	open door
10486	9569	name-verified	limestone window
10487	9570	name-verified	limestone window
10488	9571	name-verified	limestone window
10489	9572	name-verified	limestone window
10490	9573	name-verified	limestone window
10491	9574	name-verified	limestone window
10492	9575	name-verified	pavement
10493	9576	name-verified	pavement
10494	9577	name-verified	pavement
10495	9578	name-verified	pavement
10496	9579	name-verified	pavement
10497	9580	name-verified	pavement
10498	9581	name-verified	pavement
10499	9582	name-verified	remains of a water elemental
10500	9583	name-verified	remains of a water elemental
10501	9584	name-verified	dead tree
10502	9585	name-verified	engraved wedding ring
10503	9586	name-verified	wedding outfit box
10504	9587	otb-only	druid tree
10505	9588	name-verified	dead tree
10506	9589	name-verified	dead tree
10507	9590	otb-only	carving
10508	9591	name-verified	remains of a wisp
10509	9592	name-verified	limestone pedestal
10510	9593	name-verified	broken wedding ring
10511	9594	name-verified	sneaky stabber of eliteness
10512	9595	name-verified	sneaky stabber of eliteness
10513	9596	name-verified	squeezing gear of girlpower
10514	9597	name-verified	squeezing gear of girlpower
10515	9598	name-verified	whacking driller of fate
10516	9599	name-verified	whacking driller of fate
10518	9601	name-verified	demon backpack
10519	9602	name-verified	orange backpack
10520	9603	name-verified	orange bag
10521	9604	name-verified	moon backpack
10522	9605	name-verified	crown backpack
10523	9606	name-verified	egg of the many
10524	9607	name-verified	dead medusa
10525	9608	name-verified	dead medusa
10526	9609	name-verified	dead medusa
10527	9610	name-verified	dead medusa
10529	9613	name-verified	sea serpent trophy
10530	9614	name-verified	famous golden bug
10531	9615	name-verified	midnight shard
10532	9616	name-verified	bejeweled ship's telescope
10533	9617	name-verified	bejeweled ship's telescope
10534	9618	name-verified	bejeweled ship's telescope
10535	9619	name-verified	bejeweled ship's telescope
10536	9620	otb-only	coal
10537	9621	otb-only	coal
10538	9622	otb-only	residue of darkness
10539	9623	otb-only	residue of darkness
10540	9624	name-verified	limestone railing
10541	9625	name-verified	statue of fafnar
10542	9626	otb-only	golden fafnar trophy
10543	9627	name-verified	silver fafnar trophy
10544	9628	otb-only	elemental cannon
10545	9629	otb-only	elemental cannon
10546	2128	name-verified	magic wall
10547	9630	name-verified	energy field
10548	9631	name-verified	scarab pincers
10549	9632	name-verified	ancient stone
10550	9633	name-verified	bloody pincers
10551	9634	name-verified	cobra tongue
10552	9635	name-verified	elvish talisman
10553	9636	name-verified	fiery heart
10554	9637	name-verified	hellhound slobber
10555	9638	name-verified	cultish mask
10556	9639	name-verified	cultish robe
10557	9640	name-verified	poisonous slime
10558	9641	name-verified	piece of scarab shell
10559	9642	name-verified	spooky blue eye
10560	9643	name-verified	thorn
10561	9644	name-verified	wyvern talisman
10562	9645	name-verified	black hood
10563	9646	name-verified	book of prayers
10564	9647	name-verified	demonic skeletal hand
10565	9648	name-verified	frosty ear of a troll
10566	9649	name-verified	gauze bandage
10567	9650	name-verified	polar bear paw
10568	9651	name-verified	scorpion tail
10569	9652	name-verified	witch broom
10570	9653	name-verified	witch hat
10571	9654	name-verified	war crystal
10572	9655	name-verified	gear crystal
10573	9656	name-verified	broken gladiator shield
10574	9657	name-verified	cyclops toe
10575	9658	name-verified	frost giant pelt
10576	9659	name-verified	half-eaten brain
10577	9660	name-verified	mystical hourglass
10578	9661	name-verified	frosty heart
10579	9662	name-verified	mutated bat ear
10580	9663	name-verified	piece of dead brain
10581	9664	name-verified	piece of hellfire armor
10582	9665	name-verified	wyrm scale
10583	9666	name-verified	sea serpent scale
10584	9667	name-verified	boggy dreads
10585	9668	name-verified	mutated rat tail
10586	9669	otb-only	grass garland
10587	9670	otb-only	grass garland
10588	9671	name-verified	flowery garland
10589	9672	name-verified	flowery garland
10590	9673	otb-only	flower wreath
10591	9674	otb-only	flower wreath
10592	9675	name-verified	leaf wreath
10593	9676	otb-only	leaf wreath
10594	9677	otb-only	moonlight flower wreath
10595	9678	otb-only	moonlight flower wreath
10596	9679	otb-only	spring flower wreath
10597	9680	otb-only	spring flower wreath
10598	9681	otb-only	swamp wreath
10599	9682	otb-only	swamp wreath
10600	9683	name-verified	haunted piece of wood
10601	9684	name-verified	tattered piece of robe
10602	9685	name-verified	vampire teeth
10603	9686	name-verified	swamp grass
10604	9687	name-verified	dead cobra
10605	9688	name-verified	bundle of cursed straw
10606	9689	name-verified	bunch of troll hair
10607	9690	name-verified	ghostly tissue
10608	9691	name-verified	lion's mane
10609	9692	name-verified	lump of dirt
10610	9693	name-verified	pig foot
10611	9694	name-verified	snake skin
10612	9695	otb-only	collector's body
10613	9696	name-verified	plans for a strange device
10614	9697	name-verified	rare crystal
10615	9698	name-verified	carrying device
10616	9699	name-verified	filled carrying device
10617	9700	otb-only	sand
10618	9701	otb-only	sand
10619	9702	otb-only	sand
10620	9703	otb-only	sand
10621	9704	otb-only	sand
10622	9705	otb-only	sand
10623	9706	otb-only	sand
10624	9707	otb-only	sand
10625	9708	otb-only	dark sand
10626	9709	otb-only	dark sand
10627	9710	otb-only	dark sand
10628	9711	otb-only	dark sand
10629	9712	otb-only	dark sand
10630	9713	otb-only	dark sand
10631	9714	otb-only	dark sand
10632	9715	otb-only	dark sand
10633	9716	otb-only	dark sand
10634	9717	otb-only	dark sand
10635	9718	otb-only	dark sand
10636	9719	otb-only	dark sand
10637	9720	name-verified	sand
10638	9721	name-verified	sand
10639	9722	name-verified	sand
10640	9723	name-verified	sand
10641	9724	name-verified	sand
10642	9725	name-verified	sand
10643	9726	name-verified	sand
10644	9727	name-verified	sand
10645	9728	name-verified	sand
10646	9729	name-verified	sand
10647	9730	name-verified	sand
10648	9731	name-verified	sand
10649	9732	name-verified	sand
10650	9733	otb-only	stone wall
10651	9734	otb-only	stone wall
10652	9735	otb-only	stone wall
10653	9736	otb-only	stone wall
10654	9737	otb-only	stone wall
10655	9738	otb-only	stone wall
10656	9739	otb-only	stone wall
10657	9740	otb-only	stone wall
10658	9741	otb-only	stone wall
10659	9742	otb-only	stone wall
10660	9743	otb-only	stone wall
10661	9744	otb-only	stone wall
10662	9745	otb-only	stone wall
10663	9746	otb-only	stone wall
10664	9747	otb-only	stone wall
10665	9748	otb-only	stone wall
10666	9749	otb-only	stone wall
10667	9750	otb-only	stone wall
10668	9751	otb-only	stone wall
10669	9752	otb-only	stone wall
10670	9753	otb-only	stone wall
10671	9754	otb-only	stone wall
10672	9755	otb-only	stone wall
10673	9756	otb-only	stone wall
10674	9757	otb-only	stone wall
10675	9758	otb-only	stone wall
10676	9759	otb-only	stone wall
10677	9760	otb-only	stone wall
10678	9761	otb-only	stone wall
10679	9762	otb-only	stone wall
10680	9763	otb-only	stone wall
10681	9764	otb-only	stone wall
10682	9765	otb-only	stone wall
10683	9766	otb-only	stone wall
10684	9767	otb-only	stone wall
10685	9768	otb-only	stone wall
10686	9769	otb-only	stone wall
10687	9770	otb-only	stone wall
10688	9771	otb-only	stone wall
10689	9772	otb-only	stone wall
10690	9773	otb-only	stone wall
10691	9774	otb-only	snake railing
10692	9775	otb-only	snake railing
10693	9776	otb-only	snake railing
10694	9777	otb-only	snake railing
10695	9778	otb-only	snake railing
10696	9779	otb-only	snake railing
10697	9780	otb-only	snake railing
10698	9781	otb-only	snake railing
10699	9782	otb-only	snake railing
10700	9783	otb-only	snake pillar
10701	9784	otb-only	pillar
10702	9785	otb-only	archway
10703	9786	otb-only	archway
10704	9787	otb-only	archway
10705	9788	otb-only	pedestal
10706	9789	otb-only	pedestal
10707	9790	otb-only	pedestal
10708	9791	otb-only	pedestal
10709	9792	otb-only	snake statue
10710	9793	otb-only	snake statue
10711	9794	name-verified	dragon statue
10712	9795	name-verified	dragon statue
10713	9796	otb-only	snake decoration
10714	9797	otb-only	snake decoration
10715	9798	otb-only	snake decoration
10716	9799	otb-only	snake decoration
10717	9800	otb-only	snake decoration
10718	9801	otb-only	snake decoration
10719	9802	name-verified	friendship amulet
10720	9803	name-verified	friendship amulet
10721	9804	otb-only	snake archway
10722	9805	otb-only	skull archway
10723	9806	otb-only	skull archway
10724	9807	otb-only	figure
10725	9808	otb-only	figure
10726	9809	otb-only	snake archway
10727	9810	otb-only	snake archway
10728	9811	name-verified	dragonbone tree
10729	9812	otb-only	sunholder tree
10730	9813	otb-only	cocoon tree
10731	9814	otb-only	blooming cocoon tree
10732	9815	name-verified	jade spike plant
10733	9816	otb-only	blooming jade spike plant
10734	9817	name-verified	thornpeak grass
10735	9818	name-verified	pepper root grass
10736	9819	name-verified	pepper root grass
10737	9820	name-verified	dry grass
10738	9821	name-verified	dry grass
10739	9822	name-verified	dry grass
10740	9823	name-verified	dry grass
10741	9824	otb-only	desertfire plant
10742	9825	name-verified	trollhair plants
10743	9826	name-verified	trollhair plants
10744	9827	otb-only	hedge
10745	9828	otb-only	hedge
10746	9829	otb-only	hedge
10747	9830	otb-only	hedge
10748	9831	otb-only	hedge
10749	9832	otb-only	hedge
10750	9833	otb-only	hedge
10751	9834	otb-only	hedge
10752	9835	otb-only	blackened hedge
10753	9836	otb-only	blackened hedge
10754	9837	otb-only	blackened hedge
10755	9838	otb-only	blackened hedge
10756	9839	otb-only	diabolic hedge
10757	9840	otb-only	diabolic hedge
10758	9841	otb-only	blackened hedge
10759	9842	otb-only	blackened hedge
10760	10183	name-verified	flask of poison
10761	9844	otb-only	wild vine
10762	9845	otb-only	wild vine
10763	9846	name-verified	pepper root grass
10764	9847	otb-only	trollhair plants
10765	9848	name-verified	stone floor
10766	9849	name-verified	stone floor
10767	9850	name-verified	stone floor
10768	9851	name-verified	stone floor
10769	9852	name-verified	stone floor
10770	9853	name-verified	stone floor
10771	9854	name-verified	stone floor
10772	9855	name-verified	stone floor
10773	9856	name-verified	stone floor
10774	9857	name-verified	stone floor
10775	9858	name-verified	closed door
10776	9859	name-verified	closed door
10777	9860	name-verified	open door
10778	9861	otb-only	caramel candy mushroom
10779	9862	name-verified	aquarius fungius
10780	9863	name-verified	gate of expertise
10781	9864	name-verified	gate of expertise
10782	9865	name-verified	closed door
10783	9866	name-verified	open door
10784	9867	name-verified	closed door
10785	9868	name-verified	closed door
10786	9869	name-verified	open door
10787	9870	otb-only	golden fairy mushroom
10788	9871	otb-only	corrupted plant
10789	9872	name-verified	gate of expertise
10790	9873	name-verified	gate of expertise
10791	9874	name-verified	closed door
10792	9875	name-verified	open door
10793	9876	name-verified	tainted plant
10794	9877	otb-only	foul flower
10795	9878	otb-only	foul flower
10796	9879	otb-only	foul flower
10797	9880	otb-only	foul flower
10798	9881	otb-only	blackened flower
10799	9882	otb-only	blackened flower
10800	9883	otb-only	blackened flower
10801	9884	otb-only	blackened flower
10802	9885	otb-only	putrid plant
10803	9886	otb-only	rotten plant
10804	9887	otb-only	festered rose
10805	9888	otb-only	addled flower
10806	9889	name-verified	pestilent fern
10807	9890	name-verified	necrotic grass
10808	9891	name-verified	necrotic grass
10809	9892	name-verified	necrotic grass
10810	9893	otb-only	ruined stone wall
10811	9894	name-verified	apocalypse mushroom
10812	9895	otb-only	ruined stone wall
10813	9896	name-verified	mourning mushroom
10814	9897	otb-only	ruined stone wall
10815	9898	otb-only	ruined stone wall
10816	9899	name-verified	infected throne
10817	9900	name-verified	pestbringer
10818	9901	otb-only	ruined stone wall
10819	9902	otb-only	ruined stone wall
10820	9903	otb-only	ruined stone wall
10821	9904	otb-only	ruined stone wall
10822	9905	otb-only	ruined stone wall
10823	9906	otb-only	ruined stone wall
10824	9907	otb-only	ruined stone wall
10825	9908	otb-only	ruined stone wall
10826	9909	otb-only	ruined stone wall
10827	9910	otb-only	ruined stone wall
10828	9911	otb-only	snake railing
10829	9912	otb-only	snake railing
10830	9913	otb-only	ruined stone wall
10831	9914	otb-only	ruined stone wall
10832	9915	otb-only	ruined stone wall
10833	9916	otb-only	ruined stone wall
10834	9917	otb-only	ruined stone wall
10835	9918	otb-only	ruined stone wall
10836	9919	otb-only	ruined stone wall
10837	9920	otb-only	ruined stone wall
10838	9921	otb-only	ruined stone wall
10839	9922	otb-only	ruined stone wall
10840	9923	otb-only	ruined stone wall
10841	9924	otb-only	ruined stone wall
10842	9925	otb-only	ruined stone wall
10843	9926	otb-only	ruined stone wall
10844	9927	otb-only	ruined stone wall
10845	9928	otb-only	ruined stone wall
10846	9929	otb-only	stone floor
10847	9930	otb-only	stone floor
10848	9931	otb-only	stone floor
10849	9932	otb-only	stone floor
10850	9933	otb-only	stone floor
10851	9934	otb-only	stone floor
10852	9935	otb-only	stone floor
10853	9936	otb-only	stone floor
10854	9937	otb-only	stone floor
10855	9938	otb-only	stone floor
10856	9939	otb-only	stone floor
10857	9940	otb-only	stone floor
10858	9941	otb-only	stone floor
10859	9942	otb-only	stone floor
10860	9943	otb-only	stone floor
10861	9944	otb-only	stone floor
10862	9945	otb-only	stone floor
10863	9946	otb-only	stone floor
10864	9947	otb-only	stone floor
10865	9948	otb-only	stone floor
10866	9949	otb-only	stone floor
10867	9950	otb-only	stone floor
10868	9951	otb-only	stone floor
10869	9952	otb-only	throatslitter
10870	9953	otb-only	rattleleaf bush
10871	9954	otb-only	rattleleaf bush
10872	9955	otb-only	radical roots
10873	9956	otb-only	radical roots
10874	9957	otb-only	radical roots
10875	9958	otb-only	radical roots
10876	9959	name-verified	throatslitter
10877	9960	name-verified	rattleleaf bush
10878	9961	name-verified	rattleleaf bush
10879	9962	otb-only	flies
10880	9963	otb-only	defence construction
10881	9964	otb-only	defence construction
10882	9965	otb-only	defence construction
10883	9966	otb-only	defence construction
10884	9967	name-verified	scale roof
10885	9968	name-verified	scale roof
10886	9969	name-verified	scale roof
10887	9970	name-verified	scale roof
10888	9971	name-verified	scale roof
10889	9972	name-verified	scale roof
10890	9973	name-verified	scale roof
10891	9974	name-verified	scale roof
10892	9975	name-verified	scale roof
10893	9976	name-verified	scale roof
10894	9977	name-verified	scale roof
10895	9978	name-verified	scale roof
10896	9979	name-verified	scale roof
10897	9980	otb-only	snake decoration
10898	9981	otb-only	snake decoration
10899	9982	otb-only	snake decoration
10900	9983	otb-only	snake decoration
10901	9984	otb-only	snake decoration
10902	9985	otb-only	snake decoration
10903	9986	otb-only	snake decoration
10904	9987	otb-only	snake decoration
10905	9988	otb-only	decoration
10906	9989	otb-only	decoration
10907	9990	otb-only	decoration
10908	9991	otb-only	decoration
10909	9992	otb-only	decoration
10910	9993	otb-only	decoration
10911	9994	otb-only	decoration
10912	9995	name-verified	solstice tree
10913	9996	name-verified	dry solstice tree
10914	9997	name-verified	high grass
10915	9998	name-verified	high grass
10916	9999	name-verified	high grass
10917	10000	otb-only	screaming cherry tree
10918	10001	otb-only	dragon decoration
10919	10002	otb-only	dragon decoration
10920	10003	otb-only	dragon decoration
10921	10004	otb-only	dragon decoration
10922	10005	otb-only	dragon decoration
10923	10006	otb-only	dragon decoration
10924	10007	otb-only	dragon decoration
10925	10008	otb-only	dragon decoration
10926	10009	name-verified	flask of crown polisher
10927	10010	otb-only	dragon decoration
10928	10011	name-verified	map to the unknown
10929	10012	otb-only	dragon decoration
10930	10013	otb-only	dragon decoration
10931	10014	otb-only	snake decoration
10932	10015	otb-only	draconian statue
10933	10016	otb-only	draconian statue
10934	10017	otb-only	lizard statue
10935	10018	otb-only	lizard statue
10936	10019	otb-only	stone claw
10937	10020	otb-only	stone claw
10938	10021	otb-only	lizard statue
10939	10022	otb-only	lizard statue
10940	10023	otb-only	spike
10941	10024	otb-only	spike
10942	10025	name-verified	almanac of magic
10943	10026	name-verified	baby rotworm
10944	10027	name-verified	universal tool
10945	10028	name-verified	soul contract
10946	10029	otb-only	statue
10947	10030	otb-only	statue
10948	10031	otb-only	statue
10949	10032	otb-only	statue
10950	10033	otb-only	dragon throne
10951	10034	otb-only	dragon throne
10952	10035	name-verified	dragon banner
10953	10036	name-verified	dragon banner
10954	10037	otb-only	red banner
10955	10038	otb-only	red banner
10956	10039	name-verified	dragon banner
10957	10040	name-verified	dragon banner
10958	10041	otb-only	dragon banner
10959	10042	otb-only	dragon banner
10960	10043	otb-only	huge spear
10961	10044	otb-only	large spear
10962	10045	otb-only	large spear
10963	10046	name-verified	dragon banner
10964	10047	name-verified	dragon banner
10965	10048	name-verified	red banner
10966	10049	name-verified	red banner
10967	10050	otb-only	table
10968	10051	otb-only	table
10969	10052	otb-only	table
10970	10053	otb-only	table
10971	10054	name-verified	wall lamp
10972	10055	name-verified	wall lamp
10973	10056	name-verified	wall lamp
10974	10057	name-verified	wall lamp
10975	10058	otb-only	decoration
10976	10059	otb-only	decoration
10977	10060	otb-only	decoration
10978	10061	otb-only	decoration
10979	10062	otb-only	weapon rack
10980	10063	otb-only	weapon rack
10981	10064	otb-only	weapon rack
10982	10065	otb-only	weapon rack
10983	10066	otb-only	weapon rack
10984	10067	otb-only	weapon rack
10986	10069	otb-only	fire
10987	10070	otb-only	fire
10988	10071	otb-only	fire
10989	10072	otb-only	gate
10990	10073	otb-only	gate
10991	10074	otb-only	gate
10992	10075	otb-only	column
10993	10076	otb-only	column
10994	10077	otb-only	gate
10995	10078	otb-only	gate
10996	10079	otb-only	gate
10997	10080	otb-only	column
10998	10081	otb-only	column
10999	10082	otb-only	magical dragon statue
11000	10083	otb-only	magical dragon statue
11001	10084	otb-only	magical dragon statue
11002	10085	otb-only	magical dragon statue
11003	10086	name-verified	dragon statue
11004	10087	name-verified	dragon statue
11005	10088	name-verified	dragon statue
11006	10089	name-verified	dragon statue
11007	10090	otb-only	dragon banner
11008	10091	otb-only	dragon banner
11009	10092	otb-only	dragon banner
11010	10093	otb-only	dragon banner
11011	10094	otb-only	dragon banner
11012	10095	otb-only	dragon banner
11013	10096	otb-only	spiky pole
11015	10098	name-verified	high grass
11016	10099	otb-only	dry earth
11017	10100	otb-only	dry earth
11018	10101	otb-only	dry earth
11019	10102	otb-only	dry earth
11020	10103	otb-only	dry earth
11021	10104	otb-only	dry earth
11022	10105	otb-only	dry earth
11023	10106	otb-only	dry earth
11024	10107	otb-only	dry earth
11025	10108	otb-only	dry earth
11026	10109	otb-only	dry earth
11027	10110	otb-only	dry earth
11028	10111	otb-only	dragon decoration
11029	10112	otb-only	strange grass mat
11030	10113	otb-only	shallow water
11031	10114	otb-only	shallow water
11032	10115	otb-only	shallow water
11033	10116	otb-only	shallow water
11034	10117	otb-only	shallow water
11035	10118	otb-only	shallow water
11036	10119	otb-only	shallow water
11037	10120	otb-only	shallow water
11038	10121	otb-only	shallow water
11039	10122	otb-only	shallow water
11040	10123	otb-only	shallow water
11041	10124	otb-only	shallow water
11042	10125	otb-only	shallow water
11043	10126	name-verified	rice
11044	10127	name-verified	rice
11045	10128	name-verified	rice
11046	10129	name-verified	rice
11047	10130	name-verified	rice
11048	10131	name-verified	rice
11049	10132	name-verified	rice
11050	10133	name-verified	rice
11051	10134	otb-only	stone
11052	10135	otb-only	stone
11053	10136	otb-only	stone
11054	10137	otb-only	stone
11055	10138	otb-only	stone
11056	10139	otb-only	stone
11057	10140	otb-only	pile of chaos matter
11058	10141	otb-only	column
11059	10142	otb-only	column
11060	10143	otb-only	column
11061	10144	otb-only	column
11062	10145	name-verified	glowing switch
11063	10146	name-verified	glowing switch
11064	10147	name-verified	window
11065	10148	name-verified	window
11066	10149	name-verified	window
11067	10150	name-verified	window
11068	10151	name-verified	window
11069	10152	name-verified	window
11070	10153	name-verified	window
11071	10154	name-verified	window
11072	10155	name-verified	window
11073	10156	name-verified	window
11074	10157	name-verified	window
11075	10158	name-verified	window
11076	10159	name-verified	skull of a caveman
11077	10160	otb-only	dry earth
11078	10161	otb-only	dry riverbed
11079	10162	otb-only	dry riverbed
11080	10163	otb-only	dry riverbed
11081	10164	otb-only	dry riverbed
11082	10165	otb-only	dry riverbed
11083	10166	otb-only	dry riverbed
11084	10167	otb-only	dry riverbed
11085	10168	otb-only	dry riverbed
11086	10169	otb-only	dry riverbed
11087	10170	otb-only	dry riverbed
11088	10171	otb-only	dry riverbed
11089	10172	name-verified	dragon statue
11090	10173	name-verified	dragon statue
11091	10174	name-verified	dragon statue
11092	10175	name-verified	dragon statue
11093	10176	name-verified	dragon statue
11094	10177	name-verified	dragon statue
11095	10178	name-verified	dragon statue
11096	10179	name-verified	dragon statue
11097	10180	otb-only	stone floor
11098	2128	name-verified	magic wall
11099	2130	name-verified	rush wood
11100	9843	name-verified	flask with beaver bait
11101	637	otb-only	tactical map
11102	10185	otb-only	lever
11103	10186	name-verified	scrying ball
11104	10187	otb-only	shattered crystal ball
11106	10189	name-verified	flask of extra greasy oil
11107	10190	name-verified	dead draken warmaster
11108	10191	name-verified	dead draken warmaster
11109	10192	name-verified	dead draken warmaster
11110	10193	name-verified	dead draken warmaster
11111	10194	otb-only	small bamboo shelf
11112	10195	name-verified	leaves
11113	10196	name-verified	orc tooth
11114	10197	name-verified	jungle grass
11115	10198	name-verified	tribal crest
11116	10199	name-verified	serpent crest
11117	10200	name-verified	crystal boots
11118	10201	name-verified	dragon scale boots
11119	10202	name-verified	heart backpack
11120	10203	otb-only	stone
11121	10204	otb-only	stone
11122	10205	otb-only	bone pile
11123	10206	name-verified	stone stairs
11124	10207	name-verified	snowman package
11125	10208	name-verified	snowman
11126	10209	name-verified	lizard weapon rack kit
11127	10210	otb-only	weapon rack
11128	10211	otb-only	weapon rack
11129	10212	name-verified	dragon statue
11130	10213	name-verified	dragon statue
11131	10214	name-verified	dragon statue
11132	10215	name-verified	dragon statue
11133	10216	name-verified	dragon statue kit
11134	10217	name-verified	tome of knowledge
11135	10218	name-verified	corned fish
11136	3579	name-verified	salmon
11137	10220	otb-only	evil tree spirit
11138	6046	name-verified	dead crocodile
11139	4342	name-verified	dead crocodile
11140	4343	name-verified	dead crocodile
11141	4344	name-verified	dead crocodile
11142	10225	name-verified	shrine
11143	10226	name-verified	shrine
11144	10227	name-verified	nightmare doll
11145	10228	otb-only	muddy floor
11146	10229	otb-only	muddy floor
11147	10230	otb-only	muddy floor
11148	10231	otb-only	muddy floor
11149	10232	otb-only	muddy floor
11150	10233	otb-only	muddy floor
11151	10234	otb-only	muddy floor
11152	10235	otb-only	muddy floor
11153	10236	otb-only	dry riverbed
11154	10237	otb-only	muddy floor
11155	10238	otb-only	muddy floor
11156	10239	otb-only	muddy floor
11157	10240	otb-only	muddy floor
11158	10241	otb-only	muddy floor
11159	10242	otb-only	muddy floor
11160	10243	otb-only	muddy floor
11161	10244	name-verified	bonebeast trophy
11162	10245	otb-only	corned fish
11163	10246	otb-only	corned fish
11164	10247	name-verified	weapons crate
11165	10248	otb-only	mud
11166	10249	otb-only	mud
11167	10250	otb-only	mud
11168	10251	otb-only	mud
11169	10252	otb-only	mud
11170	10253	otb-only	mud
11171	10254	otb-only	mud
11172	10255	otb-only	mud
11173	10256	otb-only	mud
11174	10257	otb-only	mud
11175	10258	otb-only	mud
11176	10259	otb-only	mud
11177	10260	otb-only	mud
11178	10261	otb-only	mud
11179	10262	otb-only	mud
11180	10263	otb-only	mud
11181	10264	otb-only	mud
11182	10265	otb-only	mud
11183	10266	otb-only	mud
11184	10267	otb-only	mud
11185	10268	otb-only	mud
11186	10269	otb-only	mud
11187	10270	otb-only	mud
11188	10271	otb-only	mud
11189	10272	name-verified	crab pincers
11190	10273	name-verified	terrorbird beak
11191	10274	name-verified	skunk tail
11192	10275	name-verified	carrion worm fang
11193	10276	name-verified	elder bonelord tentacle
11194	10277	name-verified	bony tail
11195	10278	name-verified	stone wing
11196	10279	name-verified	piece of crocodile leather
11197	10280	name-verified	giant eye
11198	10281	name-verified	tarantula egg
11199	10282	name-verified	hydra head
11200	10283	name-verified	half-digested piece of meat
11201	10284	name-verified	stone wall
11202	10285	name-verified	stone wall
11203	10286	name-verified	dragon throne
11204	10287	name-verified	dragon throne
11205	10288	name-verified	dragon throne kit
11206	10289	name-verified	red lantern
11207	10290	name-verified	mini mummy
11208	10291	name-verified	rotten piece of cloth
11209	10292	name-verified	silky fur
11210	10293	name-verified	striped fur
11211	10294	name-verified	stuffed toad
11212	10295	name-verified	winter wolf fur
11213	10296	name-verified	acorn
11214	10297	name-verified	antlers
11215	10298	name-verified	metal spike
11216	10299	name-verified	badger fur
11217	10300	name-verified	carniphila seeds
11218	10301	name-verified	centipede leg
11219	10302	name-verified	compass
11220	10303	name-verified	dark rosary
11221	10304	name-verified	hellspawn tail
11222	10305	name-verified	lump of earth
11223	10306	name-verified	essence of a bad dream
11224	10307	name-verified	thick fur
11225	10308	name-verified	mutated flesh
11226	10309	name-verified	strand of medusa hair
11227	10310	name-verified	shiny stone
11228	10311	name-verified	sabretooth
11229	10312	name-verified	scythe leg
11230	10313	name-verified	winged tail
11231	10314	name-verified	nettle blossom
11232	10315	name-verified	sulphurous stone
11233	10316	name-verified	unholy bone
11234	10317	name-verified	werewolf fur
11235	10318	name-verified	warwolf fur
11236	10319	name-verified	wool
11237	10320	name-verified	book of necromantic rituals
11238	10321	name-verified	mammoth tusk
11239	10322	name-verified	statue
11240	10323	name-verified	guardian boots
11241	10324	name-verified	expedition backpack
11242	10325	name-verified	expedition bag
11243	10326	name-verified	dragon backpack
11244	10327	name-verified	minotaur backpack
11245	10328	name-verified	bunch of ripe rice
11246	10329	name-verified	rice ball
11247	10330	name-verified	dead gnarlhound
11248	10331	name-verified	dead gnarlhound
11249	10332	name-verified	dead gnarlhound
11250	10333	name-verified	dead gnarlhound
11251	10334	name-verified	dead orc marauder
11252	10335	name-verified	dead orc marauder
11253	10336	name-verified	large pile of bones
11254	10337	name-verified	dead orc marauder
11255	10338	name-verified	santa teddy
11256	10339	name-verified	snowman doll
11257	10340	name-verified	heavy ball
11258	10341	name-verified	phoenix charm
11259	10342	name-verified	unity charm
11260	10343	name-verified	spiritual charm
11261	10344	name-verified	twin sun charm
11262	10345	name-verified	solitude charm
11263	10346	name-verified	santa backpack
11264	10347	name-verified	dragon tapestry
11265	10348	name-verified	withered plants
11266	10349	name-verified	withered plants
11267	10350	name-verified	withered plants
11268	10351	name-verified	withered plants
11269	10352	name-verified	dead lizard high guard
11270	10353	name-verified	dead lizard high guard
11271	10354	name-verified	dead lizard high guard
11272	10355	name-verified	dead lizard high guard
11273	10356	name-verified	dead lizard legionnaire
11274	10357	name-verified	dead lizard legionnaire
11275	10358	name-verified	dead lizard legionnaire
11276	10359	name-verified	dead lizard legionnaire
11277	10360	name-verified	dead lizard dragon priest
11278	10361	name-verified	dead lizard dragon priest
11279	10362	name-verified	dead lizard dragon priest
11280	10363	name-verified	dead lizard dragon priest
11281	10364	name-verified	dead lizard zaogun
11282	10365	name-verified	dead lizard zaogun
11283	10366	name-verified	dead lizard zaogun
11284	10367	name-verified	dead lizard zaogun
11285	10368	name-verified	dead lizard chosen
11286	10369	name-verified	dead lizard chosen
11287	10370	name-verified	dead lizard chosen
11288	10371	name-verified	dead lizard chosen
11289	10372	otb-only	corrupted dragon banner
11290	10373	otb-only	corrupted dragon banner
11291	10374	otb-only	corrupted dragon banner
11292	10375	otb-only	corrupted dragon banner
11293	10376	otb-only	corrupted dragon banner
11294	10377	otb-only	corrupted dragon banner
11295	10378	otb-only	corrupted dragon banner
11296	10379	otb-only	corrupted dragon banner
11297	10380	otb-only	corrupted dragon banner
11298	10381	otb-only	corrupted dragon banner
11299	10382	name-verified	dead eternal guardian
11300	10383	name-verified	dead eternal guardian
11301	10384	name-verified	zaoan armor
11302	10385	name-verified	zaoan helmet
11303	10386	name-verified	zaoan shoes
11304	10387	name-verified	zaoan legs
11305	10388	name-verified	drakinata
11306	10389	otb-only	sai
11307	10390	name-verified	zaoan sword
11308	10391	name-verified	drachaku
11309	10392	name-verified	twin hooks
11310	10393	name-verified	dead wailing widow
11311	10394	name-verified	dead wailing widow
11312	10395	name-verified	dead wailing widow
11313	10396	name-verified	dead wailing widow
11314	10397	name-verified	weaver's wandtip
11315	10398	name-verified	draken trophy
11316	10399	name-verified	dead draken spellweaver
11317	10400	name-verified	dead draken spellweaver
11318	10401	name-verified	dead draken spellweaver
11319	10402	name-verified	dead draken spellweaver
11320	10403	name-verified	dead insect swarm
11321	10404	name-verified	bone shoulderplate
11322	10405	name-verified	warmaster's wristguards
11323	10406	name-verified	zaoan halberd
11324	10407	name-verified	shaggy tail
11325	10408	name-verified	spiked iron ball
11326	10409	name-verified	corrupted flag
11327	10410	name-verified	cursed shoulder spikes
11328	10411	name-verified	widow's mandibles
11329	10412	name-verified	wailing widow's necklace
11330	10413	name-verified	zaogun flag
11331	10414	name-verified	zaogun shoulderplates
11332	10415	name-verified	high guard flag
11333	10416	name-verified	high guard shoulderplates
11334	10417	name-verified	legionnaire flags
11335	10418	name-verified	broken halberd
11336	10419	name-verified	lizard trophy
11337	10420	name-verified	petrified scream
11338	10421	name-verified	disgusting trophy
11339	10422	name-verified	clay lump
11340	10423	name-verified	rough clay statue
11341	10424	name-verified	clay statue
11342	10425	name-verified	pretty clay statue
11343	10426	name-verified	piece of marble rock
11344	10427	name-verified	rough marble statue
11345	10428	name-verified	marble statue
11346	10429	name-verified	beautiful marble statue
11347	10430	name-verified	dead terramite
11348	10431	name-verified	dead terramite
11349	10432	name-verified	dead terramite
11350	10433	name-verified	dead terramite
11351	10434	name-verified	large pile of bones
11352	10435	name-verified	large pile of bones
11353	10436	name-verified	large pile of bones
11354	10437	name-verified	large pile of bones
11355	10438	name-verified	spellweaver's robe
11356	10439	name-verified	zaoan robe
11357	10440	name-verified	dead sandcrawler
11358	10441	name-verified	dead sandcrawler
11359	10442	name-verified	dead sandcrawler
11360	10443	name-verified	dead sandcrawler
11361	10444	name-verified	dragon priest's wandtip
11362	10445	name-verified	slain ghastly dragon
11363	10446	name-verified	slain ghastly dragon
11364	10447	name-verified	slain ghastly dragon
11365	10448	name-verified	slain ghastly dragon
11366	10449	name-verified	ghastly dragon head
11367	10450	name-verified	undead heart
11368	10451	name-verified	jade hat
11369	10452	name-verified	terramite shell
11370	10453	name-verified	terramite eggs
11371	10454	name-verified	terramite legs
11372	10455	name-verified	lancer beetle shell
11373	10456	name-verified	sandcrawler shell
11374	10457	name-verified	beetle necklace
11375	10458	name-verified	dead lancer beetle
11376	10459	name-verified	dead lancer beetle
11377	10460	name-verified	dead lancer beetle
11378	10461	name-verified	dead lancer beetle
11379	10462	name-verified	dark spikes
11380	10463	name-verified	dark spikes
11381	10464	name-verified	dark spikes
11382	10465	name-verified	dark spikes
11383	10466	name-verified	dark spikes
11384	10467	name-verified	dark spikes
11385	10468	otb-only	giant stone dragon
11386	10469	name-verified	part of a giant stone dragon
11387	10470	name-verified	part of a giant stone dragon
11388	10471	name-verified	part of a giant stone dragon
11389	10472	name-verified	part of a giant stone dragon
11390	10473	name-verified	part of a giant stone dragon
11391	10474	name-verified	part of a giant stone dragon
11392	10475	name-verified	part of a giant stone dragon
11393	10476	name-verified	lucky clover amulet
11394	10477	name-verified	dragon goblet
11395	860	name-verified	crimson sword
11396	110	name-verified	special flask
11397	138	name-verified	empty beer bottle
11398	7243	name-verified	empty jug
11399	5938	name-verified	ceiron's waterskin
11400	3215	name-verified	phoenix egg
11401	3997	name-verified	tibiora's box
11402	4010	name-verified	tibiora's box
11404	4015	otb-only	dead serpent spawn
11405	4019	otb-only	dead serpent spawn
11406	4023	otb-only	dead draken
11407	4028	otb-only	dead lizard
11409	4035	name-verified	slain ghoul
11421	4872	name-verified	ice pick
11422	5924	name-verified	damaged steel helmet
11423	5945	name-verified	coral comb
11424	6099	otb-only	the brutus bloodbeard's hat
11425	6100	otb-only	the lethal lissy's shirt
11426	6101	otb-only	the ron the ripper's sabre
11427	6105	name-verified	striker's favourite pillow
11428	8763	name-verified	bowl of evergreen flowers
11429	10219	name-verified	crocodile steak
11430	10221	otb-only	dead caiman
11431	10222	otb-only	dead caiman
11432	10223	otb-only	dead caiman
11433	10224	otb-only	dead caiman
11434	10478	otb-only	buttress lamp
11435	10479	otb-only	buttress
11436	10480	name-verified	dirt floor
11437	10481	otb-only	rice
11438	10482	otb-only	rice
11439	10483	otb-only	rice
11440	10484	otb-only	rice
11441	10485	otb-only	rice
11442	10486	otb-only	rice
11443	10487	otb-only	rice
11444	10488	otb-only	rice
11445	10489	otb-only	buttress lamp
11446	10490	otb-only	buttress
11447	10491	otb-only	buttress
11448	10492	otb-only	buttress lamp
11449	10493	otb-only	buttress lamp
11450	10494	name-verified	muddy water
11451	10495	otb-only	muddy water
11452	10496	otb-only	muddy water
11453	10497	otb-only	muddy water
11454	10498	otb-only	muddy water
11455	10499	otb-only	muddy water
11456	10500	otb-only	muddy water
11457	10501	otb-only	muddy water
11458	10502	otb-only	muddy water
11459	10503	otb-only	muddy water
11460	10504	otb-only	muddy water
11461	10505	otb-only	muddy water
11462	10506	otb-only	muddy water
11463	10507	otb-only	buttress
11464	10508	otb-only	pavement
11465	10509	otb-only	pavement
11466	10510	otb-only	pavement
11467	10511	otb-only	pavement
11468	10512	otb-only	pavement
11469	10513	otb-only	pavement
11470	10514	otb-only	pavement
11471	10515	otb-only	pavement
11472	10516	otb-only	pavement
11473	10517	otb-only	pavement
11474	10518	otb-only	pavement
11475	10519	otb-only	pavement
11476	10520	name-verified	closed door
11477	10521	name-verified	closed door
11478	10522	otb-only	corrupted soil
11479	10523	otb-only	corrupted soil
11480	10524	otb-only	corrupted soil
11481	10525	otb-only	corrupted soil
11482	10526	otb-only	corrupted soil
11483	10527	otb-only	corrupted soil
11484	10528	otb-only	corrupted soil
11485	10529	otb-only	corrupted soil
11486	10530	otb-only	corrupted soil
11487	10531	otb-only	corrupted soil
11488	10532	otb-only	corrupted soil
11489	10533	otb-only	corrupted soil
11490	10534	otb-only	earth
11491	10535	otb-only	earth
11492	10536	otb-only	corrupted soil
11493	10537	otb-only	corrupted soil
11494	10538	otb-only	corrupted soil
11495	10539	otb-only	corrupted soil
11496	10540	otb-only	corrupted soil
11497	10541	otb-only	corrupted soil
11498	10542	otb-only	corrupted soil
11499	10543	otb-only	corrupted soil
11500	10544	otb-only	corrupted soil
11501	10545	otb-only	corrupted soil
11502	10546	otb-only	corrupted soil clip
11503	10547	otb-only	corrupted soil
11504	10548	otb-only	purple soil
11505	10549	otb-only	rock
11506	10550	otb-only	rock
11507	10551	otb-only	rock
11508	10552	otb-only	rock
11509	10553	otb-only	rock
11510	10554	otb-only	corrupted rock
11511	10555	otb-only	corrupted rock
11512	10556	otb-only	corrupted rock
11513	10557	otb-only	corrupted rock
11514	10558	otb-only	corrupted rock
11515	10559	otb-only	corrupted rock
11516	10560	otb-only	corrupted rock
11517	10561	otb-only	corrupted rock
11518	10562	otb-only	corrupted rock
11519	10563	otb-only	corrupted rock
11520	10564	otb-only	corrupted rock
11521	10565	otb-only	corrupted rock
11522	10566	otb-only	corrupted rock
11523	10567	otb-only	corrupted rock
11524	10568	otb-only	corrupted rock
11525	10569	otb-only	corrupted rock
11526	10570	otb-only	corrupted rock
11527	10571	otb-only	corrupted rock
11528	10572	otb-only	corrupted rock
11529	10573	otb-only	corrupted rock
11530	10574	otb-only	corrupted rock
11531	10575	otb-only	corrupted rock
11532	10576	otb-only	corrupted rock
11533	10577	otb-only	corrupted rock
11534	10578	otb-only	sulphur stone
11535	10579	otb-only	sulphur stone
11536	10580	otb-only	sulphur stone
11537	10581	otb-only	sulphur stone
11538	10582	otb-only	sulphur stone
11539	10583	otb-only	sulphur stone
11540	10584	otb-only	sulphur stone
11541	10585	otb-only	sulphur stone
11542	10586	otb-only	sulphur stone
11543	10587	otb-only	sulphur stone
11544	10588	name-verified	timber wall
11545	10589	name-verified	timber wall
11546	10590	name-verified	timber wall
11547	10591	name-verified	timber wall
11548	10592	name-verified	sulphur
11549	10593	otb-only	sulphur
11550	10594	otb-only	sulphur
11551	10595	otb-only	sulphur
11552	10596	otb-only	sulphur
11553	10597	otb-only	sulphur
11554	10598	otb-only	sulphur
11555	10599	otb-only	sulphur
11556	10600	otb-only	sulphur
11557	10601	otb-only	sulphur
11558	10602	otb-only	sulphur
11559	10603	otb-only	sulphur
11560	10604	otb-only	sulphur
11561	10605	name-verified	mud
11562	10606	otb-only	corrupted bamboo plant
11563	10607	otb-only	corrupted bamboo plant
11564	10608	otb-only	corrupted bamboo plant
11565	10609	otb-only	corrupted bamboo plant
11566	10610	otb-only	corrupted bamboo plant
11567	10611	otb-only	corrupted bamboo plant
11568	10612	otb-only	corrupted bamboo plant
11569	10613	otb-only	corrupted bamboo plant
11570	10614	otb-only	corrupted bamboo plant
11571	10615	otb-only	corrupted bamboo plant
11572	10616	otb-only	giant verminous
11573	10617	otb-only	giant verminous
11574	10618	otb-only	giant verminous
11575	10619	otb-only	giant verminous
11576	10620	otb-only	giant verminous
11577	10621	otb-only	giant verminous
11578	10622	otb-only	giant tree
11579	10623	otb-only	giant tree
11580	10624	otb-only	giant tree
11581	10625	otb-only	giant tree
11582	10626	otb-only	giant tree
11583	10627	otb-only	giant tree
11584	10628	otb-only	giant tree
11585	10629	otb-only	giant tree
11586	10630	otb-only	giant tree
11587	10631	otb-only	giant tree
11588	10632	otb-only	giant tree
11589	10633	otb-only	giant tree
11590	10634	otb-only	giant tree
11591	10635	otb-only	giant tree
11592	10636	otb-only	giant tree
11593	10637	otb-only	giant tree
11594	10638	otb-only	giant tree
11595	10639	otb-only	giant tree
11596	10640	otb-only	giant tree
11597	10641	otb-only	giant tree
11598	10642	otb-only	giant tree
11599	10643	otb-only	giant tree
11600	10644	otb-only	giant tree
11601	10645	otb-only	giant tree
11602	10646	otb-only	giant tree
11603	10647	otb-only	giant tree
11604	10648	otb-only	giant tree
11605	10649	otb-only	verminous slime
11606	10650	otb-only	verminous slime
11607	10651	otb-only	verminous slime
11608	10652	otb-only	verminous slime
11609	10653	otb-only	verminous slime
11610	10654	otb-only	verminous liana
11611	10655	otb-only	verminous liana
11612	10656	otb-only	verminous liana
11613	10657	otb-only	verminous liana
11614	10658	otb-only	verminous liana
11615	10659	otb-only	verminous liana
11616	10660	otb-only	verminous liana
11617	10661	otb-only	verminous liana
11618	10662	otb-only	verminous liana
11619	10663	otb-only	verminous liana
11620	10664	otb-only	verminous liana
11621	10665	otb-only	verminous liana
11622	10666	otb-only	verminous liana
11623	10667	otb-only	verminous liana
11624	10668	otb-only	verminous liana
11625	10669	otb-only	verminous liana
11626	10670	otb-only	verminous liana
11627	10671	otb-only	verminous liana
11628	10672	otb-only	verminous liana
11629	10673	otb-only	verminous liana
11630	10674	otb-only	verminous liana
11631	10675	name-verified	small mudpit
11632	10676	name-verified	small mudpit
11633	10677	name-verified	small mudpit
11634	10678	name-verified	small mudpit
11635	10679	name-verified	small mudpit
11636	10680	name-verified	small mudpit
11637	10681	name-verified	small mudpit
11638	10682	otb-only	black blisters
11639	10683	otb-only	black blisters
11640	10684	otb-only	black blisters
11641	10685	otb-only	black blisters
11642	10686	otb-only	black blisters
11643	10687	otb-only	black blisters
11644	10688	otb-only	black blisters
11645	10689	otb-only	black blisters
11646	10690	otb-only	black blisters
11647	10691	name-verified	sulphur puddle
11648	10692	name-verified	sulphur puddle
11649	10693	name-verified	sulphur puddle
11650	10694	otb-only	giant verminous
11651	10695	otb-only	giant verminous
11652	10696	otb-only	giant verminous
11653	10697	otb-only	giant verminous
11654	10698	otb-only	giant verminous
11655	10699	otb-only	giant verminous
11656	10700	otb-only	giant verminous
11657	10701	otb-only	giant verminous
11658	10702	otb-only	giant verminous
11659	10703	otb-only	giant verminous
11660	10704	otb-only	giant verminous
11661	10705	otb-only	giant verminous
11662	10706	name-verified	sulphur puddle
11663	10707	name-verified	sulphur puddle
11664	10708	name-verified	sulphur puddle
11665	10709	name-verified	sulphur puddle
11666	10710	name-verified	sulphur puddle
11667	10711	otb-only	bitter calyx
11668	10712	otb-only	bitter calyx
11669	10713	otb-only	doomato
11670	10714	otb-only	doomato
11671	10715	otb-only	witherstem
11672	10716	otb-only	carnivortex
11673	10717	otb-only	toxic tulip
11674	10718	otb-only	sprocketwhip
11675	10719	otb-only	small sprocketwhip
11676	10720	otb-only	wraithtongue
11677	10721	otb-only	acid foxglove
11678	10722	otb-only	acid foxglove
11679	10723	otb-only	dark delight
11680	10724	otb-only	grappletackle
11681	10725	otb-only	grappletackle
11682	10726	otb-only	small grappletackles
11683	10727	name-verified	dreadcoil
11684	10728	otb-only	dreadcoil
11685	10729	otb-only	dreadcoil
11686	10730	otb-only	dreadcoil
11687	10731	otb-only	dreadcoil
11688	10732	otb-only	dreadcoil
11689	10733	otb-only	dreadcoil
11690	10734	otb-only	dreadcoil
11691	10735	otb-only	giant dreadcoil
11692	10736	otb-only	giant dreadcoil
11693	10737	otb-only	giant dreadcoil
11694	10738	otb-only	giant verminous
11695	10739	otb-only	giant verminous
11696	10740	otb-only	giant dreadcoil
11697	10741	otb-only	blister tendril
11698	10742	otb-only	blister tendril
11699	10743	otb-only	blister tendril
11700	10744	otb-only	timber wall
11701	10745	otb-only	dreadcoil
11702	10746	otb-only	timber wall
11703	10747	otb-only	dreadcoil
11704	10748	name-verified	insectoid pore
11705	10749	otb-only	putrid growth
11706	10750	otb-only	putrid growth
11707	10751	otb-only	acid
11708	10752	otb-only	putrid growth
11709	10753	otb-only	putrid growth
11710	10754	otb-only	putrid growth
11711	10755	otb-only	putrid growth
11712	10756	otb-only	slimy growth
11713	10757	otb-only	slimy growth
11714	10758	otb-only	slimy growth
11715	10759	otb-only	slimy growth
11716	10760	otb-only	slimy growth
11717	10761	otb-only	slimy growth
11718	10762	otb-only	putrid growth
11719	10763	otb-only	putrid growth
11720	10764	otb-only	putrid growth
11721	10765	otb-only	putrid growth
11722	10766	otb-only	slimy growth
11723	10767	otb-only	slimy growth
11724	10768	otb-only	blisters
11725	10769	otb-only	blisters
11726	10769	otb-only	blisters
11727	10771	otb-only	tackleweed
11728	10772	otb-only	tackleweed
11729	10773	otb-only	purple soil
11730	10774	otb-only	purple soil
11731	10775	otb-only	purple soil
11732	10776	otb-only	purple soil
11733	10777	otb-only	purple soil
11734	10778	otb-only	purple soil
11735	10779	otb-only	purple soil
11736	10780	otb-only	purple soil
11737	10781	otb-only	purple soil
11738	10782	otb-only	purple soil
11739	10783	otb-only	purple soil
11740	10784	otb-only	purple soil
11741	10785	otb-only	purple soil
11742	10786	otb-only	purple soil
11743	10787	otb-only	purple soil
11744	10788	otb-only	purple soil
11745	10789	otb-only	purple soil
11746	10790	otb-only	purple soil
11747	10791	otb-only	purple soil
11748	10792	otb-only	purple soil
11749	10793	otb-only	purple soil
11750	10794	otb-only	purple soil
11751	10795	otb-only	purple soil
11752	10796	otb-only	purple soil
11753	10797	otb-only	large black crystal
11754	10798	name-verified	ferumbras doll
11755	10799	name-verified	ferumbras doll
11756	10800	name-verified	orc's jaw shredder
11757	10801	name-verified	orc's jaw shredder
11758	10802	name-verified	pitch black gap
11759	10803	name-verified	branch
11760	10804	name-verified	branch
11761	10805	otb-only	putrid growth
11762	10806	otb-only	putrid growth
11763	10807	otb-only	putrid growth
11764	10808	otb-only	putrid growth
11765	10809	otb-only	putrid growth
11766	10810	otb-only	acid
11767	10811	otb-only	putrid growth
11768	10812	otb-only	putrid growth
11769	10813	otb-only	putrid growth
11770	10814	otb-only	putrid growth
11771	10815	otb-only	putrid growth
11772	10816	otb-only	putrid growth
11773	10817	name-verified	bag of oriental spices
11774	10818	name-verified	bag of oriental spices
11775	10819	otb-only	mud
11776	10820	otb-only	mud
11777	10821	otb-only	mud
11778	10822	otb-only	mud
11779	10823	otb-only	slimy growth
11780	10824	otb-only	slimy growth
11781	10825	otb-only	blisters
11782	10826	otb-only	blisters
11783	10827	otb-only	tackleweed
11784	10828	otb-only	tackleweed
11785	10829	otb-only	mud
11786	10830	otb-only	mud
11787	10831	otb-only	mud
11788	10832	otb-only	mud
11789	10833	otb-only	mud
11790	10834	otb-only	mud
11791	10835	otb-only	mud
11792	10836	otb-only	mud
11793	10837	name-verified	skull pillar
11794	10838	name-verified	skull pillar
11795	10839	name-verified	skull pillar
11796	10840	otb-only	energy gate
11797	10841	name-verified	skull pillar
11798	10842	otb-only	energy gate
11799	10843	otb-only	black crystals
11800	10844	otb-only	small black crystals
11801	10845	otb-only	black crystals
11802	10847	name-verified	black crystals
11803	10847	name-verified	black crystals
11804	10848	otb-only	some tentacles
11805	10849	otb-only	some tentacles
11806	10850	otb-only	some tentacles
11807	10851	otb-only	some tentacles
11808	10852	otb-only	some tentacles
11809	10853	otb-only	pillar maw
11810	10854	otb-only	pillar leech
11811	10855	otb-only	pillar tendril
11812	10856	name-verified	pillar vine
11813	10857	name-verified	pillar growth
11814	10858	otb-only	pillar pads
11815	10859	otb-only	pillar mustardcup
11816	10860	otb-only	velvet spruce
11817	10861	name-verified	tangerine tail
11818	10862	otb-only	buttercut
11819	10863	otb-only	wrigglecoil
11820	10864	otb-only	hairy violet
11821	10865	otb-only	leechbloom
11822	10866	otb-only	black blisters
11823	10867	otb-only	black blisters
11824	10868	otb-only	black blisters
11825	10869	otb-only	black blisters
11826	10870	otb-only	black crystal
11827	10871	otb-only	sulphur steam
11828	10872	otb-only	sulphur steam
11829	10873	otb-only	sulphur steam
11830	10874	otb-only	sulphur steam
11831	10875	otb-only	sulphur steam
11832	10876	name-verified	skull
11833	10877	otb-only	dragon scales
11834	10878	otb-only	dragon scales
11835	10879	otb-only	dragon scales
11836	10880	otb-only	dragon scales
11837	10881	otb-only	dragon scales
11838	10882	otb-only	dragon scales
11839	10883	otb-only	dragon scales
11840	10884	otb-only	dragon scales
11841	10885	otb-only	dragon scales
11842	10886	otb-only	dragon scales
11843	10887	otb-only	dragon scales
11844	10888	otb-only	dragon scales
11845	10889	otb-only	dragon scales
11846	10890	otb-only	dragon scales
11847	10891	otb-only	dragon scales
11848	10892	otb-only	dragon scales
11849	10893	otb-only	dragon scales
11850	10894	otb-only	dragon scales
11851	10895	otb-only	dragon scales
11852	10896	otb-only	dragon scales
11853	10897	otb-only	dragon scales
11854	10898	otb-only	dragon scales
11855	10899	otb-only	dragon scales
11856	10900	name-verified	bridge
11857	10901	name-verified	bridge
11858	10902	name-verified	bridge
11859	10903	name-verified	bridge
11860	10904	name-verified	bridge
11861	10905	name-verified	bridge
11862	10906	name-verified	bridge
11863	10907	name-verified	bridge
11864	10908	name-verified	bridge
11865	10909	name-verified	bridge
11866	10910	name-verified	bridge
11867	10911	name-verified	bridge
11868	10912	name-verified	bridge
11869	10913	name-verified	bridge
11870	10914	name-verified	bridge
11871	10915	name-verified	bridge
11872	10916	name-verified	bridge
11873	10917	name-verified	bridge
11874	10918	name-verified	bridge
11875	10919	name-verified	bridge
11876	10920	name-verified	bridge
11877	10921	name-verified	bridge
11878	10922	name-verified	bridge
11879	10923	name-verified	bridge
11880	10924	name-verified	bridge
11881	10925	name-verified	bridge
11882	10926	name-verified	bridge
11883	10927	name-verified	bridge
11884	10928	name-verified	bridge
11885	10929	name-verified	bridge
11886	10930	name-verified	bridge
11887	10931	name-verified	bridge
11888	10932	name-verified	bridge
11889	10933	name-verified	bridge
11890	10934	name-verified	bridge
11891	10935	name-verified	bridge
11892	10936	name-verified	bridge
11893	10937	name-verified	bridge
11894	10938	name-verified	bridge
11895	10939	name-verified	bridge
11896	10940	name-verified	bridge
11897	10941	name-verified	bridge
11898	10942	name-verified	bridge
11899	10943	name-verified	bridge
11900	10944	name-verified	bridge
11901	10945	name-verified	bridge
11902	10946	name-verified	bridge
11903	10947	name-verified	bridge
11904	10948	name-verified	bridge
11905	10949	name-verified	bridge
11906	10950	name-verified	bridge
11907	10951	name-verified	bridge
11908	10952	otb-only	dragon scales
11909	10953	otb-only	dragon scales
11910	10954	name-verified	pillar
11911	10955	otb-only	archway
11912	10956	otb-only	archway
11913	10957	otb-only	archway
11914	10958	otb-only	archway
11915	10959	name-verified	dragon basin
11916	10960	name-verified	dragon basin
11917	10961	otb-only	banner
11918	10962	otb-only	banner
11919	10963	otb-only	banner
11920	10964	otb-only	banner
11921	10965	otb-only	crossed spears
11922	10966	otb-only	crossed spears
11923	10967	otb-only	spiky shield
11924	10968	otb-only	spiky shield
11925	10969	otb-only	ornament
11926	10970	otb-only	ornament
11927	10971	otb-only	giant stone dragon
11928	10972	otb-only	part of a giant stone dragon
11929	10973	otb-only	dark ornament
11930	10974	otb-only	dark ornament
11931	10975	otb-only	pillar
11932	10976	otb-only	pillar
11933	10977	name-verified	sapphire stand
11934	10978	name-verified	chair
11935	10979	name-verified	chair
11936	10980	otb-only	blood cask
11937	10981	otb-only	jade
11938	10982	otb-only	jade
11939	10983	otb-only	jade
11940	10982	otb-only	jade
11941	10985	otb-only	jade
11942	10986	name-verified	marble floor
11943	10987	otb-only	jade ornaments
11944	10988	otb-only	jade ornaments
11945	10989	name-verified	marble floor
11946	10990	otb-only	jade ornaments
11947	10991	name-verified	marble floor
11948	10992	otb-only	jade
11949	10993	otb-only	dragon scales
11950	10994	otb-only	jade
11951	10995	otb-only	dragon scales
11952	10996	otb-only	jade
11953	10997	name-verified	marble floor
11954	10998	name-verified	marble floor
11955	10999	name-verified	marble floor
11956	11000	name-verified	marble floor
11957	11001	name-verified	marble floor
11958	11002	name-verified	marble floor
11959	11003	otb-only	jade archway
11960	11004	otb-only	jade archway
11961	11005	otb-only	jade archway
11962	11006	otb-only	timber wall
11963	11007	name-verified	pillar
11964	11008	name-verified	pillar
11965	2422	otb-only	chair
11966	11010	otb-only	jade chair
11967	11011	otb-only	jade chair
11968	11012	otb-only	jade chair
11969	11013	otb-only	jade chair
11970	11014	name-verified	timber wall
11971	11015	name-verified	timber wall
11972	11016	name-verified	jade ornaments
11973	11017	name-verified	jade ornaments
11974	11018	name-verified	jade ornaments
11975	11019	name-verified	jade ornaments
11976	11020	name-verified	jade ornaments
11977	11021	name-verified	jade ornaments
11978	11022	name-verified	jade ornaments
11979	11023	name-verified	jade ornaments
11980	11024	name-verified	jade ornaments
11981	11025	name-verified	jade ornaments
11982	11026	name-verified	jade ornaments
11983	11027	otb-only	marble ornaments
11984	11028	otb-only	marble ornaments
11985	11029	otb-only	marble ornaments
11986	11030	otb-only	marble ornaments
11987	11031	otb-only	marble ornaments
11988	11032	otb-only	marble ornaments
11989	11033	otb-only	marble ornaments
11990	11034	otb-only	marble ornaments
11991	11035	otb-only	marble ornaments
11992	11036	otb-only	marble ornaments
11993	11037	otb-only	marble ornaments
11994	11038	name-verified	jade ornament
11995	11039	otb-only	jade lamp
11996	11040	otb-only	jade lamp
11997	11041	otb-only	jade lamp
11998	11042	otb-only	jade lamp
11999	11043	otb-only	jade dragon statue
12000	11044	otb-only	jade dragon statue
12001	11045	otb-only	jade dragon statue
12002	11046	otb-only	jade dragon statue
12003	11047	otb-only	glowing jade pillar
12004	11048	otb-only	jade basin
12005	11048	otb-only	jade basin
12006	11050	otb-only	jade basin
12007	11051	otb-only	jade floor lamp
12008	11052	otb-only	jade floor lamp
12009	11053	otb-only	bloodfire torch
12010	11054	otb-only	skull torch
12011	11055	otb-only	skull torch
12012	11056	otb-only	jade table
12013	11057	name-verified	pillar
12014	11058	otb-only	mystic floor lamp
12015	11059	otb-only	mystic floor lamp
12016	11060	otb-only	mystic floor lamp
12017	11061	otb-only	mystic floor lamp
12018	11062	otb-only	jade ornaments
12019	11063	otb-only	jade ornaments
12020	11064	otb-only	jade ornaments
12021	11065	otb-only	jade ornaments
12022	11066	otb-only	jade ornaments
12023	11066	otb-only	jade ornaments
12024	11068	name-verified	timbers
12025	11069	otb-only	jade ornaments
12026	11070	otb-only	jade ornaments
12027	11071	otb-only	jade ornaments
12028	11072	otb-only	jade ornaments
12029	11073	otb-only	jade ornaments
12030	11074	otb-only	jade ornaments
12031	11075	otb-only	inclosures
12032	11076	otb-only	jade ornaments
12033	11077	otb-only	inclosures
12034	11078	otb-only	small crystals
12035	11079	otb-only	small crystals
12036	11080	otb-only	crystals
12037	11081	otb-only	jade ornaments
12038	11082	otb-only	crystals
12039	11083	otb-only	dragon fountain
12040	11084	otb-only	dragon fountain
12041	11085	otb-only	jade ornaments
12042	11086	name-verified	dragon fountain
12043	11087	name-verified	dragon fountain
12044	11088	otb-only	heavy weapon rack
12045	11089	otb-only	heavy weapon rack
12046	11090	otb-only	halberd
12047	11091	otb-only	halberds
12048	11092	otb-only	halberds
12049	11093	otb-only	heavy weapon rack
12050	11094	otb-only	heavy weapon rack
12051	11095	otb-only	halberd
12052	11096	otb-only	halberds
12053	11097	otb-only	halberds
12054	11098	otb-only	embedded jade
12055	11099	otb-only	embedded jade
12056	11100	name-verified	iron case
12057	11101	otb-only	iron case
12058	11102	otb-only	inclosures
12059	11103	otb-only	inclosures
12060	11104	otb-only	inclosures
12061	11105	otb-only	inclosures
12062	11106	otb-only	emerald
12063	11107	otb-only	embedded emerald
12064	11108	otb-only	emerald
12065	11109	otb-only	embedded emerald
12066	11110	otb-only	small crystals
12067	11111	otb-only	small crystals
12068	11112	otb-only	crystals
12069	11113	otb-only	crystals
12070	11114	otb-only	sphere
12071	11115	otb-only	sphere
12072	11116	otb-only	sphere
12073	11117	otb-only	jade
12074	11118	otb-only	jade
12075	11119	otb-only	jade
12076	11120	otb-only	jade
12077	11121	otb-only	jade
12078	11122	otb-only	jade
12079	11123	otb-only	jade
12080	11124	otb-only	small crystals
12081	11125	otb-only	small crystals
12082	11126	otb-only	small crystals
12083	11127	otb-only	small crystals
12084	11128	otb-only	small crystals
12085	11129	otb-only	small crystals
12086	11130	otb-only	small crystals
12087	11131	otb-only	small crystals
12088	11132	otb-only	small crystals
12089	11133	otb-only	small crystals
12090	11134	otb-only	small crystals
12091	11135	otb-only	small crystals
12092	11136	name-verified	closed door
12093	11137	name-verified	closed door
12094	11138	name-verified	open door
12095	11139	name-verified	gate of expertise
12096	11140	name-verified	gate of expertise
12097	11141	name-verified	closed door
12098	11142	name-verified	open door
12099	11143	name-verified	closed door
12100	11144	name-verified	closed door
12101	11145	name-verified	open door
12102	11146	name-verified	gate of expertise
12103	11147	name-verified	gate of expertise
12104	11148	name-verified	closed door
12105	11149	name-verified	open door
12106	11150	otb-only	dragon scale decoration
12107	11151	otb-only	dragon scale decoration
12108	11152	name-verified	dragon spikes
12109	11153	name-verified	dragon spike
12110	11154	otb-only	snake decoration
12111	11155	name-verified	dragon spike
12112	11156	otb-only	dragon plates
12113	11157	name-verified	timbers
12114	11158	otb-only	dragon plates
12115	11159	name-verified	carpet
12116	11160	name-verified	carpet
12117	11161	name-verified	carpet
12118	11162	name-verified	carpet
12119	11163	name-verified	carpet
12120	11164	name-verified	carpet
12121	11165	name-verified	carpet
12122	11166	name-verified	carpet
12123	11167	name-verified	carpet
12124	11168	name-verified	carpet
12125	11169	otb-only	carpet
12126	11170	otb-only	carpet
12127	11171	otb-only	carpet
12128	11172	otb-only	carpet
12129	11173	otb-only	carpet
12130	11174	otb-only	carpet
12131	11175	otb-only	carpet
12132	11176	otb-only	carpet
12133	11177	otb-only	carpet
12134	11178	otb-only	carpet
12135	11179	otb-only	carpet
12136	11180	otb-only	carpet
12137	11181	otb-only	carpet
12138	11182	name-verified	decorative spear
12139	11183	name-verified	decorative spear
12140	11184	name-verified	decorative spear
12141	11185	name-verified	decorative spear
12142	11186	otb-only	dragon scale table
12143	11187	otb-only	dragon scale table
12144	11188	otb-only	dragon bone rack
12145	11189	otb-only	dragon bone rack
12146	11190	otb-only	dragon bone rack
12147	11191	otb-only	dragon bone rack
12148	11192	otb-only	dragon bone rack
12149	11193	otb-only	dragon bone table
12150	11194	otb-only	dragon bone table
12151	11195	otb-only	dragon bone rack
12152	11196	otb-only	dragon bone rack
12153	11197	otb-only	dragon bone table
12154	11198	otb-only	dragon bone table
12155	11199	otb-only	dragon bone table
12156	11200	otb-only	bone throne
12157	11201	otb-only	bone throne
12158	11202	otb-only	dragon scales
12159	11203	otb-only	dragon scales
12160	11204	otb-only	dragon scales
12161	11205	otb-only	dragon scales
12162	11206	otb-only	dragon scales
12163	11207	otb-only	dragon scales
12164	11208	otb-only	dragon scales
12165	11209	name-verified	timber
12166	11210	otb-only	dragon bone statue
12167	11211	otb-only	pillar
12168	11212	otb-only	pillar
12169	11213	otb-only	dragon plates
12170	11214	otb-only	dragon standard
12171	11215	otb-only	dragon standard
12172	11216	otb-only	dragon standard
12173	11217	otb-only	dragon standard
12174	11218	otb-only	dragon standard
12175	11219	otb-only	dragon standard
12176	11220	otb-only	dragon plates
12177	11221	otb-only	carpet
12178	11222	otb-only	carpet
12179	11223	otb-only	carpet
12180	11224	otb-only	carpet
12181	11225	otb-only	carpet
12182	11226	otb-only	carpet
12183	11227	otb-only	carpet
12184	11228	otb-only	carpet
12185	11229	otb-only	carpet
12186	11230	otb-only	carpet
12187	11231	otb-only	carpet
12188	11232	name-verified	closed door
12189	11233	name-verified	closed door
12190	11234	name-verified	open door
12191	11235	otb-only	dragon claw lamp
12192	11236	otb-only	dragon claw lamp
12193	11237	otb-only	closed door
12194	11238	otb-only	open door
12195	11239	otb-only	gate of expertise
12196	11240	otb-only	gate of expertise
12197	11241	name-verified	closed door
12198	11242	name-verified	closed door
12199	11243	name-verified	open door
12200	11244	otb-only	dragon claw lamp
12201	11245	otb-only	dragon claw lamp
12202	11246	name-verified	gate of expertise
12203	11247	name-verified	gate of expertise
12204	11248	name-verified	closed door
12205	11249	name-verified	open door
12206	11250	name-verified	wall mirror
12207	11251	otb-only	wall mirror
12208	11252	name-verified	wall lamp
12209	11253	name-verified	wall lamp
12210	11254	name-verified	wall lamp
12211	11255	name-verified	wall lamp
12212	11256	otb-only	jade ornaments
12213	11257	otb-only	observation slit
12214	11258	otb-only	observation slit
12215	11259	name-verified	banner
12216	11260	name-verified	banner
12217	11261	name-verified	banner
12218	11262	name-verified	banner
12219	11263	otb-only	banner
12220	11264	otb-only	banner
12221	11265	otb-only	dragon bone statue
12222	11266	otb-only	part of a giant stone dragon
12223	11267	otb-only	part of a giant stone dragon
12224	11268	otb-only	part of a giant stone dragon
12225	11269	otb-only	part of a giant stone dragon
12226	11270	otb-only	part of a giant stone dragon
12227	11271	otb-only	part of a giant stone dragon
12228	11272	otb-only	jade
12229	11273	otb-only	jade ornaments
12230	11274	otb-only	jade ornaments
12231	11275	otb-only	jade ornaments
12232	11276	otb-only	jade ornaments
12233	11277	otb-only	jade ornaments
12234	11278	otb-only	rutted stone
12235	11279	otb-only	rutted stone
12236	11280	otb-only	rutted stone
12237	11281	otb-only	rutted stone floor
12238	11282	otb-only	rutted earth
12239	11283	otb-only	rutted earth
12240	11284	otb-only	rutted earth
12241	11285	otb-only	rutted earth
12242	11286	otb-only	rutted earth
12243	11287	otb-only	rutted earth
12244	11288	otb-only	rutted earth
12245	11289	otb-only	rutted earth
12246	11290	otb-only	rutted earth
12247	11291	otb-only	rutted earth
12248	11292	otb-only	rutted earth
12249	11293	otb-only	rutted earth
12250	11294	otb-only	rutted earth
12251	11295	otb-only	rutted earth
12252	11296	otb-only	rutted earth
12253	11297	otb-only	rutted earth
12254	11298	otb-only	rutted stone
12255	11299	otb-only	rutted stone
12256	11300	otb-only	rutted stone
12257	11301	otb-only	rutted stone
12258	11302	otb-only	rutted stone
12259	11303	otb-only	rutted stone
12260	11304	otb-only	rutted stone
12261	11305	otb-only	rutted stone
12262	11306	otb-only	rutted stone
12263	11307	otb-only	rutted stone
12264	11308	otb-only	rutted stone
12265	11309	otb-only	rutted stone
12266	11318	otb-only	observation slit
12267	11311	otb-only	observation slit
12268	11312	otb-only	observation slit
12269	11313	otb-only	observation slit
12270	11314	otb-only	observation slit
12271	11315	otb-only	observation slit
12272	11316	otb-only	dirt floor
12273	11319	otb-only	slain incarnation
12274	11318	otb-only	observation slit
12275	11319	otb-only	slain incarnation
12276	11321	otb-only	slain incarnation
12277	11321	otb-only	slain incarnation
12278	11323	otb-only	slain incarnation
12279	11323	otb-only	slain incarnation
12280	11325	otb-only	slain incarnation
12281	11325	otb-only	slain incarnation
12282	11327	otb-only	slain incarnation
12283	11327	otb-only	slain incarnation
12284	11328	name-verified	marked crate
12285	11329	name-verified	lump of clay
12286	11330	name-verified	timber archway
12287	11331	name-verified	sacred bowl
12288	11332	name-verified	timber archway
12289	11333	name-verified	bowl with sacred water
12290	11334	name-verified	sacred coal
12291	2302	name-verified	big table
12292	11336	otb-only	large cocoon
12293	11337	otb-only	tentacle
12295	11339	name-verified	unworked sacred wood
12296	11340	otb-only	big table
12297	11341	name-verified	sacred earth
12298	11342	otb-only	dragon scales
12299	11343	otb-only	dragon scales
12300	11344	name-verified	lump of sacred clay
12301	11345	otb-only	basin full of sacred coal
12302	11346	name-verified	timber wall
12303	11347	name-verified	sacred bowl of purification
12304	11348	otb-only	purified water
12305	11349	otb-only	tentacle
12306	11350	otb-only	tentacle
12307	11351	otb-only	tentacle
12308	11352	otb-only	tentacle
12309	11353	otb-only	tentacle
12310	11354	otb-only	tentacle
12311	11355	otb-only	tentacle
12312	11356	otb-only	tentacle
12313	11357	otb-only	tentacle
12314	11358	otb-only	tentacle
12315	11359	otb-only	tentacle
12316	11360	otb-only	dead keeper
12317	11361	otb-only	psychic residue
12318	11362	name-verified	replica of the sceptre
12320	11364	name-verified	flask of plant poison
12321	11365	name-verified	ramp
12322	11366	otb-only	corrupted mud
12323	11367	otb-only	tail of the keeper
12324	11368	name-verified	sceptre part
12325	11369	name-verified	sceptre part
12326	11370	name-verified	sceptre part
12327	11371	name-verified	snake sceptre
12328	11372	name-verified	interdimensional potion
12329	11373	otb-only	large cocoon
12330	11374	otb-only	tentacle
12331	11375	otb-only	tentacle
12332	11376	otb-only	tentacle
12333	11377	otb-only	tentacle
12334	11378	otb-only	plant poison
12335	11379	otb-only	harmless gas
12336	11380	otb-only	archway
12337	11381	otb-only	archway
12338	11382	otb-only	archway
12339	11383	otb-only	archway
12340	11384	otb-only	archway
12341	11385	otb-only	archway
12342	11386	otb-only	archway
12343	11387	otb-only	archway
12344	11388	otb-only	archway
12345	11389	otb-only	archway
12346	11390	otb-only	archway
12347	11391	otb-only	archway
12348	11392	otb-only	small dragon tooth shelf
12349	11393	otb-only	small dragon tooth shelf
12350	11394	name-verified	sleeping dragon
12351	11395	name-verified	sleeping dragon
12352	11396	name-verified	sleeping dragon
12353	11397	name-verified	sleeping dragon
12354	11398	name-verified	sleeping dragon
12355	11399	name-verified	sleeping dragon
12356	11400	name-verified	sleeping dragon
12357	11401	name-verified	sleeping dragon
12358	11402	name-verified	sleeping dragon
12359	11403	name-verified	sleeping dragon
12360	11404	name-verified	sleeping dragon
12361	11405	otb-only	cracked jade floor
12362	11406	otb-only	cracked jade floor
12363	11407	otb-only	cracked jade floor
12364	11408	otb-only	cracked jade floor
12365	11409	otb-only	cracked jade floor
12366	11410	otb-only	cracked jade floor
12367	11411	otb-only	cracked jade floor
12368	11412	otb-only	cracked jade floor
12369	11413	otb-only	cracked jade floor
12370	11414	otb-only	cracked jade floor
12371	11415	otb-only	cracked jade floor
12372	11416	otb-only	cracked jade floor
12373	11417	otb-only	cracked jade floor
12374	11418	otb-only	cracked jade floor
12375	11419	otb-only	cracked jade floor
12376	11420	otb-only	cracked jade floor
12377	11421	otb-only	cracked jade floor
12378	11422	otb-only	cracked jade floor
12379	11423	otb-only	cracked jade floor
12380	11424	otb-only	cracked jade floor
12381	11425	otb-only	cracked jade floor
12382	11426	name-verified	scribbled sheet of paper
12383	11427	otb-only	large black crystal
12384	11428	otb-only	large black crystal
12385	11429	otb-only	ashes of zalamon
12386	11430	otb-only	wardrobe
12387	11431	otb-only	wardrobe
12388	11432	otb-only	slimy cocoon
12389	11433	otb-only	slimy cocoon
12390	11434	otb-only	slimy cocoon
12391	11435	otb-only	slimy cocoon
12392	11436	otb-only	slimy cocoon
12393	11437	otb-only	slimy cocoon
12394	11438	otb-only	slimy cocoon
12395	11439	otb-only	slimy cocoon
12396	11440	name-verified	large book
12397	11441	name-verified	large book
12398	11442	name-verified	large book
12399	11443	name-verified	girlish hair decoration
12400	11444	name-verified	protective charm
12401	11445	name-verified	bamboo stick
12402	11446	name-verified	hair of a banshee
12403	11447	name-verified	battle stone
12404	11448	name-verified	black wool
12405	11449	name-verified	blood preservation
12406	11450	name-verified	small notebook
12407	11451	name-verified	broken crossbow
12408	11452	name-verified	broken shamanic staff
12409	11453	name-verified	broken helmet
12410	11454	name-verified	luminous orb
12411	11455	name-verified	cultish symbol
12412	11456	name-verified	dirty turban
12413	11457	name-verified	dragon's tail
12414	11458	name-verified	geomancer's robe
12415	11459	name-verified	pineapple
12416	11460	name-verified	aubergine
12417	11461	name-verified	broccoli
12418	11462	name-verified	cauliflower
12419	11463	name-verified	geomancer's staff
12420	11464	name-verified	elven scouting glass
12421	11465	name-verified	elven astral observer
12422	11466	name-verified	flask of embalming fluid
12423	11467	name-verified	ghoul snack
12424	11468	name-verified	ornamented brooch
12425	11469	name-verified	hunter's quiver
12426	11470	name-verified	jewelled belt
12427	11471	name-verified	kongra's shoulderpad
12428	11472	name-verified	minotaur horn
12429	11473	name-verified	purple robe
12430	11474	name-verified	miraculum
12431	11475	name-verified	necromantic robe
12432	11476	name-verified	nettle spit
12433	11477	name-verified	orcish gear
12434	11478	name-verified	shamanic hood
12435	11479	name-verified	orc leather
12436	11480	name-verified	skull belt
12437	11481	name-verified	pelvis bone
12438	11482	name-verified	piece of warrior armor
12439	11483	name-verified	piece of archer armor
12440	11484	name-verified	pile of grave earth
12441	11485	name-verified	poison spider shell
12442	11486	name-verified	noble turban
12443	11487	name-verified	quara tentacle
12444	11488	name-verified	quara eye
12445	11489	name-verified	mantassin tail
12446	11490	name-verified	quara pincers
12447	11491	name-verified	quara bone
12448	11492	name-verified	rope belt
12449	11493	name-verified	safety pin
12450	11494	otb-only	basin
12451	11495	otb-only	basin
12452	11496	otb-only	basin
12453	11497	otb-only	basin
12454	11498	otb-only	dragon basin
12455	11499	otb-only	dragon basin
12456	11500	otb-only	dragon basin
12457	11501	otb-only	dragon basin
12458	19092	name-verified	blazing altar basin
12459	19093	name-verified	blazing altar basin
12460	19094	name-verified	blazing altar basin
12461	19095	name-verified	blazing altar basin
12462	11506	otb-only	large dragon basin
12463	11507	otb-only	large dragon basin
12464	11508	otb-only	large dragon basin
12465	11509	otb-only	large dragon basin
12466	11510	name-verified	scroll of heroic deeds
12467	11511	name-verified	banana sash
12468	11512	name-verified	small flask of eyedrops
12469	11513	name-verified	small pitchfork
12470	11514	name-verified	colourful feather
12471	11515	name-verified	trollroot
12472	11516	otb-only	floating cask
12473	11517	name-verified	floating table
12474	11518	name-verified	floating junk
12475	11519	name-verified	floating junk
12476	11520	otb-only	floating box
12477	11521	name-verified	floating crate
12478	11522	name-verified	floating chair
12479	11523	name-verified	floating chair
12480	11524	name-verified	floating junk
12481	11525	otb-only	floating ship parts
12482	11526	name-verified	floating wood
12483	11527	otb-only	floating ship parts
12484	11528	name-verified	floating ship parts
12485	11529	name-verified	floating cask
12486	11530	name-verified	floating bucket
12487	11531	otb-only	floating green flask
12488	11532	name-verified	floating glass
12489	11533	name-verified	floating bone
12490	11534	otb-only	floating cloth
12491	11535	name-verified	floating junk
12492	11536	otb-only	floating bones
12493	11537	name-verified	floating junk
12494	11538	name-verified	floating junk
12495	11539	name-verified	goblin ear
12496	11540	otb-only	heavy crate
12497	11541	name-verified	jean pierre's cookbook ii
12498	11542	name-verified	fish tail
12499	11542	name-verified	fish tail
12500	11544	name-verified	faded last will
12501	11545	name-verified	exquisite silk
12502	11546	name-verified	spectral cloth
12503	11547	name-verified	exquisite wood
12504	11548	name-verified	strong sinew
12505	11549	name-verified	old iron
12506	11550	name-verified	flexible dragon scale
12507	11551	name-verified	mystic root
12508	11552	name-verified	magic crystal
12509	11553	otb-only	gate of deathstruction
12510	11554	otb-only	gate of deathstruction
12511	11555	name-verified	palisade
12512	11556	name-verified	palisade
12513	11557	name-verified	palisade
12514	11558	name-verified	palisade
12515	11559	name-verified	palisade
12516	11560	name-verified	palisade
12517	11561	name-verified	palisade
12518	11562	name-verified	palisade
12519	11563	name-verified	palisade
12520	11564	name-verified	palisade
12521	11565	name-verified	palisade
12522	11566	name-verified	palisade
12523	11567	name-verified	palisade
12524	11568	name-verified	palisade
12525	11569	name-verified	palisade
12526	11570	name-verified	palisade
12527	11571	name-verified	dead brimstone bug
12528	11572	name-verified	dead brimstone bug
12529	11573	name-verified	palisade
12530	11574	name-verified	palisade
12531	11575	name-verified	palisade
12532	11576	name-verified	palisade
12533	11577	name-verified	palisade
12534	11578	name-verified	palisade
12535	11579	name-verified	palisade
12536	11580	name-verified	palisade
12537	11581	otb-only	wooden pole
12538	11582	name-verified	dead brimstone bug
12539	11583	name-verified	dead brimstone bug
12540	11584	name-verified	coconut shrimp bake
12541	11585	name-verified	helmet of the deep
12542	11586	name-verified	pot of blackjack
12543	11587	name-verified	demonic candy ball
12544	11588	name-verified	sweet mangonaise elixir
12545	11589	name-verified	dead glitterscale
12546	11590	name-verified	dead heoni
12547	11591	otb-only	spider victim
12548	11592	otb-only	hedge
12549	11593	otb-only	hedge
12550	11594	otb-only	blackened hedge
12551	11595	otb-only	hedge
12552	11596	otb-only	hedge
12553	11597	otb-only	hedge
12554	11598	otb-only	hedge
12555	11599	otb-only	blackened hedge
12556	11600	otb-only	blackened hedge
12557	11601	otb-only	blackened hedge
12558	11602	otb-only	blackened hedge
12559	11603	name-verified	silver rune emblem
12560	11604	name-verified	golden rune emblem
12561	11605	name-verified	silver rune emblem
12562	11606	name-verified	golden rune emblem
12563	11607	name-verified	silver rune emblem
12564	11608	name-verified	golden rune emblem
12565	11609	name-verified	silver rune emblem
12566	11610	name-verified	golden rune emblem
12567	11611	name-verified	silver rune emblem
12568	11612	name-verified	golden rune emblem
12569	11613	name-verified	silver rune emblem
12570	11614	name-verified	golden rune emblem
12571	11615	name-verified	silver rune emblem
12572	11616	name-verified	golden rune emblem
12573	11617	name-verified	silver rune emblem
12574	11618	name-verified	golden rune emblem
12575	11619	name-verified	silver rune emblem
12576	11620	name-verified	golden rune emblem
12577	11621	name-verified	silver rune emblem
12578	11622	name-verified	golden rune emblem
12579	11623	name-verified	silver rune emblem
12580	11624	name-verified	golden rune emblem
12581	11625	name-verified	silver rune emblem
12582	11626	name-verified	golden rune emblem
12583	11627	name-verified	silver rune emblem
12584	11628	name-verified	golden rune emblem
12585	11629	name-verified	silver rune emblem
12586	11630	name-verified	golden rune emblem
12587	11631	name-verified	silver rune emblem
12588	11632	name-verified	golden rune emblem
12589	11633	name-verified	silver rune emblem
12590	11634	name-verified	golden rune emblem
12591	11635	name-verified	silver rune emblem
12592	11636	name-verified	golden rune emblem
12593	11637	name-verified	silver rune emblem
12594	11638	name-verified	golden rune emblem
12595	11639	name-verified	silver rune emblem
12596	11640	name-verified	golden rune emblem
12597	11641	name-verified	silver rune emblem
12598	11642	name-verified	golden rune emblem
12599	11643	name-verified	silver rune emblem
12600	11644	name-verified	golden rune emblem
12601	11645	name-verified	silver rune emblem
12602	11646	name-verified	golden rune emblem
12603	11647	name-verified	silver rune emblem
12604	11648	name-verified	golden rune emblem
12605	11649	name-verified	silver rune emblem
12606	11650	name-verified	golden rune emblem
12607	11651	name-verified	elite draken mail
12608	11652	name-verified	broken key ring
12609	11653	name-verified	dead draken elite
12610	11654	name-verified	dead draken elite
12611	11655	name-verified	dead draken elite
12612	11656	name-verified	dead draken elite
12613	11657	name-verified	twiceslicer
12614	11658	name-verified	draken sulphur
12615	11659	name-verified	draken wristbands
12616	11660	name-verified	broken draken mail
12617	11661	name-verified	broken slicer
12618	11662	otb-only	dead spawn
12619	11663	otb-only	dead spawn
12620	11664	otb-only	dead spawn
12621	11665	otb-only	dead spawn
12622	11666	name-verified	tentacle piece
12623	11667	name-verified	dead draken abomination
12624	11668	name-verified	dead draken abomination
12625	11669	name-verified	dead draken abomination
12626	11670	name-verified	dead draken abomination
12627	11671	name-verified	eye of corruption
12628	11672	name-verified	tail of corruption
12629	11673	name-verified	scale of corruption
12630	11674	name-verified	cobra crown
12631	11675	name-verified	dissolved souleater
12632	11676	name-verified	dissolved souleater
12633	11677	name-verified	dissolved souleater
12634	11678	name-verified	dissolved souleater
12635	11679	name-verified	souleater trophy
12636	11680	name-verified	lizard essence
12637	11681	name-verified	ectoplasmic sushi
12638	11682	name-verified	dragonfruit
12639	11683	name-verified	peas
12640	11684	name-verified	downy feather
12641	11685	name-verified	cheese cookie
12642	11686	name-verified	royal draken mail
12643	11687	name-verified	royal scale robe
12644	11688	name-verified	shield of corruption
12645	11689	name-verified	elite draken helmet
12646	4033	name-verified	draken boots
12647	11691	name-verified	snake god's wristguard
12648	11692	name-verified	snake god's sceptre
12649	11693	name-verified	blade of corruption
12650	11694	name-verified	snake god trophy
12651	11695	name-verified	black jade cobra
12652	11696	otb-only	gate guardian
12653	11697	otb-only	gate guardian
12654	11698	name-verified	loot bag
12655	11699	name-verified	botany almanach
12656	11700	name-verified	sedge hat
12657	11701	name-verified	old cape
12658	11702	name-verified	brimstone fangs
12659	11703	name-verified	brimstone shell
12660	11690	name-verified	trashed draken boots
12661	4037	otb-only	remains of a water elemental
12662	4061	name-verified	stone of wisdom
12663	4065	name-verified	statue of devovorga
12664	4073	name-verified	treasure chest
12665	4077	name-verified	treasure chest
12666	4100	name-verified	gamemaster doll
12667	4115	name-verified	phoenix statue
12668	4124	name-verified	phoenix statue
12669	476	otb-only	open trapdoor
12670	4049	name-verified	magical measurement device
12671	4050	name-verified	spirit cage
12672	4051	name-verified	telescope
12673	4054	otb-only	red cushioned chair
12674	4055	name-verified	large amphora
12675	4056	name-verified	globe
12676	4059	otb-only	rocking horse
12677	4060	otb-only	broken lizard statue
12678	4140	name-verified	timber wall
12679	4144	name-verified	timber wall
12680	4174	name-verified	dead rabbit
12681	9141	name-verified	wooden planks
12682	10770	otb-only	timber wall
12683	10846	otb-only	timber wall
12684	10984	otb-only	timber wall
12685	11009	otb-only	timber wall
12686	11049	otb-only	timbers
12687	11067	otb-only	timbers
12688	11310	otb-only	timber
12689	11335	name-verified	timber wall
12690	11363	name-verified	timber wall
12691	11704	otb-only	timber
12692	11705	name-verified	closed door
12693	11706	name-verified	timber wall
12694	11707	otb-only	stairs
12695	11708	name-verified	open door
12696	11709	otb-only	stairs
12697	11710	name-verified	timber wall
12698	11711	name-verified	lush grass
12699	11712	name-verified	lush grass
12700	11713	name-verified	lush grass
12701	11714	name-verified	closed door
12702	11715	name-verified	lush grass
12703	11716	name-verified	open door
12704	11717	name-verified	lush grass
12705	11718	name-verified	lush grass
12706	11719	otb-only	grass
12707	11720	otb-only	grass
12708	11721	otb-only	grass
12709	11722	otb-only	grass
12710	11723	otb-only	grass
12711	11724	otb-only	grass
12712	11725	otb-only	grass
12713	11726	name-verified	lush grass
12714	11727	otb-only	grass
12715	11728	otb-only	grass
12716	11729	otb-only	grass
12717	11730	otb-only	grass
12718	11731	name-verified	timber floor
12719	11732	name-verified	timber floor
12720	11733	name-verified	timber floor
12721	11734	name-verified	timber floor
12722	11735	name-verified	timber floor
12723	11736	name-verified	timber floor
12724	11737	name-verified	timber floor
12725	11738	name-verified	timber floor
12726	11739	name-verified	timber floor
12727	11740	otb-only	grass
12728	11741	otb-only	grass
12729	11742	otb-only	grass
12730	11743	otb-only	grass
12731	11744	otb-only	grass
12732	11745	otb-only	grass
12733	11746	otb-only	grass
12734	11747	name-verified	lush grass
12735	11748	otb-only	grass
12736	11749	otb-only	grass
12737	11750	otb-only	grass
12738	11751	name-verified	lush grass
12739	11752	name-verified	timber floor
12740	11753	name-verified	timber floor
12741	11754	name-verified	timber floor
12742	11755	name-verified	timber floor
12743	11756	name-verified	timber floor
12744	11757	name-verified	timber floor
12745	11758	name-verified	timber floor
12746	11759	name-verified	timber floor
12747	11760	name-verified	timber floor
12748	11761	name-verified	timber floor
12749	11762	name-verified	timber floor
12750	11763	name-verified	timber floor
12751	11764	name-verified	timber floor
12752	11765	name-verified	timber floor
12753	11766	name-verified	timber floor
12754	11767	name-verified	timber floor
12755	11768	name-verified	timbers
12756	11769	name-verified	timbers
12757	11770	name-verified	leaves
12758	11771	name-verified	leaves
12759	11772	name-verified	leaves
12760	11773	name-verified	leaves
12761	11774	name-verified	leaves
12762	11775	name-verified	leaves
12763	11776	name-verified	leaves
12764	11777	name-verified	leaves
12765	11778	name-verified	leaves
12766	11779	name-verified	leaves
12767	11780	name-verified	leaves
12768	11781	name-verified	leaves
12769	11782	name-verified	leaves
12770	11783	name-verified	leaves
12771	11784	name-verified	leaves
12772	11785	name-verified	leaves
12773	11786	name-verified	branch
12774	11787	name-verified	branch
12775	11788	name-verified	branch
12776	11789	name-verified	deer antlers
12777	11790	name-verified	deer antlers
12778	11791	otb-only	deer antlers
12779	11792	otb-only	deer antlers
12780	11793	name-verified	lush grass
12781	11794	name-verified	lush grass
12782	11795	name-verified	lush grass
12783	11796	name-verified	lush grass
12784	11797	name-verified	timber table
12785	11798	name-verified	timber table
12786	11799	name-verified	timber table
12787	11800	name-verified	timber chair
12788	11801	name-verified	timber chair
12789	11802	name-verified	timber chair
12790	11803	name-verified	timber chair
12791	11804	name-verified	stool
12792	11805	name-verified	stool
12793	11806	name-verified	stool
12794	11807	name-verified	stool
12795	11808	name-verified	taboret
12796	11809	name-verified	wooden trunk
12797	11810	name-verified	wooden trunk
12798	11811	name-verified	soup kettle
12799	11812	name-verified	cabinet
12800	11813	name-verified	cabinet
12801	11814	name-verified	barbecue
12802	11815	name-verified	tattered curtain
12803	11816	name-verified	tattered curtain
12804	11817	name-verified	tattered curtain
12805	11818	name-verified	tattered curtain
12806	11819	name-verified	cutlery
12807	11820	name-verified	cutlery
12808	11821	otb-only	stone
12809	11822	otb-only	stone
12810	11823	name-verified	wolf hide
12811	11824	name-verified	wolf hide
12812	11825	name-verified	rods
12813	11826	name-verified	rod
12814	11827	otb-only	rod
12815	11828	name-verified	rod
12816	11829	name-verified	beam
12817	11830	name-verified	beam
12818	11831	name-verified	hanging wolf
12819	11832	name-verified	hanging deer
12820	11833	name-verified	hanging wolf
12821	11834	name-verified	hanging deer
12822	11835	name-verified	hanging fur
12823	11836	name-verified	hanging fur
12824	11837	otb-only	large tightropes
12825	11838	otb-only	tightropes
12826	11839	otb-only	tightropes
12827	11840	otb-only	tightropes
12828	11841	otb-only	lamp
12829	11842	otb-only	sand
12830	11843	otb-only	sandy tile
12831	11844	otb-only	sandy tile
12832	11845	otb-only	sandy tile
12833	11846	otb-only	sandy tile
12834	11847	otb-only	sandy tile
12835	11848	otb-only	sandy tile
12836	11849	otb-only	sandy tile
12837	11850	otb-only	sandy tile
12838	11851	otb-only	sandy tile
12839	11852	otb-only	sandy tile
12840	11853	otb-only	sandy tile
12841	11854	otb-only	sandy tile
12842	11855	otb-only	sandy tile
12843	11856	otb-only	sandy tile
12844	11857	otb-only	sandy tile
12845	11858	otb-only	sandy tile
12846	11859	otb-only	wall
12847	11860	otb-only	wall
12848	11861	otb-only	pillar
12849	11862	otb-only	pillar
12850	11863	otb-only	pillar
12851	11864	otb-only	pillar
12852	11865	otb-only	pillar
12853	11866	otb-only	pillar
12854	11867	otb-only	pillar
12855	11868	otb-only	pillar
12856	11869	otb-only	pillar
12857	11870	otb-only	tomb wall
12858	11871	otb-only	tomb wall
12859	11872	otb-only	tomb wall
12860	11873	otb-only	tomb wall
12861	11874	otb-only	tomb wall
12862	11875	otb-only	tomb wall
12863	11876	otb-only	tomb wall
12864	11877	otb-only	tomb wall
12865	11878	otb-only	tomb wall
12866	11879	otb-only	tomb wall
12867	11880	otb-only	tomb wall
12868	11881	otb-only	tomb wall
12869	11882	otb-only	tomb wall
12870	11883	name-verified	pillar
12871	11884	name-verified	pillar
12872	11885	name-verified	pillar
12873	11886	name-verified	pillar
12874	11887	name-verified	pillar
12875	11888	name-verified	pillar
12876	11889	name-verified	pillar
12877	11890	name-verified	pillar
12878	11891	name-verified	pillar
12879	11892	name-verified	pillar
12880	11893	otb-only	wall
12881	11894	otb-only	tomb wall
12882	11895	otb-only	wall
12883	11896	otb-only	tomb wall
12884	11897	name-verified	pillar
12885	11898	otb-only	wall
12886	11899	otb-only	wall
12887	11900	otb-only	wall
12888	11901	otb-only	wall
12889	11902	name-verified	tomb wall
12890	11903	name-verified	tomb wall
12891	11904	name-verified	tomb wall
12892	11905	name-verified	tomb wall
12893	11906	name-verified	tomb wall
12894	11907	name-verified	tomb wall
12895	11908	name-verified	tomb wall
12896	11909	name-verified	tomb wall
12897	11910	name-verified	tomb wall
12898	11911	name-verified	tomb wall
12899	11912	name-verified	tomb wall
12900	11913	name-verified	tomb wall
12901	11914	name-verified	tomb wall
12902	11915	name-verified	tomb wall
12903	11916	name-verified	tomb wall
12904	11917	name-verified	tomb wall
12905	11918	name-verified	tomb wall
12906	11919	name-verified	tomb wall
12907	11920	name-verified	tomb wall
12908	11921	otb-only	tomb wall
12909	11922	otb-only	tomb wall
12910	11923	otb-only	tomb wall
12911	11924	otb-only	tomb wall
12912	11925	name-verified	sand
12913	11926	name-verified	sandy tile
12914	11927	name-verified	sandy tile
12915	11928	name-verified	sandy tile
12916	11929	name-verified	sandy tile
12917	11930	name-verified	sandy tile
12918	11931	name-verified	sandy tile
12919	11932	name-verified	sandy tile
12920	11933	name-verified	sandy tile
12921	11934	name-verified	sandy tile
12922	11935	name-verified	sandy tile
12923	11936	name-verified	sandy tile
12924	11937	name-verified	sandy tile
12925	11938	name-verified	sandy tile
12926	11939	name-verified	sandy tile
12927	11940	name-verified	sandy tile
12928	11941	name-verified	sandy tile
12929	11942	name-verified	sand
12930	11943	name-verified	sandy tile
12931	11944	name-verified	sandy tile
12932	11945	name-verified	sandy tile
12933	11946	name-verified	sandy tile
12934	11947	otb-only	sandy tile
12935	11948	otb-only	sandy tile
12936	11949	otb-only	sandy tile
12937	11950	otb-only	sandy tile
12938	11951	otb-only	wall
12939	11952	otb-only	wall
12940	11953	otb-only	wall
12941	11954	otb-only	wall
12942	11955	otb-only	small wall
12943	11956	otb-only	small wall
12944	11957	otb-only	small tomb wall
12945	11958	otb-only	small tomb wall
12946	11959	name-verified	skull
12947	11960	name-verified	skull
12948	11961	name-verified	papyrus scroll
12949	11962	name-verified	papyrus scroll
12950	11963	name-verified	ornate tombstone
12951	11964	name-verified	ornate tombstone
12952	11965	name-verified	skull
12953	11966	name-verified	skull
12954	11967	name-verified	papyrus scroll
12955	11968	name-verified	papyrus scroll
12956	11969	name-verified	ornate tombstone
12957	11970	name-verified	ornate tombstone
12958	11976	name-verified	stone
12959	11974	name-verified	stone
12960	11973	name-verified	stone
12961	11974	name-verified	stone
12962	11975	name-verified	stone
12963	11976	name-verified	stone
12964	11977	name-verified	stone
12965	11978	name-verified	stone
12966	11979	name-verified	stone
12967	11980	name-verified	stone
12968	11981	name-verified	stone
12969	11982	name-verified	dry piece of wood
12970	11983	name-verified	stone
12971	11984	name-verified	stone
12972	11985	name-verified	stone
12973	11986	name-verified	stone
12974	11987	name-verified	stone
12975	11988	name-verified	stone
12976	11989	name-verified	stone
12977	11990	name-verified	stone
12978	11991	name-verified	stone
12979	11992	name-verified	stone
12980	11993	name-verified	stone
12981	11994	name-verified	stone
12982	11995	name-verified	stone
12983	11996	name-verified	stone
12984	11997	name-verified	stone
12985	11998	name-verified	stone
12986	11999	name-verified	stone
12987	12000	name-verified	stone
12988	12001	otb-only	face of the colossus
12989	12002	otb-only	face of the colossus
12990	12003	otb-only	face of the colossus
12991	12004	otb-only	beard of the colossus
12992	12005	otb-only	beard of the colossus
12993	12006	otb-only	beard of the colossus
12994	12007	name-verified	stone
12995	12008	otb-only	fist of the colossus
12996	12009	otb-only	thumb of the colossus
12997	12010	otb-only	thumb of the colossus
12998	12011	otb-only	fist of the colossus
12999	12012	otb-only	fist of the colossus
13000	12013	otb-only	fist of the colossus
13001	12014	name-verified	big toe of the colossus
13002	12015	otb-only	toes of the colossus
13003	12016	otb-only	toes of the colossus
13004	12017	name-verified	big toe of the colossus
13005	12018	otb-only	toes of the colossus
13006	12019	otb-only	toes of the colossus
13007	12020	name-verified	timber table
13008	12021	name-verified	timber table
13009	12022	name-verified	timber table
13010	12023	otb-only	ladder
13011	12024	otb-only	witch's clock
13012	12025	otb-only	witch's clock
13013	12026	otb-only	witch's clock
13014	12027	otb-only	witch's clock
13015	12028	otb-only	witch's clock
13016	12029	otb-only	witch's clock
13017	12030	otb-only	witch's clock
13018	12031	otb-only	witch's clock
13020	12033	name-verified	closed door
13021	12034	name-verified	open door
13022	12035	name-verified	closed door
13023	12036	name-verified	open door
13024	12037	otb-only	ship
13025	12038	otb-only	ship
13026	12039	name-verified	panther head
13027	12040	name-verified	panther paw
13028	12041	name-verified	frozen heart
13029	12042	name-verified	frozen heart
13030	12043	name-verified	draken doll
13031	12044	name-verified	draken doll
13032	12045	name-verified	music box
13033	12046	name-verified	music box
13034	12047	name-verified	pharaoh dummy
13035	12048	name-verified	hydromancer dummy
13036	12049	name-verified	mutated rat dummy
13037	12050	name-verified	zombie dummy
13038	12051	name-verified	nightstalker dummy
13039	12052	name-verified	lost soul dummy
13040	12053	name-verified	carniphila dummy
13041	12054	otb-only	ship railing
13042	12055	otb-only	ship railing
13043	12056	name-verified	blightwalker dummy
13044	12057	name-verified	reward box
13051	12064	otb-only	slime fungus
13061	12074	otb-only	slime fungus
13072	12085	otb-only	cake
13073	12086	otb-only	cake with a cherry
13074	12087	otb-only	cake
13075	12088	otb-only	cake with a cherry
13076	12089	otb-only	cake
13077	12090	otb-only	cake base
13078	12091	otb-only	cake base
13079	12092	otb-only	cake base
13080	12093	otb-only	cake base
13081	12094	otb-only	cake base
13082	12095	otb-only	cake base
13083	12096	otb-only	cake base
13084	12097	otb-only	cake base
13085	12098	otb-only	cake base
13086	12099	otb-only	cake base
13087	12100	otb-only	cake base
13088	12101	otb-only	cake base
13089	12102	otb-only	cake base
13090	12103	otb-only	cake base
13091	12104	otb-only	cake base
13092	12105	otb-only	cake
13093	12106	otb-only	cake base
13094	12107	otb-only	cake
13095	12108	otb-only	cake base
13096	12109	otb-only	cake
13097	12110	otb-only	cake base
13098	12111	otb-only	cake
13099	12112	otb-only	cake
13100	12113	otb-only	cherry
13101	12114	name-verified	huge cauldron
13102	12115	name-verified	huge cauldron
13103	12116	name-verified	huge cauldron
13104	12117	name-verified	huge cauldron
13105	12118	name-verified	huge cauldron
13106	12119	name-verified	huge cauldron
13107	12120	name-verified	huge cauldron
13108	12121	name-verified	huge cauldron
13109	12122	name-verified	huge cauldron
13110	12123	name-verified	ghost duster
13111	12124	otb-only	wooden floor
13112	12125	otb-only	wooden floor
13113	12126	otb-only	wooden floor
13114	12127	otb-only	wooden floor
13115	12128	name-verified	emergency kit
13116	12129	otb-only	wooden floor
13117	12130	otb-only	ghost fire
13118	12131	otb-only	fire
13119	12132	otb-only	smoke
13120	12133	otb-only	fire
13121	12134	otb-only	ghost fire
13122	12135	otb-only	spectral vortex
13123	12136	otb-only	fire shrine
13124	12137	otb-only	fire shrine
13125	12138	otb-only	fire shrine
13126	12139	otb-only	slide
13127	12140	otb-only	fire shrine
13128	12141	otb-only	dead cake golem
13129	12142	otb-only	dead cake golem
13130	12143	name-verified	sweet and sugary substance
13131	12144	name-verified	stone
13132	12145	name-verified	stone
13133	12146	name-verified	stone
13134	12147	name-verified	cake
13135	12148	otb-only	cake with a cherry
13136	12149	otb-only	cake with a cherry
13137	12150	name-verified	cake
13138	12151	name-verified	cake
13139	12152	name-verified	cake
13140	12153	name-verified	cake
13141	12154	name-verified	cake
13142	12155	name-verified	cake
13143	12156	otb-only	wall
13144	12157	name-verified	tomb wall
13145	12158	otb-only	mountain
13146	12159	otb-only	mountain
13147	12160	otb-only	mountain
13148	12161	otb-only	mountain
13149	12162	otb-only	mountain
13150	12163	otb-only	mountain
13151	12164	otb-only	mountain
13152	12165	otb-only	mountain
13153	12166	otb-only	mountain
13154	12167	otb-only	mountain
13155	12168	otb-only	mountain
13156	12169	otb-only	mountain
13157	12170	otb-only	mountain
13158	12171	name-verified	handcrafted ribbon
13159	12172	name-verified	rabbit's foot
13160	12173	name-verified	rabbit's foot lucky charm
13161	12174	name-verified	fake rabbit's foot
13162	12175	name-verified	spoon with a ribbon
13163	12176	name-verified	wooden planks
13164	12177	name-verified	wooden planks
13165	12178	name-verified	demon infant
13166	12179	name-verified	demon infant
13167	12180	name-verified	demon infant
13168	12181	name-verified	demon infant
13169	12182	name-verified	demon infant
13170	12183	name-verified	broken wall
13171	12184	name-verified	broken wall
13172	12185	name-verified	broken wall
13173	12186	name-verified	net
13174	12187	name-verified	net
13175	12188	name-verified	small fir tree
13176	12189	name-verified	captured merchant
13177	12190	name-verified	tomb wall
13178	12191	name-verified	tomb wall
13179	12192	name-verified	tomb wall
13180	12193	name-verified	tomb wall
13181	12194	name-verified	skull
13182	12195	otb-only	wall
13183	12196	otb-only	wall
13184	12197	otb-only	wall
13185	12198	name-verified	skull
13186	12199	otb-only	wall
13187	12200	name-verified	skull
13188	12201	name-verified	skull
13189	12202	name-verified	dark sandy floor
13190	12203	name-verified	hole
13191	12204	name-verified	envelope from the wizards
13192	12205	name-verified	letter from the wizards
13193	12206	name-verified	strange red powder
13194	12207	name-verified	strange yellow powder
13195	12208	name-verified	strange blue powder
13196	12209	name-verified	strange green powder
13197	12210	name-verified	strange violet powder
13198	12211	name-verified	strange orange powder
13199	12212	otb-only	heap of dark sand
13200	12213	otb-only	heap of dark sand
13201	12214	name-verified	dark sand
13202	12215	name-verified	dark sand
13203	12216	name-verified	dark sand
13204	12217	name-verified	dark sand
13205	12218	name-verified	dark sand
13206	12219	name-verified	dark sand
13207	12220	name-verified	dark sand
13208	12221	name-verified	dark sand
13209	12222	name-verified	dark sand
13210	12223	name-verified	dark sand
13211	12224	name-verified	dark sand
13212	12225	name-verified	dark sand
13213	12226	name-verified	strange red powder
13214	12227	name-verified	strange yellow powder
13215	12228	name-verified	strange blue powder
13216	12229	name-verified	screaming cherry
13217	12230	name-verified	meaty vortex
13218	12231	name-verified	tonguefruit
13219	12232	name-verified	rotten witches' cauldron seed
13220	12233	name-verified	toxic tulip seed
13221	12234	name-verified	sprocketwhip cone
13222	12235	name-verified	witherblossom
13223	12236	otb-only	sand
13224	12237	name-verified	scum bag
13225	12238	name-verified	energy shrine
13226	12239	name-verified	energy shrine
13227	12240	name-verified	energy shrine
13228	12241	name-verified	energy shrine
13229	12242	name-verified	earth shrine
13230	12243	name-verified	earth shrine
13231	12244	name-verified	earth shrine
13232	12245	name-verified	earth shrine
13233	12246	name-verified	verocious bat
13234	12247	name-verified	stone
13235	12248	name-verified	stone
13236	12249	name-verified	closed door
13237	12250	otb-only	closed door
13238	12251	name-verified	shapechanger
13239	12252	name-verified	bunch of winterberries
13240	12253	name-verified	pressed winterberries
13241	12254	otb-only	winterberries
13242	12255	name-verified	pressed winterberries
13243	12256	name-verified	pressed winterberries
13244	12257	name-verified	pressed winterberries
13245	12258	name-verified	pressed winterberries
13246	12144	name-verified	stone
13247	12260	name-verified	hunting horn
13248	12145	name-verified	stone
13249	12262	otb-only	sugar
13250	12263	otb-only	sugar
13251	12264	otb-only	sugar
13252	12265	otb-only	sugar
13253	12266	otb-only	sugar
13254	12267	otb-only	sugar
13255	12268	otb-only	sugar
13256	12269	otb-only	sugar
13257	12270	otb-only	sugar
13258	12271	otb-only	sugar
13259	12272	otb-only	sugar
13260	12273	otb-only	sugar
13261	12274	otb-only	sugar
13262	12275	name-verified	sugar
13263	12276	name-verified	book
13264	12277	name-verified	pressed winterberries
13265	12278	name-verified	pressed winterberries
13266	12279	name-verified	pressed winterberries
13267	12280	name-verified	pressed winterberries
13268	12281	name-verified	pressed winterberries
13269	12282	name-verified	stone
13270	12283	name-verified	stone
13271	12284	name-verified	stone
13272	12285	name-verified	magic tile
13273	12286	name-verified	magic tile
13274	12287	name-verified	magic tile
13275	12288	name-verified	magic tile
13276	12289	name-verified	magic tile
13277	12290	name-verified	magic tile
13278	12291	name-verified	magic tile
13279	12292	name-verified	magic tile
13280	12293	name-verified	magic tile
13281	12294	name-verified	stone
13282	12295	name-verified	stone
13283	12296	name-verified	stone
13284	12297	name-verified	stone
13285	12298	name-verified	stone
13286	12299	name-verified	stone
13287	12300	name-verified	stone
13288	12301	name-verified	huge cauldron
13289	12302	name-verified	huge cauldron
13290	12146	otb-only	huge cauldron
13291	12304	name-verified	maxilla maximus
13292	12305	name-verified	tin key
13293	12306	name-verified	leather whip
13294	12307	name-verified	harness
13295	12308	name-verified	reins
13296	12309	name-verified	draptor scales
13297	12310	name-verified	haunch of boar
13298	12311	name-verified	carrot on a stick
13299	12312	name-verified	stampor horn
13300	12313	name-verified	stampor talons
13301	12314	name-verified	hollow stampor hoof
13302	12315	name-verified	maxilla
13303	12316	name-verified	cavebear skull
13304	12317	name-verified	giant crab pincer
13305	12318	name-verified	giant shrimp
13306	12319	name-verified	inoperative tin lizzard
13307	12320	name-verified	sweet smelling bait
13308	12321	name-verified	dead boar
13309	12322	name-verified	dead boar
13310	12323	name-verified	dead boar
13311	12324	name-verified	dead boar
13312	12325	name-verified	dead stampor
13313	12326	name-verified	dead stampor
13314	12327	name-verified	dead stampor
13315	12328	name-verified	dead stampor
13316	12329	name-verified	dead draptor
13317	12330	name-verified	dead draptor
13318	12331	name-verified	dead draptor
13319	12332	name-verified	dead draptor
13320	12333	name-verified	slain undead cavebear
13321	12334	name-verified	slain undead cavebear
13322	12335	name-verified	slain undead cavebear
13323	12336	name-verified	slain undead cavebear
13324	12337	otb-only	dead black panther
13325	12338	otb-only	dead black panther
13326	12339	otb-only	dead black panther
13327	12340	otb-only	dead black panther
13328	12341	name-verified	dead crustacea gigantica
13329	12342	name-verified	dead crustacea gigantica
13330	12343	name-verified	dead crustacea gigantica
13331	12344	name-verified	dead crustacea gigantica
13332	3205	otb-only	crystal
13333	7315	otb-only	brooch
13472	12483	name-verified	pharaoh banner
13473	12484	otb-only	strange sand
13474	12485	otb-only	archway
13475	12486	otb-only	archway
13476	12487	otb-only	stony pillar
13477	12488	otb-only	large stony pillar
13478	12489	name-verified	strange stalagmite
13479	12490	otb-only	strange stalagmites
13480	12491	name-verified	scorpion altar
13481	12492	name-verified	scorpion altar
13482	12493	name-verified	ornamented scorpion table
13483	12494	name-verified	dead iron servant
13484	12495	name-verified	dead golden servant
13485	12496	name-verified	dead diamond servant
13486	12497	name-verified	remains of an iron servant
13487	12498	name-verified	remains of an iron servant
13488	12499	name-verified	remains of an iron servant
13489	12500	name-verified	remains of a golden servant
13490	12501	name-verified	remains of a golden servant
13491	12502	name-verified	remains of a golden servant
13492	12503	name-verified	remains of a diamond servant
13493	12504	name-verified	remains of a diamond servant
13494	12505	name-verified	remains of a diamond servant
13495	12506	name-verified	remains of a canopic jar
13496	12507	otb-only	large painting
13497	12508	otb-only	large painting
13498	12509	name-verified	scorpion sceptre
13499	12510	name-verified	hammer of mighty cheating
13500	12511	name-verified	ornate canopic jar
13501	12512	name-verified	dead sandstone scorpion
13502	12513	name-verified	dead sandstone scorpion
13503	12514	name-verified	dead sandstone scorpion
13504	12515	name-verified	dead sandstone scorpion
13505	12516	name-verified	sand
13506	12517	name-verified	medicine pouch
13507	12518	otb-only	faint glow
13508	12519	name-verified	slug drug
13509	12520	name-verified	dead donkey
13510	12521	name-verified	dead donkey
13511	12522	name-verified	dead donkey
13512	12523	name-verified	dead donkey
13513	12524	name-verified	dead white deer
13514	12525	name-verified	dead insectoid
13515	12526	name-verified	dead slug
13516	12527	name-verified	dead white deer
13517	12528	name-verified	dead white deer
13518	12529	name-verified	dead white deer
13519	12530	name-verified	dead dromedary
13520	12531	name-verified	dead dromedary
13521	12532	name-verified	dead dromedary
13522	12533	name-verified	dead slug
13523	12534	name-verified	dead slug
13524	12535	name-verified	dead slug
13525	12536	name-verified	dead insectoid
13526	12537	name-verified	dead insectoid
13527	12538	name-verified	dead insectoid
13528	12539	name-verified	dead dromedary
13529	12540	name-verified	armageddon plans
13530	12541	name-verified	demonic finger
13531	12542	name-verified	golden scorpion pendant
13532	12543	name-verified	golden hyaena pendant
13533	12544	name-verified	white deer antlers
13534	12545	name-verified	white deer skin
13535	12546	name-verified	fist on a stick
13536	12547	name-verified	diapason
13537	12548	name-verified	bag of apple slices
13538	12549	name-verified	bamboo leaves
13539	12550	name-verified	golden fir cone
13540	12551	name-verified	ominous piece of cloth
13541	12552	name-verified	dubious piece of cloth
13542	12553	name-verified	voluminous piece of cloth
13543	12554	name-verified	obvious piece of cloth
13544	12555	name-verified	ludicrous piece of cloth
13545	12556	name-verified	luminous piece of cloth
13546	12557	name-verified	shimmer swimmer
13547	12558	name-verified	dirty water
13548	12559	name-verified	dirty water
13549	12560	name-verified	dirty water
13550	12561	name-verified	dirty water
13551	12562	name-verified	dirty water
13552	12563	name-verified	dirty water
13553	12564	otb-only	shallow water
13554	12565	otb-only	shallow water
13555	12566	otb-only	shallow water
13556	12567	otb-only	shallow water
13557	12568	otb-only	shallow water
13558	12569	otb-only	shallow water
13559	12904	name-verified	dread doll
13560	12570	name-verified	fan doll of queen eloise
13561	12572	name-verified	dragon goblet
13562	12573	otb-only	sheep
13564	12575	name-verified	whinona
13565	12576	name-verified	meandi
13566	12577	name-verified	impward
13567	12578	name-verified	evilina
13568	12579	name-verified	whinona
13569	12580	name-verified	meandi
13570	12181	name-verified	demon infant
13571	12582	name-verified	evilina
13572	846	name-verified	mysterious machine
13573	847	name-verified	mysterious machine
13574	848	name-verified	mysterious machine
13575	849	name-verified	mysterious machine
13576	1941	name-verified	wheel
13577	1942	name-verified	wheel
13578	6573	name-verified	party trumpet
13579	9120	name-verified	bellow
13580	11543	name-verified	fish tail
13581	12905	name-verified	dread doll
13582	12581	name-verified	impward
13583	8133	name-verified	slain mutated pumpkin
13584	12058	name-verified	dead crystal wolf
13585	12059	name-verified	slime fungus
13586	12060	name-verified	slime fungus
13587	12061	name-verified	slime fungus
13588	12062	name-verified	slime fungus
13589	12063	name-verified	slime fungus
13590	12065	name-verified	stone floor
13591	12066	name-verified	stone floor
13592	12067	name-verified	slime fungus
13593	12068	otb-only	stone floor
13594	12069	name-verified	dead crystal wolf
13595	12070	name-verified	dead crystal wolf
13596	12071	name-verified	dead crystal wolf
13597	12072	otb-only	slime fungus
13598	12073	name-verified	slime fungus
13599	12075	name-verified	slime fungus
13600	12076	name-verified	slime fungus
13601	12077	name-verified	slime gobbler
13602	12247	otb-only	skull in a stone
13603	12079	name-verified	remains of a mad mage
13604	12080	name-verified	remains of a mad mage
13605	12081	name-verified	remains of a mad mage
13606	12082	name-verified	remains of a mad mage
13607	12083	name-verified	slime fungus
13608	12084	name-verified	slime fungus
13609	12345	name-verified	slime fungus
13610	12346	name-verified	slime fungus
13611	12347	name-verified	slime fungus
13612	12348	name-verified	slime fungus
13613	12349	name-verified	slime fungus
13614	12350	name-verified	slime fungus
13615	12351	name-verified	slime fungus
13616	12352	name-verified	slime fungus
13617	12353	name-verified	slime fungus
13618	12354	name-verified	slime fungus
13619	12355	name-verified	slime fungus
13620	12356	otb-only	strange sand
13621	12357	otb-only	strange sand
13622	12358	otb-only	strange sand
13623	12359	otb-only	strange sand
13624	12360	otb-only	strange sand
13625	12361	otb-only	strange sand
13626	12362	otb-only	strange sand
13627	12363	otb-only	strange sand
13628	12364	otb-only	strange sand
13629	12365	otb-only	strange sand
13630	12366	otb-only	strange sand
13631	12367	otb-only	strange sand
13632	12368	name-verified	magic wolf trap
13633	12369	name-verified	captured wolf
13634	12370	otb-only	floating stones
13635	12371	otb-only	floating stones
13636	12379	otb-only	strange sand
13637	12380	otb-only	strange sand
13638	12381	otb-only	strange sand
13639	12382	otb-only	strange sand
13640	12383	otb-only	strange sand
13641	12384	otb-only	strange sand
13642	12385	otb-only	strange sand
13643	12386	otb-only	strange sand
13644	12387	name-verified	rocky wall
13645	12388	name-verified	rocky wall
13646	12389	name-verified	rocky wall
13647	12390	name-verified	rocky wall
13648	12391	name-verified	rocky wall
13649	12392	name-verified	rocky wall
13650	12393	name-verified	rocky wall
13651	12394	name-verified	rocky wall
13652	12395	name-verified	rocky wall
13653	12396	name-verified	rocky wall
13654	12397	name-verified	rocky wall
13655	12398	otb-only	small rocky wall
13656	12399	otb-only	small rocky wall
13657	12400	otb-only	small rocky wall
13658	12401	name-verified	rocky wall
13659	12402	name-verified	rocky wall
13660	12403	otb-only	small rocky wall
13661	12404	otb-only	faint glow
13662	12405	otb-only	faint glow
13663	12406	name-verified	rocky wall
13664	12407	name-verified	rocky wall
13665	12408	name-verified	rocky wall
13666	12409	name-verified	rocky wall
13667	12410	name-verified	rocky wall
13668	12411	name-verified	rocky wall
13669	12412	otb-only	faint glow
13670	12413	name-verified	belongings of a deceased
13671	12414	otb-only	hole
13672	12415	otb-only	hole
13673	12416	otb-only	strange glowing plant
13674	12417	otb-only	strange sand
13675	12418	otb-only	strange hovering plant
13676	12419	name-verified	young fraelofingu
13677	12420	otb-only	strong stegros
13678	12421	name-verified	greasy stone
13679	12422	otb-only	strange sand
13680	12423	otb-only	small greasy stone
13681	12424	name-verified	strange bonepile
13682	12425	name-verified	floating stone
13683	12426	otb-only	rocky wall
13684	12427	otb-only	strange sand
13685	12428	otb-only	rocky wall
13686	12429	name-verified	rocky wall
13687	12430	name-verified	rocky wall
13688	12431	name-verified	lamp
13689	12432	name-verified	lamp
13690	12433	name-verified	lamp
13691	12434	name-verified	lamp
13692	12435	name-verified	hieroglyph banner
13693	12436	name-verified	hieroglyph banner
13694	12437	name-verified	pharaoh banner
13695	12438	name-verified	pharaoh banner
13696	12439	name-verified	golden ornament
13697	12440	name-verified	golden ornament
13698	12441	name-verified	scorpion ornament
13699	12442	name-verified	scorpion ornament
13700	12443	name-verified	hieroglyphs
13701	12444	name-verified	hieroglyphs
13702	12445	name-verified	niche
13703	12446	name-verified	niche
13704	12447	name-verified	carving of a scorpion
13705	12448	name-verified	carving of a scorpion
13706	12449	name-verified	carving of a scorpion
13707	12450	name-verified	carving of a scorpion
13708	12451	name-verified	strange carving
13709	12452	name-verified	strange carving
13710	12453	name-verified	carving of a battle
13711	12454	name-verified	carving of a battle
13712	12455	name-verified	carving of a battle
13713	12456	name-verified	strange carving
13714	12457	name-verified	strange carving
13715	12458	name-verified	carving of a battle
13716	12459	name-verified	carving of a battle
13717	12460	name-verified	carving of a battle
13718	12461	name-verified	sarcophagus
13719	12462	name-verified	sarcophagus
13720	12463	name-verified	sarcophagus
13721	12464	name-verified	sarcophagus
13722	12465	name-verified	hyaena statue
13723	12466	name-verified	hyaena statue
13724	12467	name-verified	golden scorpion
13725	12468	name-verified	golden scorpion
13726	12469	name-verified	ornamented scorpion table
13727	12470	name-verified	small golden scorpion
13728	12471	name-verified	small golden scorpion
13729	12472	name-verified	ornamented scorpion table
13730	12473	name-verified	ornamented scorpion table
13731	12474	name-verified	scorpion altar
13732	12475	name-verified	scorpion altar
13733	12476	name-verified	scorpion pillar
13734	12477	name-verified	small golden taboret
13735	12478	name-verified	delicate vase
13736	12479	name-verified	ornate canopic jar
13737	12480	otb-only	archway
13738	12481	otb-only	archway
13739	12482	name-verified	hieroglyph banner
13740	12583	otb-only	shallow water
13741	12584	otb-only	shallow water
13742	12585	otb-only	shallow water
13743	12586	otb-only	shallow water
13744	12587	otb-only	shallow water
13745	12588	otb-only	shallow water
13746	12589	otb-only	shallow water
13747	12590	otb-only	shallow water
13748	12591	otb-only	shallow water
13749	12592	otb-only	shallow water
13750	12593	otb-only	shallow water
13751	12594	otb-only	shallow water
13752	12595	name-verified	dead yielothax
13753	12596	name-verified	dead yielothax
13754	12597	name-verified	dead yielothax
13755	12598	name-verified	dead yielothax
13756	12599	name-verified	mage's cap
13757	12600	name-verified	coal
13758	12601	name-verified	slime mould
13759	12602	name-verified	small whistle
13760	12603	name-verified	wand of dimensions
13761	12604	otb-only	timber wall
13762	12605	name-verified	rubbish
13763	12606	name-verified	rubbish
13764	12607	name-verified	rubbish
13765	12608	name-verified	rubbish
13766	12609	name-verified	rubbish
13767	12610	name-verified	rubbish
13768	12611	name-verified	rubbish
13769	12612	name-verified	rubbish
13770	12613	name-verified	rubbish
13771	12614	name-verified	rubbish
13772	12615	name-verified	rubbish
13773	12616	name-verified	rubbish
13774	12617	name-verified	torn teddy
13775	12618	name-verified	open branch fence
13776	12619	name-verified	branch fence
13777	12620	name-verified	branch fence
13778	12621	name-verified	branch fence
13779	12622	name-verified	branch fence
13780	12623	otb-only	open branch fence
13781	12624	name-verified	small shed
13782	12625	name-verified	small shed
13783	12626	name-verified	small shed
13784	12627	name-verified	small shed
13785	12628	name-verified	small shed
13786	12629	name-verified	small shed
13787	12630	name-verified	small shed
13788	12631	name-verified	small shed
13789	12632	name-verified	leaves
13790	12633	name-verified	leaves
13791	12634	name-verified	leaves
13792	12635	otb-only	leaves
13793	12636	name-verified	bench
13794	12637	name-verified	bench
13795	12638	name-verified	bench
13796	12639	name-verified	bench
13797	12640	name-verified	shelf
13798	12641	name-verified	shelf
13799	12642	name-verified	trunk
13800	12643	name-verified	trunk
13801	12644	name-verified	back basket
13802	12645	name-verified	leaf basket
13803	12646	name-verified	pallet
13804	12647	name-verified	pallet
13805	12648	name-verified	pallet
13806	12649	name-verified	pallet
13807	12650	name-verified	branches
13808	12651	name-verified	branches
13809	12652	name-verified	troll mushroom
13810	12653	name-verified	branch
13811	12654	name-verified	branch
13812	12655	name-verified	corms
13813	12656	name-verified	root vegetable dish
13814	12658	name-verified	dead shaburak demon
13815	12659	name-verified	dead askarak demon
13816	12660	name-verified	dead shaburak lord
13817	12661	name-verified	dead shaburak lord
13818	12662	name-verified	dead shaburak lord
13819	12663	name-verified	dead askarak lord
13820	12664	name-verified	dead askarak lord
13821	12665	name-verified	dead askarak lord
13822	12666	name-verified	water pump
13823	12667	name-verified	water pump
13824	12668	name-verified	water pump
13825	12669	name-verified	star ring
13826	12670	name-verified	star ring
13827	12671	name-verified	sack of herbs
13828	12672	name-verified	skinning knife
13829	12673	name-verified	wooden sword
13830	12674	name-verified	fleshy bone
13831	12675	name-verified	book of orc language
13832	12676	name-verified	bird's nest
13833	12677	otb-only	bird nest
13834	12678	otb-only	remains of a mage
13835	12679	otb-only	remains of a mage
13836	12680	otb-only	remains of a mage
13837	12681	otb-only	remains of a mage
13838	12683	name-verified	heavy trident
13839	12684	otb-only	dead deepling scout
13840	12685	otb-only	dead deepling scout
13841	12686	otb-only	dead deepling scout
13842	12687	otb-only	dead deepling scout
13843	12700	otb-only	dirty water
13844	12701	otb-only	dirty water
13845	12702	otb-only	dirty water
13846	12703	otb-only	dirty water
13847	12704	otb-only	dirty water
13848	12705	otb-only	dirty water
13849	12706	otb-only	shallow water
13850	12707	otb-only	shallow water
13851	12708	otb-only	shallow water
13852	12709	otb-only	shallow water
13853	12710	otb-only	shallow water
13854	12712	otb-only	shallow water
13855	12713	name-verified	toad pedestal
13856	12714	name-verified	toad pedestal
13857	12715	name-verified	toad pedestal
13858	12716	name-verified	toad pedestal
13859	12717	name-verified	dead thornfire wolf
13860	12718	name-verified	dead thornfire wolf
13861	12719	name-verified	dead thornfire wolf
13862	12720	name-verified	dead thornfire wolf
13863	12721	otb-only	muddy water
13864	12722	name-verified	bucket of bog water
13866	12724	name-verified	heavy stone
13867	12725	otb-only	stone pile
13868	12727	name-verified	greasy stone
13869	12728	name-verified	hole
13870	12730	name-verified	eye of a deepling
13871	12731	name-verified	shimmer sword
13872	12732	name-verified	shimmer rod
13873	12733	name-verified	shimmer bow
13874	12734	name-verified	shimmer ball
13875	12735	name-verified	shimmer glower
13876	12736	name-verified	babel swimmer
13877	12737	name-verified	broken ring of ending
13878	12739	otb-only	dead war wolf
13879	12740	name-verified	war wolf skin
13880	12741	name-verified	shimmer wand
13881	12742	name-verified	yielowax
13882	12743	otb-only	fire
13883	12744	otb-only	fire
13884	12745	otb-only	destroy field rune
13885	12746	otb-only	pitch black gap
13886	12747	name-verified	large spider web
13887	12748	name-verified	large spider web
13888	12749	name-verified	large spider web
13889	12750	name-verified	large spider web
13890	12751	name-verified	large spider web
13891	12752	name-verified	large spider web
13892	12753	name-verified	large spider web
13893	12754	name-verified	large spider web
13894	12755	name-verified	large spider web
13895	12756	name-verified	large spider web
13896	12757	name-verified	large spider web
13897	12758	name-verified	large spider web
13898	12759	name-verified	large spider web
13899	12760	name-verified	large spider web
13900	12761	name-verified	large spider web
13901	12762	name-verified	large spider web
13902	12763	otb-only	trunk
13903	12764	otb-only	trunk
13904	12765	name-verified	large spider web
13905	12766	name-verified	large spider web
13906	12767	name-verified	large spider web
13907	12768	name-verified	large spider web
13908	12769	name-verified	large spider web
13909	12770	name-verified	large spider web
13910	12771	name-verified	large spider web
13911	12772	name-verified	large spider web
13912	12773	name-verified	large spider web
13913	12774	name-verified	large spider web
13914	12775	name-verified	large spider web
13915	12776	name-verified	large spider web
13916	12777	name-verified	large spider web
13917	12778	name-verified	large spider web
13918	12779	name-verified	large spider web
13919	12780	name-verified	large spider web
13920	12781	name-verified	large spider web
13921	12782	name-verified	warning sign
13922	12783	name-verified	warning sign
13923	12784	name-verified	flask of wasp poison
13924	12785	otb-only	empty potion flask
13925	12786	name-verified	plague mask
13926	12787	name-verified	plague bell
13927	12788	name-verified	tarantula trap
13928	12789	name-verified	rolling pin
13929	12790	name-verified	peeing orc
13930	12791	otb-only	unconscious orc
13931	12792	name-verified	elite orc guard
13933	12794	name-verified	recharging tarantula trap
13934	12796	otb-only	energy barrier
13935	12798	otb-only	energy barrier
13936	12799	otb-only	trapdoor
13937	12800	name-verified	inoperative uniwheel
13938	12801	name-verified	golden can of oil
13939	12802	name-verified	sugar oat
13940	12803	name-verified	elemental spikes
13941	12804	name-verified	cup of molten gold
13942	12805	name-verified	yielocks
13943	12806	name-verified	flintstone
13944	12807	name-verified	shimmer ball
13945	12808	otb-only	lever
13946	12809	name-verified	epic wisdom
13947	12810	name-verified	epic wisdom
13948	12811	name-verified	imortus
13949	12812	name-verified	imortus
13950	12813	name-verified	old radio
13951	12814	name-verified	old radio
13952	12815	otb-only	pumpkinhead
13953	12818	otb-only	water pump
13954	12819	name-verified	prepared bucket
13955	12820	otb-only	closed door
13956	12821	name-verified	dead askarak lord
13957	12822	name-verified	dead askarak prince
13958	12823	name-verified	dead shaburak lord
13959	12824	name-verified	dead shaburak prince
13960	12825	name-verified	dead shaburak demon
13961	12826	name-verified	dead shaburak demon
13962	12827	name-verified	dead shaburak demon
13963	12828	name-verified	dead askarak demon
13964	12829	name-verified	dead askarak demon
13965	12830	name-verified	dead askarak demon
13966	12831	name-verified	dead askarak prince
13967	12832	name-verified	dead askarak prince
13968	12833	name-verified	dead askarak prince
13969	12834	name-verified	dead shaburak prince
13970	12835	name-verified	dead shaburak prince
13971	12836	name-verified	dead shaburak prince
13972	12837	name-verified	dead clay guardian
13973	12838	name-verified	unholy ashes
13974	12839	name-verified	dead clay guardian
13975	12840	name-verified	unholy ashes
13976	12841	name-verified	dead sacred spider
13977	12842	name-verified	dead sacred spider
13978	12843	name-verified	dead sacred spider
13979	12844	name-verified	dead sacred spider
13980	12845	name-verified	stone tile
13981	12846	name-verified	wooden floor
13982	169	otb-only	green cheese
13983	12571	name-verified	fan doll of queen eloise
14182	13595	name-verified	grotto
14187	13697	otb-only	grotto
14188	13698	otb-only	grotto
14189	13699	otb-only	grotto
14319	13184	otb-only	corrupted mud
14320	107	name-verified	special flask
14321	120	name-verified	some special leaves
14322	126	name-verified	special flask
14323	135	name-verified	special flask
14324	5952	otb-only	scroll
14325	348	name-verified	intelligence reports
14326	402	name-verified	secret letter
14327	907	name-verified	shapeshifter ring
14328	2783	name-verified	round table kit
14329	2784	name-verified	square table kit
14330	11698	otb-only	bag
14331	2952	name-verified	drum
14332	2957	name-verified	post horn
14333	9152	otb-only	demonbone amulet
14334	3208	name-verified	giant smithhammer
14335	3506	otb-only	letter to markwin
14336	4846	name-verified	wrinkled parchment
14337	5706	name-verified	treasure map
14338	6124	name-verified	damaged logbook
14339	6522	name-verified	gingerbread recipe
14340	3241	otb-only	ceremonial ankh
14341	7372	name-verified	ice cream cone
14342	7870	name-verified	stolen golden goblet
14343	7932	name-verified	valuable vase
14344	7934	name-verified	theodore loveless' key
14345	8020	name-verified	baking tray
14346	8117	name-verified	theatre script
14347	8764	name-verified	research notes
14348	8777	name-verified	rerun's ring
14349	9113	name-verified	magical cage key
14350	9172	name-verified	prison cell key
14351	9188	name-verified	formula for a memory potion
14352	9238	name-verified	dark essence
14353	9377	name-verified	shield of the white knight
14354	10184	name-verified	tactical map
14355	12851	otb-only	organic structure
14356	12852	otb-only	organic structure
14357	12853	otb-only	organic structure
14358	12854	otb-only	organic structure
14359	12855	otb-only	organic structure
14360	12856	otb-only	organic structure
14361	12857	otb-only	organic structure
14362	12858	otb-only	organic structure
14363	12859	otb-only	organic structure
14364	12860	otb-only	organic structure
14365	12861	otb-only	archway
14366	12862	otb-only	archway
14367	12863	otb-only	archway
14368	12864	otb-only	archway
14369	12865	otb-only	hive gate
14370	12866	otb-only	hive wall
14371	12867	otb-only	hive wall
14372	12868	otb-only	hive wall
14373	12869	otb-only	hive wall
14374	12870	otb-only	hive wall
14375	12871	otb-only	hive wall
14376	12872	otb-only	hive wall
14377	12873	otb-only	hive wall
14378	12874	otb-only	hive wall
14379	12875	otb-only	hive wall
14380	12876	otb-only	hive wall
14381	12877	otb-only	hive wall
14382	12880	otb-only	small hive wall
14383	12881	otb-only	small hive wall
14384	12882	otb-only	hive wall
14385	12883	otb-only	hive wall
14386	12884	otb-only	hive wall
14387	12885	otb-only	hive wall
14388	12886	otb-only	strange growth
14389	12887	otb-only	strange growth
14390	12888	otb-only	strange growth
14391	12889	otb-only	strange growth
14392	12890	otb-only	strange growth
14393	12891	otb-only	strange growth
14394	12892	otb-only	strange growth
14395	12893	otb-only	strange growth
14396	12894	name-verified	hive structure
14397	12895	name-verified	hive structure
14398	12896	name-verified	hive structure
14399	12897	name-verified	hive structure
14400	12898	name-verified	hive structure
14401	12899	name-verified	hive structure
14402	12900	otb-only	hive wall
14403	12901	otb-only	hive wall
14404	12902	name-verified	your inbox
14405	12903	name-verified	market
14406	12906	otb-only	insectoid hive
14407	12907	otb-only	insectoid hive
14408	12908	otb-only	hive wall
14409	12909	otb-only	hive wall
14410	12910	otb-only	hive wall
14411	12911	otb-only	hive wall
14412	12912	otb-only	hive wall
14413	12913	name-verified	hive structure
14414	12914	name-verified	hive structure
14415	12915	name-verified	hive structure
14416	12916	name-verified	hive structure
14417	12917	name-verified	hive structure
14418	12918	name-verified	hive structure
14419	12919	name-verified	hive structure
14420	12920	otb-only	insectoid hive
14421	12921	name-verified	hive structure
14422	12922	name-verified	hive structure
14423	12923	name-verified	hive structure
14424	12924	name-verified	hive structure
14425	12925	name-verified	hive structure
14426	12926	otb-only	archway
14427	12927	otb-only	archway
14428	12928	name-verified	hive pillar
14429	12929	name-verified	hive pillar
14430	12930	name-verified	hive pillar
14431	12931	otb-only	insectoid hive
14432	12932	otb-only	insectoid hive
14433	12933	otb-only	insectoid hive
14434	12934	otb-only	insectoid hive
14435	12935	name-verified	mud
14436	12936	otb-only	insectoid hive
14437	12937	name-verified	insectoid cell
14438	12938	name-verified	insectoid cell
14439	12939	name-verified	hive structure
14440	12940	name-verified	hive structure
14441	12941	name-verified	hive structure
14442	12942	otb-only	hive spike
14443	12943	otb-only	hive spike
14444	12944	otb-only	hive spike
14445	12945	otb-only	hive spike
14446	12946	otb-only	hive spike
14447	12947	otb-only	hive spike
14448	12948	otb-only	hive spikes
14449	12949	otb-only	hive claw
14450	12950	otb-only	hive claw
14451	12951	otb-only	hive claw
14452	12952	otb-only	hive claw
14453	12953	otb-only	hive head
14454	12954	otb-only	hive head
14455	12955	otb-only	dead hive egg
14456	12956	otb-only	dead hive egg
14457	12957	otb-only	hive monolith
14458	12958	otb-only	empty hive monolith
14459	12959	otb-only	broken hive monolith
14460	12960	otb-only	broken hive monolith
14461	12961	otb-only	hole
14462	12962	otb-only	large hole
14463	12963	otb-only	hive wall
14464	12964	otb-only	hive wall
14465	12965	otb-only	hive wall
14466	12966	otb-only	hive wall
14467	12967	otb-only	hive wall
14468	12968	otb-only	hive wall
14469	12969	otb-only	hive wall
14470	12970	otb-only	hive wall
14471	12971	otb-only	hive wall
14472	12972	otb-only	hive wall
14473	12973	otb-only	hive wall
14474	12974	otb-only	hive wall
14475	12975	otb-only	hive wall
14476	12976	otb-only	hive wall
14477	12977	otb-only	hive wall
14478	12978	otb-only	hive wall
14479	12981	otb-only	small hive wall
14480	12982	otb-only	small hive wall
14481	12983	otb-only	hive wall
14482	12984	otb-only	hive wall
14483	12985	otb-only	hive wall
14484	12986	otb-only	hive wall
14485	12987	otb-only	hive wall
14486	12988	otb-only	hive wall
14487	12989	otb-only	hive wall
14488	12990	otb-only	hive wall
14489	12991	otb-only	hive wall
14490	12992	otb-only	archway
14491	12993	otb-only	archway
14492	12994	otb-only	archway
14493	12995	otb-only	archway
14494	12996	otb-only	archway
14495	12997	otb-only	archway
14496	12998	otb-only	hive pillar
14497	12999	otb-only	hive pillar
14498	13000	otb-only	hive pillar
14499	13001	name-verified	hive structure
14500	13002	name-verified	hive structure
14501	13003	name-verified	hive structure
14502	13004	name-verified	hive structure
14503	13005	name-verified	hive structure
14504	13006	name-verified	hive structure
14505	13007	name-verified	hive structure
14506	13008	name-verified	hive structure
14507	13009	name-verified	hive structure
14508	13010	name-verified	hive structure
14509	13011	name-verified	hive structure
14510	13012	name-verified	hive structure
14511	13013	name-verified	hive structure
14512	13014	name-verified	hive structure
14513	13015	name-verified	hive structure
14514	13016	name-verified	hive structure
14515	13017	name-verified	hive structure
14516	13018	otb-only	hive claw
14517	13019	otb-only	hive claw
14518	13020	otb-only	hive head
14519	13021	otb-only	hive head
14520	13022	otb-only	hive monolith
14521	13023	otb-only	empty hive monolith
14522	13024	otb-only	hive monolith
14523	13025	otb-only	hive monolith
14524	13026	otb-only	large hole
14525	13027	otb-only	large hole
14526	13028	otb-only	large hole
14527	13029	otb-only	organic structure
14528	13030	otb-only	organic structure
14529	13031	otb-only	organic structure
14530	13032	otb-only	organic structure
14531	13033	otb-only	organic structure
14532	13034	otb-only	organic structure
14533	13035	otb-only	organic structure
14534	13036	otb-only	organic structure
14535	13037	otb-only	organic structure
14536	13038	otb-only	organic structure
14537	13039	otb-only	organic structure
14538	13040	otb-only	organic structure
14539	13041	otb-only	organic structure
14540	13042	otb-only	organic structure
14541	13043	otb-only	organic structure
14542	13044	otb-only	organic structure
14543	13045	otb-only	organic structure
14544	13046	otb-only	organic structure
14545	13047	otb-only	organic structure
14546	13048	otb-only	organic structure
14547	13049	otb-only	organic structure
14548	13050	otb-only	organic structure
14549	13051	otb-only	organic structure
14550	13052	otb-only	organic structure
14551	13053	otb-only	organic structure
14552	13054	otb-only	organic structure
14553	13055	otb-only	organic structure
14554	13056	otb-only	organic structure
14555	13057	otb-only	organic structure
14556	13058	otb-only	organic structure
14557	13059	otb-only	organic structure
14558	13060	otb-only	organic structure
14559	13061	otb-only	organic structure
14560	13062	otb-only	organic structure
14561	13063	otb-only	organic structure
14562	13064	otb-only	organic structure
14563	13065	otb-only	organic structure
14564	13066	otb-only	organic structure
14565	13067	otb-only	organic structure
14566	13068	otb-only	organic structure
14567	13069	otb-only	organic structure
14568	13070	otb-only	organic structure
14569	13071	otb-only	organic structure
14570	13072	otb-only	insectoid hive
14571	13073	otb-only	organic structure
14572	13074	otb-only	organic structure
14573	13075	otb-only	mountain
14574	13076	otb-only	mountain
14575	13077	otb-only	mountain
14576	13078	otb-only	mountain
14577	13079	otb-only	mountain
14578	13080	otb-only	mountain
14579	13081	otb-only	mountain
14580	13082	otb-only	mountain
14581	13083	name-verified	moist wall
14582	13084	otb-only	moist wall
14583	13085	name-verified	moist wall
14584	13086	name-verified	moist wall
14585	13087	name-verified	moist wall
14586	13094	name-verified	moist wall
14587	13089	name-verified	moist wall
14588	13090	name-verified	moist wall
14589	13091	name-verified	moist wall
14590	13092	name-verified	moist wall
14591	13093	name-verified	moist wall
14592	13094	name-verified	moist wall
14593	13095	name-verified	moist wall
14594	13096	name-verified	moist wall
14595	13097	name-verified	moist wall
14596	13098	otb-only	small moist wall
14597	13099	otb-only	small moist wall
14598	13100	name-verified	moist wall
14599	13101	name-verified	moist wall
14600	13102	name-verified	moist wall
14601	13103	name-verified	moist wall
14602	13104	name-verified	moist wall
14603	13105	name-verified	moist wall
14604	13106	name-verified	moist wall
14605	13107	otb-only	small moist wall
14606	13108	otb-only	small moist wall
14607	13109	name-verified	moist wall
14608	13110	name-verified	moist wall
14609	13111	name-verified	moist wall
14610	13112	name-verified	moist wall
14611	13113	name-verified	moist wall
14612	13114	name-verified	moist wall
14613	13115	name-verified	moist wall
14614	13096	name-verified	moist wall
14615	13117	name-verified	moist wall
14616	13118	name-verified	moist wall
14617	13119	otb-only	small corner
14618	13120	name-verified	moist wall
14619	13121	otb-only	small spiked corner
14620	13122	name-verified	stone pillar
14621	13123	otb-only	archway
14622	13124	otb-only	archway
14623	13125	name-verified	archway
14624	13126	name-verified	archway
14625	13127	name-verified	archway
14626	13128	name-verified	archway
14627	13129	name-verified	archway
14628	13130	name-verified	archway
14629	13131	name-verified	archway
14630	13132	name-verified	archway
14631	13133	name-verified	archway
14632	13134	name-verified	archway
14633	13135	name-verified	closed door
14634	13136	name-verified	closed door
14635	13137	name-verified	open door
14636	13138	otb-only	gate of expertise
14637	13139	otb-only	gate of expertise
14638	13140	otb-only	closed door
14639	13141	otb-only	open door
14640	13142	name-verified	closed door
14641	13143	name-verified	closed door
14642	13129	name-verified	archway
14643	13145	name-verified	archway
14644	13146	name-verified	archway
14645	13147	otb-only	closed door
14646	13148	otb-only	open door
14647	13149	name-verified	stone pillar
14648	13150	name-verified	stone pillar
14649	13151	name-verified	stone pillar
14650	13152	name-verified	stone pillar
14651	13153	name-verified	stone pillar
14652	13154	name-verified	stone pillar
14653	13155	otb-only	fossil volute
14654	13156	name-verified	small fossil volute
14655	13157	name-verified	moist stones
14656	13158	name-verified	moist stones
14657	13159	name-verified	moist stones
14658	13160	name-verified	moist stones
14659	13161	name-verified	small moist stones
14660	13162	name-verified	small moist stones
14661	13163	otb-only	moist stones
14662	13164	otb-only	moist stones
14663	13165	otb-only	moist stones
14664	13166	name-verified	small moist stones
14665	13167	name-verified	small moist stones
14666	13168	otb-only	fossil shell
14667	13169	otb-only	fossil shell
14668	13170	otb-only	hive head
14669	13171	otb-only	hive head
14670	13172	otb-only	hive head
14671	13173	otb-only	hive head
14672	13174	otb-only	hive head
14673	13175	otb-only	hive head
14674	13176	otb-only	hive head
14675	13177	otb-only	hive head
14676	13178	otb-only	hive head
14677	13179	otb-only	hive head
14678	13180	otb-only	hive head
14679	13181	otb-only	hive head
14680	13182	otb-only	hive wall
14681	13183	otb-only	hive wall
14682	13203	otb-only	hive wall
14683	13204	otb-only	hive wall
14684	13205	otb-only	hive wall
14685	13206	otb-only	hive wall
14686	13207	otb-only	hive wall
14687	13208	otb-only	hive wall
14688	13209	otb-only	hive wall
14689	13210	otb-only	hive wall
14690	13211	otb-only	hive wall
14691	13212	otb-only	hive wall
14692	13213	otb-only	hive wall
14693	13214	otb-only	hive wall
14694	13215	name-verified	hive claw
14695	13216	name-verified	hive claw
14696	13217	name-verified	hive claw
14697	13218	name-verified	hive claw
14698	13219	otb-only	hive head
14699	13220	otb-only	hive head
14700	13221	otb-only	hive head
14701	13222	otb-only	hive head
14702	13223	otb-only	hive head
14703	13224	otb-only	hive head
14704	13225	otb-only	hive head
14705	13226	otb-only	hive head
14706	13227	otb-only	organic structure
14707	13228	otb-only	organic structure
14708	13229	otb-only	organic structure
14709	13230	otb-only	organic structure
14710	13231	otb-only	organic structure
14711	13232	otb-only	organic structure
14712	13233	otb-only	organic structure
14713	13234	otb-only	organic structure
14714	13235	otb-only	organic structure
14715	13236	otb-only	organic structure
14716	13237	otb-only	organic structure
14717	13238	otb-only	organic structure
14718	13239	otb-only	organic structure
14719	13240	otb-only	organic structure
14720	13241	otb-only	organic structure
14721	13242	otb-only	organic structure
14722	13243	otb-only	organic structure
14723	13244	otb-only	organic structure
14724	13245	otb-only	organic structure
14725	13246	otb-only	organic structure
14726	13247	otb-only	organic structure
14727	13248	otb-only	organic structure
14728	13249	otb-only	organic structure
14729	13250	otb-only	organic structure
14730	13251	otb-only	organic structure
14731	13252	otb-only	organic structure
14732	13253	otb-only	organic structure
14733	13254	otb-only	organic structure
14734	13255	otb-only	organic structure
14735	13256	otb-only	organic structure
14736	13257	otb-only	organic structure
14737	13258	otb-only	organic structure
14738	13259	otb-only	organic structure
14739	13260	otb-only	organic structure
14740	13261	otb-only	organic structure
14741	13262	otb-only	organic structure
14742	13263	otb-only	organic structure
14743	13264	otb-only	organic structure
14744	13265	otb-only	organic structure
14745	13266	otb-only	organic structure
14746	13267	otb-only	organic structure
14747	13269	otb-only	organic structure
14748	13270	otb-only	organic structure
14749	13271	otb-only	organic structure
14750	13273	name-verified	hive gate
14751	13274	name-verified	hive gate
14752	13275	name-verified	hive gate
14753	13276	name-verified	hive gate
14754	13277	name-verified	hive gate
14755	13278	name-verified	hive gate
14756	13279	name-verified	hive gate
14757	13280	name-verified	hive gate
14758	13281	name-verified	hive gate
14759	13282	name-verified	hive gate
14760	13283	name-verified	hive gate
14761	13284	name-verified	hive gate
14762	13285	name-verified	hive gate
14763	13286	name-verified	hive gate
14764	13287	name-verified	hive gate
14765	13288	name-verified	hive gate
14766	13289	name-verified	hive gate
14767	13290	name-verified	hive gate
14768	13291	name-verified	hive gate
14769	13292	name-verified	hive gate
14770	13293	name-verified	hive gate
14771	13294	name-verified	hive gate
14772	13295	name-verified	insectoid antenna
14773	13296	name-verified	insectoid antenna
14774	13297	name-verified	insectoid egg
14775	13298	otb-only	pair of insectoid eggs
14776	13299	otb-only	insectoid eggs
14777	13300	otb-only	insectoid eggs
14778	13301	otb-only	cracked insectoid egg
14779	13302	name-verified	insectoid egg
14780	13303	otb-only	cracked insectoid egg
14781	13304	otb-only	cracked insectoid eggs
14782	13305	otb-only	cracked insectoid eggs
14783	13306	otb-only	cracked insectoid eggs
14784	13307	otb-only	cracked insectoid egg
14785	13308	otb-only	cracked insectoid egg
14786	13309	otb-only	cracked insectoid eggs
14787	13310	otb-only	cracked insectoid eggs
14788	13311	otb-only	cracked insectoid eggs
14789	13312	otb-only	dry insectoid hivecomb
14790	13313	otb-only	dry insectoid hivecomb
14791	13314	otb-only	dry insectoid hivecomb
14792	13315	name-verified	insectoid hivecomb
14793	13316	name-verified	insectoid hivecomb
14794	13317	name-verified	insectoid hivecomb
14795	13318	otb-only	dry insectoid hivecomb
14796	13319	otb-only	dry insectoid hivecomb
14797	13320	otb-only	dry insectoid hivecomb
14798	13321	name-verified	insectoid hivecomb
14799	13322	name-verified	insectoid hivecomb
14800	13323	name-verified	insectoid hivecomb
14801	13324	otb-only	hive structure
14802	13325	otb-only	hive structure
14803	13326	otb-only	hive structure
14804	13327	otb-only	hive structure
14805	13328	otb-only	hive structure
14806	13329	otb-only	insectoid hive
14807	13330	otb-only	insectoid hive
14808	13331	otb-only	insectoid hive
14809	13332	otb-only	insectoid hive
14810	13333	otb-only	insectoid hive
14811	13334	otb-only	insectoid hive
14812	13335	name-verified	fossil shell
14813	13336	name-verified	fossil shell
14814	13337	otb-only	glowing orbs
14815	13338	otb-only	dim orbs
14816	13339	otb-only	glowing orbs
14817	13340	otb-only	dim orbs
14818	13341	otb-only	insectoid hive stairs
14819	13342	otb-only	insectoid hive stairs
14820	13343	otb-only	insectoid cocoon
14821	13344	otb-only	insectoid cocoon
14822	13345	otb-only	insectoid cocoon
14823	13346	otb-only	insectoid cocoon
14824	13347	otb-only	insectoid cocoon
14825	13348	otb-only	insectoid cocoon
14826	13349	otb-only	insectoid cocoon
14827	13350	otb-only	insectoid cocoon
14828	13351	otb-only	insectoid cocoon
14829	13352	name-verified	insectoid pore
14830	13353	name-verified	insectoid pore
14831	13354	name-verified	insectoid pore
14832	13355	name-verified	insectoid pore
14833	13356	name-verified	insectoid pore
14834	13357	name-verified	insectoid pore
14835	13358	name-verified	insectoid pore
14836	13359	name-verified	insectoid pore
14837	13360	name-verified	insectoid pore
14838	13361	name-verified	insectoid pore
14839	13362	name-verified	insectoid pore
14840	13363	name-verified	insectoid pore
14841	13364	name-verified	insectoid pore
14842	13365	name-verified	insectoid pore
14843	13366	name-verified	insectoid pore
14844	13367	name-verified	insectoid pore
14845	13368	otb-only	insectoid growth
14846	13369	otb-only	insectoid growth
14847	13370	otb-only	insectoid growth
14848	13371	otb-only	insectoid growth
14849	13372	otb-only	insectoid growth
14850	13373	otb-only	insectoid growth
14851	13374	otb-only	insectoid growth
14852	13375	otb-only	insectoid growth
14853	13376	name-verified	small insectoid hairs
14854	13377	name-verified	small insectoid hairs
14855	13378	otb-only	small insectoid hairs
14856	13379	otb-only	small insectoid hairs
14857	13381	otb-only	insectoid hive
14858	13382	name-verified	insectoid meatball
14859	13383	name-verified	insectoid meatball
14860	13384	name-verified	insectoid meatball
14861	13385	name-verified	insectoid meatball
14862	13386	name-verified	insectoid meatball
14863	13387	name-verified	insectoid meatball
14864	13388	name-verified	insectoid meatball
14865	13390	name-verified	insectoid meatball
14866	13391	name-verified	insectoid meatball
14867	13392	name-verified	insectoid meatball
14868	13393	name-verified	insectoid meatball
14869	13394	name-verified	insectoid meatball
14870	13395	name-verified	insectoid meatball
14871	13396	name-verified	insectoid meatball
14872	13398	otb-only	hive stan organic structure
14873	13399	otb-only	organic structure
14874	13400	otb-only	hive structure
14875	13401	otb-only	insectoid remains
14876	13402	otb-only	insectoid remains
14877	13403	otb-only	insectoid remains
14878	13404	otb-only	insectoid remains
14879	13405	otb-only	insectoid remains
14880	13406	otb-only	insectoid remains
14881	13407	otb-only	insectoid remains
14882	13408	otb-only	insectoid remains
14883	13409	otb-only	insectoid remains
14884	13410	otb-only	insectoid remains
14885	13411	otb-only	insectoid remains
14886	13412	otb-only	insectoid remains
14887	13413	name-verified	rockboy
14888	13414	name-verified	rockboy
14889	13415	name-verified	rockboy
14890	13416	name-verified	rockboy
14891	13417	name-verified	rockboy
14892	13418	name-verified	rockboy
14893	13419	name-verified	rockboy
14894	13420	name-verified	rockboy
14895	13421	name-verified	rockboy
14896	13422	name-verified	rockboy
14897	13423	name-verified	rockboy
14898	13424	name-verified	rockboy
14899	13425	otb-only	mountain
14900	13426	otb-only	mountain
14901	13427	otb-only	mountain
14902	13428	otb-only	mountain
14903	13429	name-verified	bag with stolen gold
14904	13430	name-verified	wet temple floor
14905	13431	name-verified	wet temple floor
14906	13432	name-verified	wet temple floor
14907	13433	name-verified	wet temple floor
14908	13434	name-verified	wet temple floor
14909	13435	name-verified	wet temple floor
14910	13436	name-verified	wet temple floor
14911	13437	name-verified	wet temple floor
14912	13438	name-verified	wet temple floor
14913	13439	name-verified	finely crafted ornament
14914	13440	name-verified	finely crafted ornament
14915	13441	name-verified	wet temple floor
14916	13442	name-verified	wet temple floor
14917	13443	name-verified	wet temple floor
14918	13444	name-verified	wet temple floor
14919	13445	name-verified	wet temple floor
14920	13446	name-verified	wet temple floor
14921	13447	name-verified	wet temple floor
14922	13448	name-verified	wet temple floor
14923	13449	name-verified	wet temple floor
14924	13450	name-verified	wet temple floor
14925	13451	name-verified	wet temple floor
14926	13452	name-verified	wet temple floor
14927	13453	name-verified	wet temple floor
14928	13454	name-verified	wet temple floor
14929	13455	otb-only	deepling ornament
14930	13456	otb-only	deepling ornament
14931	13457	name-verified	cracked temple floor
14932	13458	name-verified	cracked temple floor
14933	13459	name-verified	cracked temple floor
14934	13460	name-verified	cracked temple floor
14935	13461	name-verified	cracked temple floor
14936	13462	name-verified	cracked temple floor
14937	13463	name-verified	cracked temple floor
14938	13464	name-verified	cracked temple floor
14939	13465	name-verified	cracked temple floor
14940	13466	name-verified	cracked temple floor
14941	13467	name-verified	cracked temple floor
14942	13468	name-verified	cracked temple floor
14943	13469	name-verified	cracked temple floor
14944	13470	name-verified	cracked temple floor
14945	13471	name-verified	cracked temple floor
14946	13472	otb-only	cracked deepling floor
14947	13473	otb-only	cracked deepling floor
14948	13474	otb-only	cracked deepling floor
14949	13475	otb-only	cracked deepling floor
14950	13476	otb-only	cracked deepling floor
14951	13477	otb-only	cracked deepling floor
14952	13478	otb-only	cryptic writings
14953	13479	otb-only	cryptic writings
14954	13480	otb-only	cryptic writings
14955	13481	otb-only	cryptic writings
14956	13482	otb-only	cryptic writings
14957	13483	otb-only	cryptic writings
14958	13484	otb-only	cryptic writings
14959	13485	otb-only	cryptic writings
14960	13486	otb-only	cryptic writings
14961	13487	otb-only	cryptic writings
14962	13488	otb-only	cryptic writings
14963	13489	otb-only	cryptic writings
14964	13490	otb-only	cryptic writings
14965	13491	otb-only	cryptic writings
14966	13492	otb-only	cryptic writings
14967	13493	otb-only	cryptic writings
14968	13494	otb-only	embedded emerald
14969	13495	otb-only	embedded topaz
14970	13496	otb-only	embedded ruby
14971	13497	otb-only	embedded sapphire
14972	13498	otb-only	embedded amethyst
14973	13499	name-verified	hoard of gold
14974	13500	name-verified	hoard of gold
14975	13501	name-verified	hoard of gold
14976	13502	name-verified	hoard of gold
14977	13503	name-verified	hoard of gold
14978	13504	name-verified	hoard of gold
14979	13505	name-verified	hoard of gold
14980	13506	name-verified	hoard of gold
14981	13507	name-verified	hoard of gold
14982	13508	name-verified	hoard of gold
14983	13509	name-verified	hoard of gold
14984	13510	name-verified	hoard of gold
14985	13511	name-verified	hoard of gold
14986	13512	name-verified	hoard of gold
14987	13513	name-verified	deepling spawn
14988	13514	name-verified	deepling spawn
14989	13515	name-verified	deepling spawn
14990	13516	name-verified	deepling spawn
14991	13517	name-verified	deepling spawn
14992	13518	name-verified	deepling spawn
14993	13519	name-verified	deepling spawn
14994	13520	name-verified	deepling spawn
14995	13521	name-verified	deepling spawn
14996	13522	name-verified	deepling spawn
14997	13523	name-verified	deepling spawn
14998	13524	name-verified	deepling spawn
14999	13525	name-verified	deepling spawn
15000	13526	name-verified	deepling spawn
15001	13527	name-verified	deepling spawn
15002	13528	name-verified	deepling spawn
15003	13529	name-verified	deepling spawn
15004	13530	name-verified	deepling spawn
15005	13531	name-verified	deepling spawn
15006	13533	name-verified	sea floor
15007	13534	name-verified	sea floor
15008	13535	name-verified	sea floor
15009	13536	name-verified	sea floor
15010	13537	name-verified	sea floor
15011	13538	name-verified	sea floor
15012	13539	otb-only	sea floor
15013	13540	otb-only	sea floor
15014	13541	otb-only	sea floor
15015	13542	otb-only	sea floor
15016	13543	otb-only	sea floor
15017	13544	otb-only	sea floor
15018	13545	otb-only	sea floor
15019	13546	otb-only	sea floor
15020	13547	otb-only	sea floor
15021	13548	otb-only	sea floor
15022	13549	otb-only	sea floor
15023	13550	otb-only	sea floor
15024	13551	name-verified	hoard of gold
15025	13552	name-verified	hoard of gold
15026	13553	name-verified	hoard of gold
15027	13554	name-verified	hoard of gold
15028	13557	otb-only	water
15029	13558	name-verified	ramp
15030	13559	name-verified	ramp
15031	13560	name-verified	ramp
15032	13561	name-verified	ramp
15033	13562	name-verified	ramp
15034	13563	name-verified	ramp
15035	13564	name-verified	ramp
15036	13565	name-verified	ramp
15037	13566	name-verified	ramp
15038	13567	name-verified	ramp
15039	13568	name-verified	ramp
15040	13569	name-verified	ramp
15041	13570	name-verified	ramp
15042	13571	name-verified	ramp
15043	13572	name-verified	ramp
15044	13573	name-verified	ramp
15045	13574	name-verified	ramp
15046	13575	name-verified	ramp
15047	13576	name-verified	ramp
15048	13577	name-verified	ramp
15049	13578	name-verified	ramp
15050	13579	name-verified	ramp
15051	13580	name-verified	ramp
15052	13581	name-verified	ramp
15053	13582	name-verified	ramp
15054	13583	name-verified	ramp
15055	13584	name-verified	ramp
15056	13585	name-verified	ramp
15057	13586	name-verified	ramp
15058	13587	name-verified	ramp
15059	13588	name-verified	ramp
15060	13589	name-verified	ramp
15061	13590	name-verified	ramp
15062	13591	name-verified	ramp
15063	13592	name-verified	ramp
15064	13593	name-verified	ramp
15065	13594	name-verified	grotto
15066	13596	name-verified	grotto
15067	13597	name-verified	grotto
15068	13598	name-verified	grotto
15069	13599	name-verified	grotto
15070	13600	name-verified	grotto
15071	13601	name-verified	grotto
15072	13602	name-verified	grotto
15073	13603	name-verified	grotto
15074	13604	name-verified	grotto
15075	13605	name-verified	grotto
15076	13606	name-verified	grotto
15077	13607	name-verified	grotto
15078	13608	name-verified	grotto
15079	13609	otb-only	mountain
15080	13610	otb-only	mountain
15081	13611	otb-only	mountain
15082	13612	otb-only	mountain
15083	13613	otb-only	mountain
15084	13614	otb-only	mountain
15085	13615	otb-only	mountain
15086	13616	otb-only	mountain
15087	13617	otb-only	mountain
15088	13618	otb-only	mountain
15089	13619	otb-only	mountain
15090	13620	otb-only	mountain
15091	13621	otb-only	mountain
15092	13622	otb-only	mountain
15093	13623	otb-only	mountain
15094	13624	otb-only	mountain
15095	13625	otb-only	mountain
15096	13626	otb-only	mountain
15097	13627	otb-only	mountain
15098	13628	otb-only	mountain
15099	13629	otb-only	mountain
15100	13630	otb-only	mountain
15101	13631	otb-only	mountain
15102	13632	otb-only	mountain
15103	13633	otb-only	mountain
15104	13634	otb-only	mountain
15105	13635	otb-only	mountain
15106	13636	otb-only	mountain
15107	13637	otb-only	mountain
15108	13638	otb-only	mountain
15109	13639	otb-only	mountain
15110	13640	otb-only	mountain
15111	13641	otb-only	mountain
15112	13642	otb-only	mountain
15113	13643	name-verified	grotto
15114	13644	name-verified	grotto
15115	13645	name-verified	grotto
15116	13646	otb-only	particles
15117	13647	name-verified	moist stones
15118	13648	otb-only	underwater volcano
15119	13649	otb-only	underwater volcano
15120	13650	otb-only	steam
15121	13651	name-verified	lamp
15122	13652	name-verified	lamp
15123	13653	name-verified	lamp
15124	13654	name-verified	lamp
15125	13655	name-verified	strange lamp
15126	13656	name-verified	strange lamp
15127	13657	name-verified	strange lamp
15128	13658	name-verified	strange lamp
15129	13659	name-verified	lamp
15130	13660	name-verified	lamp
15131	13661	name-verified	lamp
15132	13662	name-verified	lamp
15133	13663	otb-only	strangely glowing feelers
15134	13664	otb-only	strangely glowing feelers
15135	13665	otb-only	strangely glowing feelers
15136	13666	otb-only	strangely glowing feelers
15137	13667	name-verified	deepling spawn
15138	13668	name-verified	deepling spawn
15139	13669	name-verified	deepling spawn
15140	13670	name-verified	alga
15141	13671	otb-only	laminaria
15142	13672	name-verified	sponge
15143	13673	name-verified	sponge
15144	13674	name-verified	tree coral
15145	13675	name-verified	white coral
15146	13676	name-verified	palm lettuce coral
15147	13677	name-verified	seaweed
15148	13678	name-verified	small coral
15149	13679	otb-only	laminaria
15150	13680	name-verified	laminaria
15151	13681	name-verified	laminaria
15152	13682	name-verified	ornate wall
15153	13683	name-verified	ornate wall
15154	13684	name-verified	ornate wall
15155	13685	name-verified	ornate wall
15156	13686	name-verified	ornate wall
15157	13687	name-verified	ornate wall
15158	13688	name-verified	large coral
15159	13689	name-verified	bubbles
15160	13690	name-verified	bubbles
15161	13691	name-verified	bubbles
15162	13692	name-verified	bubbles
15163	13700	otb-only	underwater waves
15164	13701	otb-only	underwater waves
15165	13702	otb-only	underwater waves
15166	13703	otb-only	underwater wave
15167	13704	otb-only	underwater waves
15168	13705	otb-only	underwater waves
15169	13706	otb-only	underwater waves
15170	13707	otb-only	underwater waves
15171	13708	otb-only	underwater waves
15172	13709	otb-only	underwater waves
15173	13710	otb-only	underwater waves
15174	13711	otb-only	underwater waves
15175	13712	name-verified	dead deepling warrior
15176	13713	name-verified	dead deepling warrior
15177	13714	name-verified	dead deepling warrior
15178	13715	name-verified	dead deepling warrior
15179	13716	name-verified	ramp
15180	13717	name-verified	ramp
15181	13718	name-verified	ramp
15182	13719	name-verified	ramp
15183	13720	name-verified	ramp
15184	13721	name-verified	ramp
15185	13722	name-verified	ramp
15186	13723	name-verified	ramp
15187	13750	name-verified	dead deepling guard
15188	13751	name-verified	dead deepling guard
15189	13752	name-verified	dead deepling guard
15190	13753	name-verified	dead deepling guard
15191	13754	name-verified	leaves
15192	13755	name-verified	leaves
15193	13756	name-verified	leaves
15194	13757	name-verified	leaves
15195	13758	name-verified	leaves
15196	13759	name-verified	leaves
15197	13760	name-verified	leaves
15198	13761	name-verified	leaves
15199	13762	name-verified	leaves
15200	13763	name-verified	leaves
15201	13764	name-verified	leaves
15202	13765	name-verified	leaves
15203	13766	name-verified	leaves
15204	13767	name-verified	leaves
15205	13768	name-verified	leaves
15206	13769	name-verified	leaves
15207	13770	otb-only	dead elephant
15208	13771	name-verified	dead deepling spellsinger
15209	13772	name-verified	dead deepling spellsinger
15210	13773	name-verified	dead deepling spellsinger
15211	13774	name-verified	dead deepling spellsinger
15212	13775	name-verified	deep black gap
15213	13776	otb-only	moist wall
15214	13777	name-verified	ramp
15215	13778	name-verified	ramp
15216	13783	name-verified	ramp
15217	13784	name-verified	ramp
15218	13785	name-verified	ramp
15219	13786	name-verified	ramp
15220	13787	name-verified	dead jaul
15221	13794	name-verified	dead jaul
15222	13795	name-verified	dead jaul
15223	13796	name-verified	dead jaul
15224	13797	name-verified	dead obujos
15225	13798	name-verified	dead obujos
15226	13799	name-verified	dead obujos
15227	13800	name-verified	dead obujos
15228	13801	name-verified	dead tanjis
15229	13802	name-verified	dead tanjis
15230	13803	name-verified	dead tanjis
15231	13804	name-verified	dead tanjis
15232	13805	name-verified	brown sea floor
15233	13806	name-verified	brown sea floor
15234	13807	name-verified	brown sea floor
15235	13808	name-verified	brown sea floor
15236	13809	name-verified	brown sea floor
15237	13810	name-verified	brown sea floor
15238	13811	otb-only	brown sea floor
15239	13812	otb-only	brown sea floor
15240	13813	otb-only	brown sea floor
15241	13814	otb-only	brown sea floor
15242	13815	otb-only	brown sea floor
15243	13816	otb-only	brown sea floor
15244	13817	otb-only	brown sea floor
15245	13818	otb-only	brown sea floor
15246	13819	otb-only	brown sea floor
15247	13820	otb-only	brown sea floor
15248	13821	otb-only	brown sea floor
15249	13822	otb-only	brown sea floor
15250	13823	name-verified	enormous statue
15251	13824	name-verified	enormous statue
15252	13825	name-verified	enormous statue
15253	13826	name-verified	enormous statue
15254	13827	name-verified	enormous statue
15255	13828	name-verified	enormous statue
15256	13829	name-verified	enormous statue
15257	13830	name-verified	enormous statue
15258	13831	name-verified	enormous statue
15259	13832	name-verified	enormous statue
15260	13833	name-verified	enormous statue
15261	13834	name-verified	enormous statue
15262	13835	name-verified	enormous statue
15263	13836	name-verified	enormous statue
15264	13837	name-verified	enormous statue
15265	13838	otb-only	some kind of recess
15266	13839	name-verified	enormous statue
15267	13840	otb-only	huge glowing gem
15268	13841	otb-only	god rays
15269	13842	otb-only	ice flower
15270	13843	otb-only	harvested ice flower
15271	13844	name-verified	ice flower seeds
15272	13845	name-verified	dead lady bug
15273	13846	name-verified	dead lady bug
15274	13847	name-verified	dead lady bug
15275	13848	name-verified	dead lady bug
15276	13849	name-verified	dead manta ray
15277	13850	name-verified	dead manta ray
15278	13851	name-verified	dead manta ray
15279	13852	name-verified	dead manta ray
15280	13853	name-verified	dead calamary
15281	13854	name-verified	dead calamary
15282	13855	name-verified	dead calamary
15283	13856	name-verified	dead calamary
15284	13857	name-verified	dead jellyfish
15285	13858	name-verified	dead jellyfish
15286	13859	name-verified	dead jellyfish
15287	13860	name-verified	dead shark
15288	13861	name-verified	dead shark
15289	13862	name-verified	dead shark
15290	13863	name-verified	dead shark
15291	13864	name-verified	dead jellyfish
15292	13865	name-verified	dead crawler
15293	13866	name-verified	dead crawler
15294	13867	name-verified	dead crawler
15295	13868	name-verified	dead crawler
15296	13870	name-verified	dead spidris
15297	13871	name-verified	dead spidris
15298	13872	name-verified	dead spidris
15299	13873	name-verified	dead spidris
15300	13874	name-verified	table
15301	13875	name-verified	table
15302	13876	name-verified	table
15303	13877	name-verified	table
15304	13878	name-verified	table
15305	13879	name-verified	table
15306	13880	name-verified	table
15307	13881	name-verified	table
15308	13882	name-verified	table
15309	13883	name-verified	table
15310	13884	name-verified	table
15311	13885	name-verified	table
15312	13886	name-verified	table
15313	13887	name-verified	table
15314	13888	name-verified	table
15315	13889	name-verified	table
15316	13890	name-verified	table
15317	13891	name-verified	table
15318	13892	name-verified	table
15319	13893	name-verified	table
15320	13894	name-verified	table
15321	13895	otb-only	rope
15322	13896	otb-only	rope
15323	13897	name-verified	lampions
15324	13898	name-verified	lampions
15325	13899	name-verified	lampions
15326	13900	name-verified	lampions
15327	13901	name-verified	flitter
15328	13902	name-verified	party snake
15329	13903	name-verified	royal emblems
15330	13904	name-verified	flitter
15331	13905	name-verified	party snake
15332	13906	name-verified	royal emblems
15333	13907	name-verified	lampions
15334	13908	name-verified	drinks
15335	13909	name-verified	drinks
15336	13910	name-verified	lampions
15337	13911	name-verified	lampions
15338	13912	name-verified	lampions
15339	13913	name-verified	flitter
15340	13914	name-verified	party snake
15341	13915	name-verified	emblems
15342	13916	name-verified	emblem
15343	13917	name-verified	flitter
15344	13918	name-verified	party snake
15345	13919	name-verified	emblems
15346	13920	name-verified	emblem
15347	13921	name-verified	archway
15348	13922	name-verified	archway
15349	13923	name-verified	archway
15350	13924	name-verified	archway
15351	13934	name-verified	archway
15352	13935	name-verified	archway
15353	13936	otb-only	table
15354	13937	name-verified	dead kollos
15355	13938	name-verified	dead kollos
15356	13939	name-verified	dead kollos
15357	13940	name-verified	dead kollos
15358	13941	name-verified	golden anchor
15359	13942	name-verified	golden anchor
15360	13943	otb-only	hive structure
15361	13944	otb-only	hive structure
15362	13945	otb-only	hive structure
15363	13946	otb-only	hive structure
15364	13947	otb-only	hive structure
15365	13948	otb-only	hive structure
15366	13949	otb-only	hive structure
15367	13950	otb-only	hive structure
15368	13951	otb-only	hive structure
15369	13952	otb-only	hive structure
15370	13953	otb-only	hive structure
15371	13955	otb-only	hive structure
15372	13956	otb-only	hive structure
15373	13957	otb-only	hive structure
15374	13958	otb-only	hive structure
15375	13959	otb-only	hive structure
15376	13960	otb-only	hive structure
15377	13961	otb-only	hive structure
15378	13962	otb-only	hive structure
15379	13963	otb-only	hive structure
15380	13964	otb-only	hive structure
15381	13965	otb-only	hive structure
15382	13966	otb-only	hive structure
15383	13967	otb-only	hive structure
15384	13969	name-verified	insectoid cocoon
15385	13970	name-verified	dead swarmer
15386	13971	name-verified	dead swarmer
15387	13972	name-verified	dead swarmer
15388	13973	name-verified	dead swarmer
15389	13974	name-verified	strange powder
15390	13976	name-verified	blob bomb
15391	13978	name-verified	hive floor
15392	13979	name-verified	dead spitter
15393	13980	name-verified	dead spitter
15394	13981	name-verified	dead spitter
15395	13982	name-verified	dead spitter
15396	13983	name-verified	dead waspoid
15397	13984	name-verified	dead waspoid
15398	13985	name-verified	dead waspoid
15399	13986	name-verified	dead waspoid
15400	13987	name-verified	deepling staff
15401	13988	name-verified	shallow water
15402	13989	name-verified	shallow water
15403	13990	name-verified	necklace of the deep
15404	13991	name-verified	deepling axe
15405	13992	name-verified	sandfish
15406	13993	name-verified	ornate chestplate
15407	13994	name-verified	depth lorica
15408	13995	name-verified	depth galea
15409	13996	name-verified	depth ocrea
15410	13997	name-verified	depth calcei
15411	13998	name-verified	depth scutum
15412	13999	name-verified	ornate legs
15413	14000	name-verified	ornate shield
15414	14001	name-verified	ornate mace
15415	14002	name-verified	trophy of obujos
15416	14003	name-verified	trophy of obujos
15417	14004	name-verified	trophy of tanjis
15418	14005	name-verified	trophy of tanjis
15419	14006	name-verified	trophy of jaul
15420	14007	name-verified	trophy of jaul
15421	14008	name-verified	spellsinger's seal
15422	14009	name-verified	key to the drowned library
15423	14010	name-verified	deepling guard belt buckle
15424	14011	name-verified	deepling breaktime snack
15425	14012	name-verified	deepling warts
15426	14013	name-verified	deeptags
15427	14014	name-verified	seashell book
15428	14015	name-verified	seashell book
15429	14016	name-verified	seashell book
15430	14017	name-verified	deepling scales
15431	14018	name-verified	heart of the sea
15432	14019	name-verified	small golden anchor
15433	14020	name-verified	soul net
15434	14021	name-verified	jaul's pearl
15435	14022	name-verified	tanjis' sight
15436	14023	name-verified	obujos' shell
15437	14025	name-verified	party lampions
15438	14026	name-verified	party lampions
15439	14027	name-verified	party wall tinsel
15440	14028	name-verified	party wall snake
15441	14029	name-verified	flower pot
15442	14030	name-verified	flower pot
15443	14031	name-verified	flower pot
15444	14032	name-verified	withered plant
15445	14033	name-verified	flower pot
15446	14034	name-verified	flower pot
15447	14035	name-verified	flower pot
15448	14036	name-verified	flower pot
15449	14037	name-verified	flower pot
15450	14038	name-verified	flower pot
15451	14040	name-verified	warrior's axe
15452	14041	name-verified	deepling ridge
15453	14042	name-verified	warrior's shield
15454	14043	name-verified	guardian axe
15455	14044	name-verified	deepling claw
15456	14045	name-verified	insectoid queen
15457	14046	name-verified	insectoid queen
15458	14047	name-verified	insectoid queen
15459	14048	name-verified	insectoid queen
15460	14049	name-verified	insectoid queen
15461	14050	otb-only	insectoid queen
15462	14051	name-verified	gooey substance
15463	14052	name-verified	flask of chitin dissolver
15464	14053	name-verified	flask of dissolved chitin
15465	14054	name-verified	reagent flask
15466	14055	name-verified	aggressive fluid
15467	14064	name-verified	hive pore
15468	14065	name-verified	overgrown hive pore
15469	14066	name-verified	seashell bookcase
15470	14067	name-verified	seashell bookcase
15471	14068	name-verified	seashell bookcase
15472	14069	name-verified	seashell bookcase
15473	14070	name-verified	seashell bookcase
15474	14071	name-verified	seashell bookcase
15475	14072	otb-only	large seashell book
15476	14073	otb-only	large seashell book
15477	14074	name-verified	insectoid monolith
15478	14075	otb-only	empty insectoid monolith
15479	14076	name-verified	swarmer antenna
15480	14077	name-verified	kollos shell
15481	14078	name-verified	spitter nose
15482	14079	name-verified	crawler head plating
15483	14080	name-verified	waspoid claw
15484	14081	name-verified	waspoid wing
15485	14082	name-verified	spidris mandible
15486	14083	name-verified	compound eye
15487	14084	name-verified	larvae
15488	14085	name-verified	deepling filet
15489	14086	name-verified	calopteryx cape
15490	14087	name-verified	grasshopper legs
15491	14088	name-verified	carapace shield
15492	14089	name-verified	hive scythe
15493	14090	name-verified	dead poodle
15494	14091	name-verified	dead poodle
15495	14092	name-verified	dead poodle
15496	14093	name-verified	dead poodle
15497	14094	name-verified	dead deepling worker
15498	14095	name-verified	dead deepling worker
15499	14096	name-verified	dead deepling worker
15500	14097	name-verified	dead deepling worker
15501	14098	name-verified	dragon's nest
15502	14099	name-verified	dragon's nest
15503	14100	name-verified	lava
15504	14101	name-verified	lava
15505	14102	name-verified	lava
15506	14103	name-verified	lava
15507	14104	name-verified	lava
15508	14105	name-verified	lava
15509	14106	name-verified	lava
15510	14107	name-verified	lava
15511	14108	name-verified	lava
15512	14109	name-verified	lava
15513	14110	name-verified	lava
15514	14111	name-verified	lava
15515	14112	name-verified	bar of gold
15516	14113	name-verified	lava stream
15517	14114	name-verified	lava stream
15518	14115	name-verified	lava stream
15519	14116	name-verified	lava stream
15520	14117	name-verified	lava stream
15521	14118	name-verified	lava stream
15522	14119	name-verified	lava stream
15523	14120	name-verified	lava stream
15524	14121	name-verified	lava stream
15525	14122	name-verified	lava stream
15526	14123	name-verified	lava stream
15527	14124	name-verified	lava stream
15528	14125	name-verified	lava stream
15529	14126	name-verified	lava stream
15530	14127	name-verified	lava stream
15531	14128	name-verified	lava stream
15532	14129	name-verified	lava stream
15533	14130	name-verified	lava stream
15534	14131	name-verified	lava stream
15535	14132	name-verified	lava stream
15536	14133	name-verified	stairs
15537	14134	name-verified	stairs
15538	14135	name-verified	stairs
15539	14136	otb-only	stairs
15540	14137	otb-only	deepling ornament
15541	14138	otb-only	deepling ornament
15542	14139	otb-only	deepling ornament
15543	14140	otb-only	deepling ornament
15544	14141	name-verified	lava
15545	14142	name-verified	foxtail
15546	14143	name-verified	four-leaf clover
15547	14144	name-verified	lava stream
15548	14145	name-verified	lava stream
15549	14146	name-verified	lava stream
15550	14147	name-verified	lava stream
15551	14148	name-verified	lava stream
15552	14149	name-verified	lava stream
15553	14150	otb-only	lava
15554	14151	otb-only	lava
15555	14152	otb-only	basket with puppies
15556	14153	name-verified	basket
15557	14154	name-verified	wanted note
15558	14155	name-verified	wanted note
15559	14156	name-verified	dog collar
15560	14157	name-verified	strong water vortex
15561	14158	name-verified	crystal wall
15562	14159	name-verified	crystal wall
15563	14160	name-verified	crystal wall
15564	14161	name-verified	crystal wall
15565	14162	name-verified	rough red gem
15566	14163	name-verified	fossilised coral
15567	14164	otb-only	unfinished ramp
15568	14165	name-verified	crate full of coral
15569	14166	otb-only	crate full of coral
15570	14167	name-verified	deepling spawn
15571	14171	name-verified	hive pore
15572	14172	name-verified	gooey mass
15573	14173	name-verified	seashell book
15574	14174	name-verified	seashell book
15575	14175	name-verified	seashell book
15576	14176	name-verified	notes and coordinates
15577	14177	otb-only	decoration
15578	14178	otb-only	decoration
15579	14179	otb-only	decoration
15580	14180	otb-only	decoration
15581	14181	otb-only	decoration
15582	14182	otb-only	decoration
15583	14183	otb-only	decoration
15584	14184	otb-only	decoration
15585	14185	otb-only	decoration
15586	14186	otb-only	decoration
15587	14187	otb-only	decoration
15588	14188	otb-only	decoration
15589	14189	otb-only	decoration
15590	14190	otb-only	decoration
15591	14191	otb-only	decoration
15592	14192	otb-only	decoration
15593	14193	otb-only	decoration
15594	14194	otb-only	decoration
15595	14195	otb-only	decoration
15596	14196	otb-only	decoration
15597	14197	otb-only	decoration
15598	14198	otb-only	decoration
15599	14199	otb-only	decoration
15600	14200	otb-only	decoration
15601	14201	otb-only	decoration
15602	14202	otb-only	decoration
15603	14203	otb-only	decoration
15604	14204	otb-only	decoration
15605	14205	otb-only	decoration
15606	14206	otb-only	decoration
15607	14207	otb-only	decoration
15608	14208	otb-only	decoration
15609	14209	otb-only	decoration
15610	14210	otb-only	decoration
15611	14211	otb-only	decoration
15612	14212	otb-only	decoration
15613	14213	otb-only	decoration
15614	14214	otb-only	decoration
15615	14215	otb-only	decoration
15616	14216	otb-only	decoration
15617	14217	otb-only	decoration
15618	14218	otb-only	decoration
15619	14222	name-verified	trophy of obujos
15620	14223	name-verified	trophy of tanjis
15621	14224	name-verified	trophy of jaul
15622	14225	name-verified	dung ball
15623	14226	name-verified	deep black gap
15624	14227	name-verified	strange funnel
15625	14228	name-verified	strange funnel
15626	14229	name-verified	strange funnel
15627	14230	name-verified	strange funnel
15628	14231	name-verified	strange funnels
15629	14232	name-verified	strange funnels
15630	14233	name-verified	strange funnel
15631	14234	name-verified	strange funnel
15632	14235	name-verified	strange funnel
15633	14236	name-verified	strange funnel
15634	14237	name-verified	soft green chair
15635	14238	name-verified	mud
15636	14239	otb-only	large crystal
15637	14240	name-verified	fish swarm
15638	14241	name-verified	true heart of the sea
15639	14242	name-verified	true heart of the sea
15640	14243	name-verified	treasure chest
15641	14244	name-verified	treasure chest
15642	14245	name-verified	treasure chest
15643	14246	name-verified	hive bow
15644	14247	name-verified	ornate crossbow
15645	14248	name-verified	deepling backpack
15646	14249	name-verified	buggy backpack
15647	14250	name-verified	deepling squelcher
15648	14251	name-verified	tarsal arrow
15649	14252	name-verified	vortex bolt
15650	14255	name-verified	swarmer drum
15651	14258	name-verified	depth galea
15652	14259	otb-only	machine
15791	1210	name-verified	chess board
15792	1211	name-verified	chess board
15820	2317	name-verified	counter
15821	2318	name-verified	counter
15822	2320	name-verified	counter
15823	2321	name-verified	counter
15985	6031	otb-only	slain pharaoh
16003	14670	name-verified	cm token
16004	14671	name-verified	delany's golden bug trophy
16005	14672	name-verified	bolfrim's golden bug trophy
16006	14673	name-verified	siramal's golden bug trophy
16007	14674	name-verified	anniversary backpack
16008	14675	name-verified	tapestry of honour
16009	14676	name-verified	tapestry of honour
16010	14677	name-verified	tapestry of honour
16011	14678	name-verified	tapestry of honour
16012	14679	name-verified	tapestry of honour
16013	14680	name-verified	tapestry of honour
16014	14681	name-verified	anniversary cake
16015	14682	name-verified	chayenne's magical key
16016	14683	name-verified	artist's brush
16017	14684	name-verified	artist's palette
16018	14685	name-verified	artist's canvas
16019	14686	name-verified	artist's brush
16020	14687	name-verified	artist's easel
16021	14688	name-verified	artist's easel
16022	14689	name-verified	artist's easel
16023	14690	name-verified	artist's easel
16024	14691	name-verified	masterpiece of a muse
16025	14692	name-verified	masterpiece of a muse
16026	14693	name-verified	painting of a muse
16027	14694	name-verified	painting of a muse
16028	14695	name-verified	masterpiece of a gozzler
16029	14696	name-verified	masterpiece of a gozzler
16030	14697	name-verified	painting of a gozzler
16031	14698	name-verified	painting of a gozzler
16075	14741	name-verified	easel kit
16093	14750	otb-only	hidden nest
16094	14751	name-verified	pirate's surprise
16096	14753	name-verified	dung ball
16097	14754	name-verified	cake cabinet
16098	14755	name-verified	cake cabinet
16099	14756	name-verified	cake cabinet kit
16100	14757	name-verified	dragon's nest
16101	14758	name-verified	premium scroll
16102	14759	name-verified	surprise nest
16103	14760	name-verified	mathmaster shield
16104	14761	name-verified	mathmaster shield
16105	14762	name-verified	medusa skull
16106	14763	name-verified	medusa skull
16107	14764	name-verified	durin the almighty
16108	14765	name-verified	durin the almighty
16109	14766	name-verified	majestic shield
16110	14767	name-verified	majestic shield
16111	14768	name-verified	thorn spitter
16112	14769	name-verified	spellbook of ancient arcana
16619	15276	name-verified	miniature house
16620	9395	name-verified	claw of 'the noxious spawn'
16621	9393	name-verified	claw of 'the noxious spawn'
16638	15293	name-verified	crystal wall
16639	15294	name-verified	crystal wall
16640	15295	name-verified	crystal wall
16642	15297	otb-only	crystal wall
16647	15302	otb-only	basalt
16648	15303	otb-only	basalt
16649	15304	otb-only	basalt
16650	15305	otb-only	basalt
16696	15351	name-verified	mossy wall
16697	15352	name-verified	mossy wall
16698	15353	name-verified	mossy wall
16699	15354	name-verified	mossy wall
17219	15874	name-verified	dead humongous fungus
17220	15875	name-verified	dead humongous fungus
17221	15876	name-verified	stone
17222	15877	name-verified	stone
17223	15878	name-verified	stone
17224	15879	name-verified	stone
17225	15880	name-verified	stone
17226	15881	name-verified	stone
17227	15882	name-verified	stone
17228	15883	name-verified	stone
17229	15884	name-verified	stone
17230	15885	name-verified	stone
17231	15886	name-verified	stone
17232	15887	name-verified	stone
17235	15890	name-verified	closed door
17236	15891	name-verified	open door
17237	15892	name-verified	closed door
17238	15893	name-verified	open door
17239	15894	name-verified	strange idol
17240	15895	name-verified	broken idol
17241	15896	name-verified	broken idol
17242	15897	otb-only	idol
17243	15898	otb-only	idol
17244	15899	name-verified	strange pedestal
17245	15900	otb-only	idol
17246	15901	name-verified	strange pedestal
17247	15902	otb-only	ancient altar
17248	15903	otb-only	ancient altar
17249	15904	otb-only	ancient altar
17250	15905	otb-only	ancient altar
17251	15906	name-verified	dead weeper
17252	15907	name-verified	dead weeper
17253	15908	name-verified	dead weeper
17254	15909	name-verified	dead weeper
17255	15910	name-verified	dead orewalker
17256	15911	name-verified	dead orewalker
17257	15912	name-verified	dead orewalker
17258	15913	name-verified	dead orewalker
17259	15914	name-verified	stone wall
17260	15915	name-verified	stone wall
17261	15916	name-verified	stone wall
17262	15917	name-verified	stone wall
17263	15918	name-verified	stone wall
17264	15919	name-verified	stone wall
17265	15920	name-verified	stone wall
17266	15921	name-verified	stone wall
17267	15922	name-verified	stone wall
17268	15923	name-verified	stone wall
17269	15924	name-verified	stone wall
17270	15925	name-verified	stone wall
17271	15926	name-verified	stone wall
17272	15927	name-verified	stone wall
17273	15928	name-verified	stone wall
17274	15929	name-verified	stone wall
17275	15930	name-verified	stone wall
17276	15931	name-verified	stone wall
17277	15932	name-verified	stone wall
17278	15933	name-verified	stone wall
17279	15934	name-verified	stone wall
17280	15935	name-verified	stone wall
17281	15936	name-verified	stone wall
17282	15937	name-verified	stone wall
17283	15938	name-verified	stone wall
17284	15939	name-verified	stone wall
17285	15940	name-verified	stone wall
17286	15941	name-verified	stone wall
17287	15942	name-verified	stone wall
17288	15943	name-verified	stone wall
17289	15944	name-verified	stone wall
17290	15945	name-verified	stone wall
17291	15946	name-verified	stone wall
17292	15947	name-verified	stone wall
17293	15948	name-verified	stone wall
17294	15949	name-verified	stone wall
17295	15950	name-verified	stone wall
17296	15951	name-verified	stone wall
17297	15952	name-verified	stone wall
17298	15953	name-verified	stone wall
17299	15954	name-verified	stone wall
17300	15955	name-verified	stone wall
17301	15956	name-verified	stone wall
17332	15987	name-verified	dead lava golem
17333	15988	name-verified	dead lava golem
17334	15989	name-verified	dead lava golem
17335	15990	name-verified	dead lava golem
17336	15991	name-verified	dead magma crawler
17337	15992	name-verified	dead magma crawler
17338	15993	name-verified	dead magma crawler
17339	15994	name-verified	dead magma crawler
17340	15995	name-verified	window
17341	15996	name-verified	window
17342	15997	name-verified	window
17343	15998	name-verified	window
17344	15999	name-verified	window
17345	16000	name-verified	window
17346	16001	name-verified	window
17347	16002	name-verified	window
17348	16003	name-verified	window
17349	16004	name-verified	window
17350	16005	name-verified	window
17351	16006	name-verified	window
17352	16034	name-verified	stone wall
17353	16008	name-verified	stone wall
17354	16009	name-verified	stone wall
17355	16010	name-verified	stone wall
17356	16018	name-verified	stone wall
17357	16019	name-verified	stone wall
17358	16013	name-verified	stone wall
17359	16021	name-verified	stone wall
17360	16015	name-verified	stone wall
17361	16016	name-verified	stone wall
17362	16017	name-verified	stone wall
17363	16018	name-verified	stone wall
17364	16019	name-verified	stone wall
17365	16020	name-verified	stone wall
17366	16021	name-verified	stone wall
17367	16022	name-verified	stone wall
17368	16023	name-verified	stone wall
17369	16024	name-verified	stone wall
17370	16025	name-verified	stone wall
17371	16026	name-verified	stone wall
17372	16027	name-verified	stone wall
17373	16028	name-verified	stone wall
17374	16029	name-verified	stone wall
17375	16030	name-verified	stone wall
17376	16031	name-verified	stone wall
17377	16032	name-verified	stone wall
17378	16033	name-verified	stone wall
17379	16034	name-verified	stone wall
17380	16035	name-verified	stone wall
17381	16036	name-verified	stone wall
17382	16037	name-verified	stone wall
17383	16025	name-verified	stone wall
17384	16023	name-verified	stone wall
17385	16024	name-verified	stone wall
17386	16033	name-verified	stone wall
17387	16042	name-verified	stone wall
17388	16043	name-verified	stone wall
17389	16044	name-verified	stone wall
17390	16045	name-verified	stone wall
17391	16046	name-verified	stone wall
17392	16047	name-verified	stone wall
17393	16048	name-verified	stone wall
17394	16049	name-verified	stone wall
17395	16050	name-verified	window
17396	16051	name-verified	window
17397	16052	name-verified	window
17398	16053	name-verified	window
17399	16054	name-verified	window
17400	16055	name-verified	window
17401	16056	name-verified	window
17402	16057	name-verified	window
17403	16058	name-verified	window
17404	16059	name-verified	window
17405	16060	name-verified	window
17406	16061	name-verified	window
17407	16062	name-verified	dead enslaved dwarf
17408	16063	name-verified	dead enslaved dwarf
17409	16064	name-verified	dead enslaved dwarf
17410	16065	name-verified	dead enslaved dwarf
17412	16067	otb-only	dead chtonian worm
17413	16068	otb-only	dead chtonian worm
17414	16069	otb-only	dead chtonian worm
17415	16070	otb-only	dead chtonian worm
17416	16071	name-verified	dead lost berserker
17417	16072	name-verified	dead lost berserker
17418	16073	name-verified	dead lost berserker
17419	16074	name-verified	dead lost berserker
17420	16075	name-verified	dead cliff strider
17421	16076	name-verified	dead cliff strider
17422	16077	name-verified	dead cliff strider
17423	16078	name-verified	dead cliff strider
17424	16079	name-verified	dead ironblight
17425	16080	name-verified	dead ironblight
17426	16081	name-verified	dead ironblight
17427	16082	name-verified	dead ironblight
17428	16083	name-verified	dead hideous fungus
17429	16084	name-verified	dead hideous fungus
17430	16085	name-verified	dead hideous fungus
17431	16086	name-verified	dead hideous fungus
17433	11971	name-verified	stone
17434	11972	name-verified	stone
17435	13144	name-verified	open door
17436	14770	name-verified	crystal floor
17437	14771	name-verified	crystal floor
17438	14772	name-verified	crystal floor
17439	14773	name-verified	crystal floor
17440	14774	name-verified	crystal floor
17441	14775	name-verified	crystal floor
17442	14776	name-verified	crystal floor
17443	14777	name-verified	crystal floor
17444	14778	otb-only	basalt crystal floor
17445	14779	otb-only	basalt crystal floor
17446	14780	otb-only	basalt crystal floor
17447	14781	otb-only	basalt crystal floor
17448	14782	otb-only	basalt crystal floor
17449	14783	otb-only	basalt crystal floor
17450	14784	otb-only	basalt crystal floor
17451	14785	otb-only	basalt crystal floor
17452	14786	otb-only	basalt crystal floor
17453	14787	otb-only	basalt crystal floor
17454	14788	otb-only	basalt crystal floor
17455	14789	otb-only	basalt crystal floor
17456	14790	otb-only	basalt crystal floor
17457	14791	otb-only	basalt crystal floor
17458	14792	otb-only	basalt crystal floor
17459	14793	otb-only	basalt crystal floor
17460	14794	otb-only	basalt crystal floor
17461	14795	otb-only	basalt crystal floor
17462	14796	otb-only	basalt crystal floor
17463	14797	otb-only	basalt crystal floor
17464	14798	otb-only	basalt crystal floor
17465	14799	otb-only	basalt crystal floor
17466	14800	otb-only	basalt crystal floor
17467	14801	otb-only	basalt crystal floor
17468	14842	name-verified	basalt wall with crystals
17469	14843	name-verified	basalt wall
17470	14844	otb-only	basalt wall with crystals
17471	14845	otb-only	crystal geode
17472	14846	otb-only	nestled blue crystals
17473	14847	name-verified	fossilised bones
17474	14848	name-verified	basalt wall
17475	14849	otb-only	basalt wall with crystals
17476	14850	name-verified	basalt wall
17477	14851	name-verified	basalt wall with crystals
17478	14852	name-verified	basalt wall with crystals
17479	14853	otb-only	crystal geode
17480	14854	otb-only	nestled blue crystals
17481	14855	name-verified	fossilised bones
17482	14856	name-verified	basalt wall
17483	14857	otb-only	basalt wall with crystals
17484	14858	name-verified	basalt wall
17485	14859	name-verified	basalt wall
17486	14860	name-verified	basalt wall
17487	14861	name-verified	basalt wall
17488	14862	name-verified	basalt wall
17489	14863	name-verified	crystals
17490	14864	name-verified	crystals
17491	14865	name-verified	crystals
17492	14866	name-verified	crystals
17493	14867	name-verified	small basalt wall
17494	14868	otb-only	small basalt corner
17495	14869	name-verified	small basalt wall
17496	14870	name-verified	crystals
17497	14871	name-verified	crystals
17498	14872	name-verified	crystals
17499	14873	name-verified	basalt wall with crystals
17500	14874	otb-only	basalt wall crystals
17501	14875	name-verified	basalt wall with crystals
17502	14876	name-verified	basalt wall with crystals
17503	14877	otb-only	crystals
17504	14878	name-verified	crystals
17505	14879	name-verified	basalt wall
17506	14880	name-verified	basalt wall
17507	14881	name-verified	basalt wall with crystals
17508	14882	name-verified	basalt wall
17509	14883	name-verified	basalt wall
17510	14884	otb-only	basalt arch
17511	14885	otb-only	basalt arch
17512	14886	name-verified	nestled crystals
17513	14887	name-verified	fossilised bones
17514	14888	name-verified	basalt wall with crystals
17515	14889	name-verified	basalt wall with crystals
17516	14890	otb-only	small basalt wall
17517	14891	otb-only	small moist wall
17518	14892	otb-only	small basalt wall
17519	14893	name-verified	basalt wall
17520	14894	otb-only	nestled crystals
17521	14895	otb-only	fossilised bones
17522	14896	name-verified	basalt wall
17523	14897	name-verified	basalt wall
17524	14898	otb-only	crystals
17525	14899	otb-only	basalt
17526	14900	otb-only	basalt
17527	14901	otb-only	basalt
17528	14902	otb-only	basalt
17529	14903	otb-only	basalt
17530	14904	otb-only	basalt
17531	14905	otb-only	basalt
17532	14906	otb-only	crystals
17533	14907	otb-only	crystals
17534	14908	otb-only	crystals
17535	14909	otb-only	crystals
17536	14910	otb-only	crystals
17537	14911	otb-only	crystals
17538	14912	otb-only	crystals
17539	14913	name-verified	small stream
17540	14914	name-verified	small stream
17541	14915	name-verified	small stream
17542	14916	name-verified	small stream
17543	14917	name-verified	small stream
17544	14918	name-verified	small stream
17545	14919	name-verified	small stream
17546	14920	name-verified	small stream
17547	14921	name-verified	small stream
17548	14922	name-verified	small stream
17549	14923	name-verified	small stream
17550	14924	name-verified	small stream
17551	14925	name-verified	small stream
17552	14926	name-verified	small stream
17553	14927	name-verified	small stream
17554	14929	name-verified	small stream
17555	14930	name-verified	small stream
17556	14931	name-verified	small stream
17557	14932	name-verified	ramp
17558	14933	name-verified	ramp
17559	14934	name-verified	ramp
17560	14935	name-verified	ramp
17561	14936	name-verified	ramp
17562	14937	name-verified	ramp
17563	14938	name-verified	ramp
17564	14939	name-verified	ramp
17565	14940	name-verified	green crystal stalagmite
17566	14941	name-verified	green crystal stalagmite
17567	14942	name-verified	green crystal stalagmite
17568	14943	name-verified	large fallen crystal
17569	14944	name-verified	large fallen crystal
17570	14945	name-verified	large fallen crystal
17571	14946	name-verified	large fallen crystal
17572	14947	name-verified	large fallen crystal
17573	14948	name-verified	large fallen crystal
17574	14949	name-verified	cluster of green crystals
17575	14950	name-verified	green crystal rods
17576	14951	name-verified	green crystals
17577	14952	name-verified	small green crystals
17578	14953	name-verified	green crystals
17579	14954	name-verified	green crystals
17580	14955	name-verified	cluster of blue crystals
17581	14956	name-verified	blue crystal rods
17582	14957	name-verified	blue crystals
17583	14958	name-verified	small blue crystals
17584	14959	name-verified	blue crystals
17585	14960	name-verified	blue crystals
17586	14961	name-verified	cluster of red crystals
17587	14962	name-verified	red crystal rods
17588	14963	name-verified	red crystals
17589	14964	name-verified	small red crystals
17590	14965	name-verified	red crystals
17591	14966	name-verified	red crystals
17592	14967	name-verified	crystal geode
17593	14968	name-verified	crystal geode
17594	14969	name-verified	crystal geode
17595	14970	name-verified	crystal geode
17596	14971	name-verified	crystal geode
17597	14972	name-verified	large blue crystal
17598	14973	name-verified	large blue crystal
17599	14974	name-verified	red crystals
17600	14975	otb-only	fossilised rib
17601	14976	otb-only	fossilised rib
17602	14977	otb-only	fossilised rib
17603	14978	otb-only	fossilised rib
17604	14979	otb-only	fossilised rib
17605	14980	otb-only	fossilised rib
17606	14981	name-verified	fossilised spine
17607	14982	name-verified	fossilised spine
17608	14983	name-verified	fossilised spine
17609	14984	otb-only	fossilised bone
17610	14985	otb-only	fossilised bone
17611	14986	otb-only	fossilised bone
17612	14987	name-verified	fossilised spine parts
17613	14988	otb-only	fossilised spider
17614	14989	otb-only	fossilised spider
17615	14990	otb-only	fossilised spider
17616	14991	otb-only	fossilised spider
17617	14992	otb-only	fossilised bug
17618	14993	otb-only	fossilised bug
17619	14994	otb-only	fossilised bug
17620	14995	otb-only	fossilised bug
17621	14996	otb-only	fossilised bear
17622	14997	otb-only	fossilised bear
17623	14998	otb-only	fossilised bear
17624	14999	otb-only	fossilised bear
17625	15000	name-verified	basalt floor
17626	15001	name-verified	basalt floor
17627	15002	name-verified	basalt floor
17628	15003	name-verified	basalt floor
17629	15004	otb-only	basalt floor
17630	15005	otb-only	basalt floor
17631	15006	otb-only	basalt floor
17632	15007	otb-only	basalt floor
17633	15008	otb-only	basalt floor
17634	15009	otb-only	basalt floor
17635	15010	otb-only	basalt floor
17636	15011	otb-only	basalt floor
17637	15012	otb-only	basalt floor
17638	15013	otb-only	basalt floor
17639	15014	otb-only	basalt floor
17640	15015	otb-only	basalt floor
17641	15016	name-verified	crystal trail
17642	15017	name-verified	crystal trail
17643	15018	name-verified	crystal trail
17644	15019	name-verified	crystal trail
17645	15020	name-verified	crystal trail
17646	15021	name-verified	crystal trail
17647	15022	name-verified	mold floor
17648	15023	name-verified	mold floor
17649	15024	name-verified	mold floor
17650	15025	name-verified	mold floor
17651	15026	name-verified	mold floor
17652	15027	name-verified	mold floor
17653	15028	name-verified	mold floor
17654	15029	name-verified	mold floor
17655	15030	name-verified	mold floor
17656	15031	name-verified	mold floor
17657	15032	name-verified	mold floor
17658	15033	name-verified	mold floor
17659	15034	name-verified	mold floor
17660	15035	name-verified	mold floor
17661	15036	name-verified	mold floor
17662	15037	name-verified	mold floor
17663	15038	name-verified	mold floor
17664	15039	name-verified	mold floor
17665	15040	name-verified	mossy floor
17666	15041	name-verified	mossy floor
17667	15042	name-verified	mossy floor
17668	15043	name-verified	mossy floor
17669	15044	name-verified	mossy floor
17670	15045	name-verified	mossy floor
17671	15046	name-verified	mossy floor
17672	15047	name-verified	mossy floor
17673	15048	name-verified	mossy floor
17674	15049	name-verified	mossy floor
17675	15050	name-verified	mossy floor
17676	15051	name-verified	mossy floor
17677	15052	name-verified	mossy floor
17678	15053	name-verified	mossy floor
17679	15054	name-verified	mossy floor
17680	15055	name-verified	mossy floor
17681	15056	name-verified	mossy floor
17682	15057	name-verified	mossy floor
17683	15058	name-verified	mossy floor
17684	15059	name-verified	mossy floor
17685	15060	name-verified	mossy wall
17686	15061	name-verified	mossy wall
17687	15062	name-verified	mossy wall
17688	15063	name-verified	mossy wall
17689	15064	name-verified	mossy wall
17690	15065	name-verified	mossy wall
17691	15066	name-verified	mossy wall
17692	15067	otb-only	mossy wall
17693	15068	name-verified	mossy wall
17694	15069	name-verified	mossy wall
17695	15070	name-verified	mossy wall
17696	15071	name-verified	mossy wall
17697	15072	name-verified	mossy wall
17698	15073	name-verified	mossy wall
17699	15074	name-verified	mossy wall
17700	15075	otb-only	mossy wall
17701	15076	name-verified	mossy wall
17702	15077	name-verified	mossy wall
17703	15078	name-verified	mossy wall
17704	15079	name-verified	mossy wall
17705	15080	name-verified	mossy wall
17706	15081	name-verified	mossy wall
17707	15082	name-verified	mossy wall
17708	15083	name-verified	mossy wall
17709	15084	name-verified	mossy wall
17710	15085	otb-only	small mossy wall
17711	15086	otb-only	small mossy corner
17712	15087	otb-only	small mossy wall
17713	15088	name-verified	mushrooms
17714	15089	name-verified	mushrooms
17715	15090	name-verified	mushrooms
17716	15091	name-verified	mossy wall
17717	15092	name-verified	mossy wall
17718	15093	name-verified	mossy wall
17719	15094	name-verified	mossy wall
17720	15095	name-verified	mossy wall
17721	15096	name-verified	mossy wall
17722	15097	name-verified	mossy wall
17723	15100	name-verified	mushrooms
17724	15101	name-verified	mossy wall
17725	15102	name-verified	mossy wall
17726	15103	name-verified	mossy wall
17727	15104	name-verified	mossy wall
17728	15105	otb-only	mossy arch
17729	15106	otb-only	mossy arch
17730	15107	otb-only	small mossy wall
17731	15108	name-verified	ramp
17732	15109	name-verified	ramp
17733	15110	name-verified	ramp
17734	15111	name-verified	ramp
17735	15112	name-verified	ramp
17736	15113	name-verified	ramp
17737	15114	name-verified	ramp
17738	15115	name-verified	ramp
17739	15116	name-verified	bearded hedgehog mushroom
17740	15117	name-verified	bearded hedgehog mushroom
17741	15118	name-verified	small glowing mushrooms
17742	15119	name-verified	small glowing mushrooms
17743	15120	name-verified	small glowing mushrooms
17744	15121	name-verified	small white beech mushrooms
17745	15122	name-verified	small cortinarius mushrooms
17746	15123	name-verified	small gomphidius mushroom
17747	15124	name-verified	paxillus mushroom
17748	15125	name-verified	paxillus mushroom
17749	15126	name-verified	dark blue mushroom
17750	15127	name-verified	blue glowing mushroom
17751	15128	name-verified	yellow glowing mushroom
17752	15129	name-verified	small glowing mushrooms
17753	15130	name-verified	large boletus mushroom
17754	15131	name-verified	large boletus mushroom
17755	15132	name-verified	orange dankshroom
17756	15133	name-verified	large sticky mushroom
17757	15134	name-verified	large fungus stipe
17758	15135	name-verified	large sticky mushroom
17759	15136	name-verified	large spongy mushroom
17760	15137	name-verified	huge brown mushroom
17761	15138	name-verified	huge brown mushroom
17762	15139	name-verified	huge brown mushroom
17763	15140	name-verified	huge brown mushroom
17764	15141	name-verified	mushrooms growing on a pillar
17765	15143	name-verified	stalagmites
17766	15144	name-verified	mushroom corkscrew stairs
17767	15145	name-verified	mushroom corkscrew stairs
17768	15146	name-verified	mushroom corkscrew stairs
17769	15147	name-verified	mushroom corkscrew stairs
17770	15148	name-verified	mushroom corkscrew stairs
17771	15149	name-verified	mushroom corkscrew stairs
17772	15150	name-verified	mushroom corkscrew stairs
17773	15151	name-verified	toad stool
17774	15152	name-verified	toad stool
17775	15153	name-verified	toad stool
17776	15154	name-verified	toad stool
17777	15155	name-verified	mushroom table
17778	15156	name-verified	large decorative mushroom
17779	15157	name-verified	large decorative mushroom
17780	15158	otb-only	mossy wall
17781	15159	otb-only	mossy wall
17782	15160	otb-only	mossy wall
17783	15161	otb-only	mossy wall
17784	15162	otb-only	mossy wall
17785	15163	otb-only	mossy wall
17786	15164	otb-only	mossy wall
17787	15165	name-verified	huge red crystal
17788	15166	name-verified	huge red crystal
17789	15167	name-verified	huge red crystal
17790	15168	name-verified	huge red crystal
17791	15169	name-verified	huge red crystal
17792	15170	name-verified	huge red crystal
17793	15171	name-verified	huge red crystal
17794	15172	name-verified	huge red crystal
17795	15173	name-verified	huge red crystal
17796	15174	name-verified	huge red crystal
17797	15175	name-verified	huge red crystal
17798	15176	name-verified	huge red crystal
17799	15177	name-verified	huge red crystal
17800	15178	name-verified	huge red crystal
17801	15179	name-verified	huge red crystal
17802	15180	name-verified	huge red crystal
17803	15181	name-verified	huge red crystal
17804	15182	name-verified	huge red crystal
17805	15183	name-verified	huge red crystal
17806	15184	name-verified	huge red crystal
17807	15185	name-verified	huge red crystal
17808	15186	name-verified	huge red crystal
17809	15187	name-verified	huge red crystal
17810	15188	name-verified	huge red crystal
17811	15205	name-verified	mushrooms
17812	15206	name-verified	mushrooms
17813	15207	name-verified	mushrooms
17814	15208	name-verified	mushrooms
17815	15209	name-verified	mushrooms
17816	15210	name-verified	mushrooms
17817	15211	name-verified	mushrooms
17818	15212	name-verified	mushrooms
17819	15213	name-verified	mushrooms
17820	15214	name-verified	mushrooms
17821	15215	name-verified	mushrooms
17822	15216	name-verified	mushrooms
17823	15221	name-verified	crystal wall
17824	15222	name-verified	crystal wall
17825	15223	name-verified	crystal wall
17826	15224	name-verified	crystal wall
17827	15229	name-verified	crystal wall
17828	15230	name-verified	crystal wall
17829	15231	name-verified	crystal wall
17830	15237	name-verified	crystal wall
17831	15238	name-verified	crystal wall
17832	15239	name-verified	crystal wall
17833	15240	name-verified	crystal wall
17834	15251	name-verified	crystal wall
17835	15260	name-verified	crystal wall
17836	15261	name-verified	crystal wall
17837	15262	name-verified	crystal wall
17838	15263	name-verified	crystal wall
17839	15264	name-verified	crystal wall
17840	15265	name-verified	crystal wall
17841	15266	name-verified	crystal wall
17842	15267	name-verified	mossy wall
17843	15268	name-verified	mossy wall
17844	15269	name-verified	crystal wall
17845	15270	name-verified	crystal wall
17846	15271	name-verified	crystal wall
17847	15272	name-verified	crystal wall
17848	15273	name-verified	crystal wall
17849	15274	name-verified	crystal wall
17850	15290	name-verified	crystal wall
17851	15291	name-verified	crystal wall
17852	15292	name-verified	crystal wall
17853	15296	name-verified	crystal wall
17854	15298	name-verified	basalt
17855	15299	name-verified	basalt
17856	15300	name-verified	basalt
17857	15301	name-verified	basalt
17858	15309	name-verified	basalt wall
17859	15311	name-verified	basalt wall
17860	15312	name-verified	basalt wall
17861	15313	name-verified	basalt wall
17862	15314	name-verified	basalt wall
17863	15315	otb-only	crystals
17864	15316	otb-only	crystals
17865	15317	otb-only	crystals
17866	15318	otb-only	crystals
17867	15319	name-verified	large blue crystal
17868	15320	name-verified	large crystal teleporter
17869	15321	name-verified	basalt
17870	15322	name-verified	basalt
17871	15323	name-verified	basalt
17872	15324	name-verified	basalt
17873	15325	name-verified	basalt
17874	15326	name-verified	basalt
17875	15327	name-verified	basalt
17876	15328	name-verified	basalt
17877	15329	name-verified	basalt
17878	15330	name-verified	basalt
17879	15331	name-verified	basalt
17880	15332	name-verified	basalt
17881	15333	name-verified	crystals
17882	15334	name-verified	crystals
17883	15335	name-verified	crystals
17884	15336	name-verified	crystals
17885	15337	name-verified	crystals
17886	15338	name-verified	crystals
17887	15339	name-verified	crystals
17888	15340	name-verified	crystals
17889	15341	name-verified	crystals
17890	15342	name-verified	crystals
17891	15343	name-verified	crystals
17892	15344	name-verified	crystals
17893	15345	name-verified	basalt wall
17894	15347	name-verified	mossy wall
17895	15348	name-verified	mossy wall
17896	15349	name-verified	mossy wall
17897	15350	name-verified	mossy wall
17898	15355	name-verified	mossy wall
17899	15356	otb-only	mountain
17900	15357	otb-only	mountain
17901	15358	otb-only	mountain
17902	15359	otb-only	mountain
17903	15360	otb-only	mountain
17904	15361	otb-only	mountain
17905	15362	otb-only	mountain
17906	15363	otb-only	mountain
17907	15364	otb-only	mountain
17908	15365	otb-only	mountain
17909	15366	otb-only	mountain
17910	15367	otb-only	mountain
17911	15368	otb-only	mountain
17912	15369	otb-only	mountain
17913	15370	otb-only	mountain
17914	15371	otb-only	mountain
17915	15372	otb-only	mountain
17916	15373	otb-only	mountain
17917	15374	otb-only	mountain
17918	15375	otb-only	mountain
17919	15376	otb-only	mountain
17920	15377	otb-only	mountain
17921	15378	otb-only	mountain
17922	15379	otb-only	mountain
17923	15380	otb-only	mountain
17924	15381	otb-only	mountain
17925	15382	otb-only	mountain
17926	15383	otb-only	mountain
17927	15384	otb-only	mountain
17928	15385	otb-only	mountain
17929	15386	otb-only	mountain
17930	15387	otb-only	mountain
17931	15388	otb-only	mountain
17932	15389	otb-only	mountain
17933	15392	name-verified	mossy wall
17934	15393	name-verified	mossy spots
17935	15394	name-verified	mossy spots
17936	15395	name-verified	mossy spots
17937	15396	name-verified	mossy spots
17938	15397	name-verified	mossy spots
17939	15398	name-verified	mossy spots
17940	15408	name-verified	mossy wall
17941	15409	name-verified	mossy wall
17942	15410	name-verified	mossy wall
17943	15411	name-verified	mossy wall
17944	15412	name-verified	mossy wall
17945	15413	name-verified	mossy wall
17946	15414	name-verified	mossy wall
17947	15415	name-verified	mossy wall
17948	15416	name-verified	mossy wall
17949	15417	name-verified	mossy wall
17950	15418	name-verified	mossy wall
17951	15419	name-verified	mossy wall
17952	15420	name-verified	basalt crystal wall
17953	15421	name-verified	basalt crystal wall
17954	15422	name-verified	basalt crystal wall
17955	15423	name-verified	basalt crystal wall
17956	15424	name-verified	basalt crystal wall
17957	15425	name-verified	basalt crystal wall
17958	15426	name-verified	basalt crystal wall
17959	15427	name-verified	basalt crystal wall
17960	15428	name-verified	basalt crystal wall
17961	15429	name-verified	basalt crystal wall
17962	15430	name-verified	basalt crystal wall
17963	15431	name-verified	basalt crystal wall
17964	15432	name-verified	basalt crystal wall
17965	15433	name-verified	basalt crystal wall
17966	15434	name-verified	basalt crystal wall
17967	15435	name-verified	basalt crystal wall
17968	15436	name-verified	basalt crystal wall
17969	15437	name-verified	basalt crystal wall
17970	15438	name-verified	basalt crystal wall
17971	15439	name-verified	basalt crystal wall
17972	15440	name-verified	basalt crystal wall
17973	15441	name-verified	basalt crystal wall
17974	15442	name-verified	basalt crystal wall
17975	15443	name-verified	basalt crystal wall
17976	15444	name-verified	basalt crystal wall
17977	15445	name-verified	basalt crystal wall
17978	15446	name-verified	basalt crystal wall
17979	15447	name-verified	basalt crystal wall
17980	15448	name-verified	basalt crystal wall
17981	15449	name-verified	basalt crystal wall
17982	15450	name-verified	basalt crystal wall
17983	15451	name-verified	basalt crystal wall
17984	15452	name-verified	basalt crystal wall
17985	15453	name-verified	basalt crystal wall
17986	15454	name-verified	mossy wall
17987	15455	name-verified	mossy wall
17988	15456	name-verified	mossy wall
17989	15457	name-verified	mossy wall
17990	15458	name-verified	mossy wall
17991	15459	name-verified	mossy wall
17992	15460	name-verified	mossy wall
17993	15461	name-verified	mossy wall
17994	15462	name-verified	mossy wall
17995	15463	name-verified	mossy wall
17996	15464	name-verified	mossy wall
17997	15465	name-verified	mossy wall
17998	15466	name-verified	crystals
17999	15467	otb-only	blue crystal
18000	15468	name-verified	crystal glass floor
18001	15469	name-verified	crystal glass floor
18002	15470	name-verified	crystal glass floor
18003	15471	name-verified	crystal glass floor
18004	15472	name-verified	crystal glass floor
18005	15484	name-verified	stone block
18006	15485	name-verified	stone block
18007	15486	name-verified	stone block
18008	15487	name-verified	stone block
18009	15488	name-verified	small stream
18010	15489	name-verified	small stream
18011	15490	name-verified	small stream
18012	15491	name-verified	small stream
18013	15492	name-verified	small stream
18014	15493	name-verified	small stream
18015	15494	name-verified	small stream
18016	15495	name-verified	small stream
18017	15496	name-verified	small stream
18018	15497	name-verified	small stream
18019	15498	name-verified	small stream
18020	15499	name-verified	small stream
18021	15500	name-verified	small stream
18022	15501	name-verified	small stream
18023	15502	name-verified	small stream
18024	15503	name-verified	small stream
18025	15504	name-verified	small stream
18026	15505	name-verified	small stream
18027	15506	name-verified	simple bed
18028	15507	name-verified	simple bed
18029	15508	name-verified	simple bed
18030	15509	name-verified	simple bed
18031	15510	name-verified	simple bed
18032	15511	name-verified	simple bed
18033	15512	name-verified	simple bed
18034	15513	name-verified	simple bed
18035	15514	name-verified	simple bed
18036	15515	name-verified	simple bed
18037	15516	name-verified	simple bed
18038	15517	name-verified	simple bed
18039	15518	otb-only	painted mammoth
18040	15519	otb-only	painted mammoth
18041	15520	otb-only	painted mammoth
18042	15521	otb-only	painted mammoth
18043	15522	otb-only	painted deer
18044	15523	otb-only	painted figures
18045	15524	otb-only	painted figures
18046	15525	otb-only	painted deer
18047	15526	otb-only	painted bull
18048	15527	otb-only	painted bull
18049	15528	name-verified	lightsource
18050	15529	name-verified	lightsource
18051	15530	name-verified	lightsource
18052	15531	name-verified	lightsource
18053	15532	name-verified	mushroom sponge
18054	15533	name-verified	mushroom sponge
18055	15534	name-verified	mushroom sponge
18056	15535	name-verified	titanic mushroom
18057	15536	name-verified	titanic mushroom
18058	15537	name-verified	titanic mushroom
18059	15538	name-verified	titanic mushroom
18060	15539	name-verified	titanic mushroom
18061	15540	name-verified	titanic mushroom
18062	15541	name-verified	titanic mushroom
18063	15542	name-verified	titanic mushroom
18064	15543	name-verified	titanic mushroom
18065	15544	name-verified	titanic mushroom
18066	15545	name-verified	titanic mushroom
18067	15546	name-verified	titanic mushroom
18068	15547	name-verified	titanic mushroom
18069	15548	name-verified	titanic mushroom
18070	15549	name-verified	titanic mushroom
18071	15550	name-verified	titanic mushroom
18072	15551	name-verified	titanic mushroom
18073	15552	name-verified	titanic mushroom
18074	15553	name-verified	titanic mushroom
18075	15554	name-verified	titanic mushroom
18076	15555	name-verified	titanic mushroom
18077	15556	name-verified	titanic mushroom
18078	15557	name-verified	titanic mushroom
18079	15558	name-verified	titanic mushroom
18080	15559	name-verified	titanic mushroom
18081	15560	name-verified	titanic mushroom
18082	15561	name-verified	titanic mushroom
18083	15562	name-verified	titanic mushroom
18084	15563	name-verified	titanic mushroom
18085	15564	name-verified	titanic mushroom
18086	15565	name-verified	titanic mushroom
18087	15566	name-verified	titanic mushroom
18088	15567	name-verified	titanic mushroom
18089	15568	name-verified	titanic mushroom
18090	15569	name-verified	titanic mushroom
18091	15570	name-verified	titanic mushroom
18092	15571	name-verified	titanic mushroom
18093	15572	name-verified	titanic mushroom
18094	15573	name-verified	titanic mushroom
18095	15574	name-verified	titanic mushroom
18096	15575	name-verified	titanic mushroom
18097	15576	name-verified	titanic mushroom
18098	15577	name-verified	titanic mushroom
18099	15578	name-verified	titanic mushroom
18100	15579	name-verified	titanic mushroom
18101	15580	name-verified	titanic mushroom
18102	15581	name-verified	titanic mushroom
18103	15582	name-verified	titanic mushroom
18104	15583	name-verified	titanic mushroom
18105	15584	name-verified	mushroom sponge
18106	15585	name-verified	mushroom sponge
18107	15586	name-verified	mushroom sponge
18108	15587	name-verified	mushroom sponge
18109	15588	name-verified	mushroom sponge
18110	15589	name-verified	mushroom sponge
18111	15590	name-verified	mushroom sponge
18112	15591	name-verified	mushroom sponge
18113	15592	name-verified	mushroom sponge
18114	15593	otb-only	mold floor
18115	15594	name-verified	mushroom sponge
18116	15595	name-verified	mushroom sponge
18117	15596	name-verified	wooden floor
18118	15597	name-verified	wooden floor
18119	15598	name-verified	wooden floor
18120	15599	name-verified	wooden floor
18121	15600	name-verified	wooden floor
18122	15601	otb-only	stone
18123	15602	otb-only	stone
18124	15603	otb-only	stone
18125	15604	otb-only	stone
18126	15605	name-verified	wooden floor
18127	15606	name-verified	wooden floor
18128	15607	name-verified	wooden floor
18129	15608	name-verified	wooden floor
18130	15609	otb-only	stone
18131	15610	otb-only	stone
18132	15611	name-verified	stone pillar
18133	15612	name-verified	wooden floor
18134	15613	name-verified	wooden floor
18135	15614	name-verified	wooden floor
18136	15615	name-verified	wooden floor
18137	15616	name-verified	small stream
18138	15616	name-verified	small stream
18139	15618	name-verified	small stream
18140	15619	name-verified	small stream
18141	15620	name-verified	mossy floor
18142	15621	name-verified	mossy floor
18143	15622	name-verified	mossy floor
18144	15623	name-verified	mossy floor
18145	15624	name-verified	mossy floor
18146	15625	name-verified	mossy floor
18147	15626	name-verified	mossy floor
18148	15627	name-verified	mossy floor
18149	15628	name-verified	mossy floor
18150	15629	name-verified	mossy floor
18151	15630	name-verified	mossy floor
18152	15631	name-verified	mossy floor
18153	15632	name-verified	giant carrot
18154	15633	otb-only	statue
18155	15634	name-verified	carrot
18156	15635	name-verified	carrots
18157	15636	name-verified	carrot
18158	15637	name-verified	carrot
18159	15638	name-verified	carrot
18160	15639	name-verified	giant carrot
18161	15640	otb-only	carrot pedestal
18162	15641	name-verified	stone floor
18163	15642	name-verified	stone floor
18164	15643	name-verified	stone floor
18165	15644	name-verified	stone floor
18166	15645	name-verified	stone floor
18167	15646	name-verified	stone floor
18168	15647	name-verified	stone floor
18169	15648	name-verified	stone floor
18170	15649	name-verified	stone floor
18171	15650	name-verified	stone floor
18172	15651	name-verified	stone floor
18173	15652	name-verified	stone floor
18174	15653	name-verified	stone floor
18175	15654	name-verified	stone floor
18176	15655	name-verified	stone floor
18177	15656	name-verified	stone floor
18178	15657	name-verified	stone floor
18179	15658	name-verified	stone floor
18180	15659	name-verified	stone floor
18181	15660	name-verified	stone floor
18182	15661	name-verified	stone floor
18183	15662	name-verified	stone floor
18184	15663	name-verified	stone floor
18185	15664	name-verified	stone floor
18186	15665	name-verified	stone floor
18187	15666	name-verified	stone floor
18188	15667	name-verified	stone floor
18189	15668	name-verified	stone floor
18190	15669	name-verified	stone floor
18191	15670	name-verified	stone floor
18192	15671	name-verified	stone floor
18193	15672	name-verified	stone floor
18194	15673	name-verified	stone floor
18195	15674	name-verified	stone floor
18196	15675	otb-only	carrot pattern
18197	15676	otb-only	bunny pattern
18198	15677	otb-only	bunny pattern
18199	15678	otb-only	bunny pattern
18200	15679	name-verified	stone
18201	15680	name-verified	stone
18202	15681	name-verified	stone
18203	15682	name-verified	stone
18204	15683	name-verified	stone
18205	15684	name-verified	stone
18206	15685	name-verified	stone
18207	15686	name-verified	stone
18208	15687	name-verified	closed door
18209	15688	name-verified	open door
18210	15689	name-verified	shovel
18211	15690	name-verified	lava stream
18212	15691	name-verified	lava stream
18213	15696	name-verified	gnomish extraction crystal
18214	15697	name-verified	gnomish resonance crystal
18215	15698	name-verified	gnomish supply package
18216	15699	name-verified	some mushroom fertilizer
18217	15700	otb-only	luscious mushroom
18218	15701	name-verified	churned ground
18219	15703	name-verified	gnomish repair crystal
18220	15704	name-verified	puffball mushroom
18221	15705	name-verified	red spores
18222	15706	name-verified	green spores
18223	15707	name-verified	blue spores
18224	15708	name-verified	yellow spores
18225	15709	name-verified	crystal cannon
18226	15710	name-verified	target dummy
18227	15711	name-verified	innocent target
18228	15712	name-verified	damaged crystal
18229	15713	name-verified	large crystal
18230	15714	name-verified	large crystal
18231	15715	name-verified	large crystal
18232	15716	name-verified	large crystal
18233	15717	name-verified	basalt floor
18234	15718	otb-only	gnomish ladder
18235	15719	name-verified	icy bones
18236	15720	name-verified	icy bones
18237	15721	name-verified	icy bones
18238	15722	name-verified	icy bones
18239	15723	name-verified	icy bones
18240	15724	name-verified	icy bones
18241	15725	otb-only	icy bone
18242	15726	name-verified	icy bones
18243	15727	name-verified	icy bones
18244	15728	name-verified	icy bones
18245	15729	name-verified	icy bones
18246	15730	name-verified	icy bones
18247	15731	name-verified	icy bones
18248	15732	name-verified	icy bones
18249	15733	name-verified	icy bones
18250	15734	name-verified	icy bones
18251	15735	name-verified	icy bones
18252	15736	name-verified	icy bones
18253	15737	name-verified	icy bones
18254	15738	name-verified	icy bones
18255	15739	name-verified	icy bones
18256	15740	name-verified	icy bones
18257	15741	otb-only	icy bone pillar
18258	15747	otb-only	icy bones
18259	15748	otb-only	icy bones
18260	15749	otb-only	icy bones
18261	15750	otb-only	icy bones
18262	15751	name-verified	icy bone railing
18263	15752	name-verified	icy skull
18264	15753	name-verified	icy skull
18265	15754	name-verified	icy bones
18266	15755	name-verified	icy bones
18267	15756	name-verified	icy bones
18268	15757	name-verified	icy bones
18269	15758	otb-only	frozen bones
18270	15759	name-verified	icy bones
18271	15760	otb-only	bones
18272	15761	name-verified	icy bones
18273	15762	name-verified	icy bones
18274	15763	name-verified	icy bones
18275	15764	name-verified	icy bones
18276	15765	otb-only	icy bone claw
18277	15766	otb-only	icy bone claw
18278	15767	name-verified	icy bone claw
18279	15768	name-verified	icy bone claw
18280	15769	name-verified	icy bone claw
18281	15770	name-verified	icy bone claw
18282	15771	otb-only	frozen bones
18283	15772	otb-only	frozen mammoth tusk
18284	15773	otb-only	frozen mammoth tusk
18285	15774	otb-only	icy mammoth tusk
18286	15775	otb-only	icy mammoth tusk
18287	15776	otb-only	icy mammoth tusk
18288	15777	otb-only	icy mammoth tusk
18289	15778	name-verified	icy mammoth ear
18290	15779	name-verified	icy mammoth ear
18291	15780	name-verified	icy mammoth head
18292	15781	name-verified	icy mammoth head
18293	15782	name-verified	icy mammoth trunk
18294	15783	name-verified	icy mammoth trunk
18295	15784	name-verified	icy mammoth trunk
18296	15785	name-verified	ice stone floor
18297	15786	otb-only	mammoth bones
18298	15787	otb-only	mammoth bones
18299	15788	otb-only	mammoth bone
18300	15789	otb-only	mammoth bone
18301	15790	name-verified	icy bones
18302	15791	name-verified	icy bones
18304	15793	name-verified	crystalline arrow
18305	15794	name-verified	fresh mushroom beer
18306	15795	name-verified	stale mushroom beer
18307	15796	name-verified	damaged crystal
18308	15797	name-verified	large crystal
18309	15798	name-verified	large crystal
18310	15799	name-verified	large crystal
18311	15800	name-verified	large crystal
18312	15801	name-verified	lonely crystal
18313	15802	name-verified	gnomish crystal package
18314	15803	name-verified	lonely crystal
18315	15804	name-verified	lonely crystal
18316	15805	name-verified	lonely crystal
18317	15806	name-verified	lonely crystal
18318	15807	name-verified	lonely crystal
18319	15808	name-verified	lonely crystal
18320	15809	name-verified	large crystal
18321	15810	name-verified	large crystal
18322	15811	name-verified	large crystal
18323	15812	name-verified	large crystal
18324	15813	name-verified	large crystal
18325	15814	name-verified	large crystal
18326	15815	name-verified	large crystal
18327	15816	name-verified	puffball mushroom
18328	15817	name-verified	gnomish spore gatherer
18329	15818	name-verified	gnomish spore gatherer
18330	15819	name-verified	gnomish spore gatherer
18331	15820	name-verified	gnomish spore gatherer
18332	15821	name-verified	gnomish spore gatherer
18333	15822	name-verified	strange stone
18334	15823	name-verified	strange stone
18335	15824	name-verified	strange stone
18336	15825	otb-only	whetstones
18337	15826	name-verified	whetstone
18338	15827	otb-only	harmonic bell
18339	15828	name-verified	little pig
18340	15829	name-verified	mold floor
18341	15830	otb-only	some truffles
18342	15831	name-verified	crystal cannon
18343	15832	name-verified	bell
18344	15833	name-verified	little pig
18345	15834	otb-only	icy stone floor
18346	15835	otb-only	icy stone floor
18347	15836	otb-only	icy stone floor
18348	15837	otb-only	icy stone floor
18349	15838	otb-only	icy stone floor
18350	15839	otb-only	icy stone floor
18351	15840	otb-only	icy stone floor
18352	15841	otb-only	icy stone floor
18353	15842	otb-only	icy stone floor
18354	15843	otb-only	icy stone floor
18355	15844	otb-only	icy stone floor
18356	15845	otb-only	icy stone floor
18357	15846	name-verified	scattered crystals
18358	15847	name-verified	scattered crystals
18359	15848	name-verified	scattered crystals
18360	15849	name-verified	scattered crystals
18361	15850	name-verified	scattered crystals
18362	15851	name-verified	scattered crystals
18363	15852	name-verified	scattered crystals
18364	15853	name-verified	scattered crystals
18365	15854	name-verified	scattered crystals
18366	15855	name-verified	scattered crystals
18367	15856	name-verified	scattered crystals
18368	15857	name-verified	scattered crystals
18369	15858	name-verified	scattered crystals
18370	15859	name-verified	scattered crystals
18371	15860	name-verified	scattered crystals
18372	15861	name-verified	scattered crystals
18373	15862	name-verified	scattered crystals
18374	15864	name-verified	dead stone devourer
18375	15865	name-verified	dead stone devourer
18376	15866	name-verified	dead stone devourer
18377	15867	name-verified	dead stone devourer
18378	15868	name-verified	dead armadile
18379	15869	name-verified	dead armadile
18380	15870	name-verified	dead armadile
18381	15871	name-verified	dead armadile
18382	15872	name-verified	dead humongous fungus
18383	15873	name-verified	dead humongous fungus
18384	16088	name-verified	dead deathstrike
18385	16089	name-verified	dead deathstrike
18386	16090	name-verified	dead deathstrike
18387	16091	name-verified	dead deathstrike
18388	16094	name-verified	crystal lamp
18389	16095	name-verified	lit crystal lamp
18390	16096	name-verified	wand of defiance
18391	16097	name-verified	glowing mushroom
18392	16098	name-verified	lit glowing mushroom
18393	16099	name-verified	mushroom backpack
18394	16100	name-verified	crystal backpack
18395	16101	name-verified	muck remover
18396	16102	name-verified	mucus plug
18397	16103	name-verified	mushroom pie
18398	16104	name-verified	gill gugel
18399	16105	name-verified	gill coat
18400	16106	name-verified	gill legs
18401	16107	name-verified	spellbook of vigilance
18402	16108	name-verified	gill necklace
18403	16109	name-verified	prismatic helmet
18404	16110	name-verified	prismatic armor
18405	16111	name-verified	prismatic legs
18406	16112	name-verified	prismatic boots
18407	16113	name-verified	prismatic necklace
18408	16114	name-verified	prismatic ring
18409	16115	name-verified	wand of everblazing
18410	16116	name-verified	prismatic shield
18411	16117	name-verified	muck rod
18412	16118	name-verified	glacial rod
18413	16119	name-verified	blue crystal shard
18414	16120	name-verified	violet crystal shard
18415	16121	name-verified	green crystal shard
18416	16122	name-verified	green crystal splinter
18417	16123	name-verified	brown crystal splinter
18418	16124	name-verified	blue crystal splinter
18419	16125	name-verified	cyan crystal fragment
18420	16126	name-verified	red crystal fragment
18421	16127	name-verified	green crystal fragment
18422	16128	name-verified	minor crystalline token
18423	16129	name-verified	major crystalline token
18424	16130	name-verified	magma clump
18425	16131	name-verified	blazing bone
18426	16132	name-verified	eye of a weeper
18427	16133	name-verified	pulverized ore
18428	16134	name-verified	cliff strider claw
18429	16135	name-verified	vein of ore
18430	16136	name-verified	deathstrike's snippet
18431	16137	name-verified	stone nose
18432	16138	name-verified	crystalline spikes
18433	16139	name-verified	humongous chunk
18434	16140	name-verified	hideous chunk
18435	16141	name-verified	prismatic bolt
18436	16142	name-verified	drill bolt
18437	16143	name-verified	envenomed arrow
18438	16144	name-verified	dead dragonling
18439	16145	name-verified	dead dragonling
18440	16146	name-verified	dead dragonling
18441	16147	name-verified	dead dragonling
18442	16147	name-verified	dead dragonling
18443	16149	otb-only	dead gnome horticulist
18444	16150	otb-only	dead gnome horticulist
18445	16151	otb-only	dead gnome horticulist
18446	16152	otb-only	dead gnome horticulist
18447	16153	name-verified	iron loadstone
18448	16154	name-verified	glow wine
18449	16155	name-verified	decorative ribbon
18450	16160	name-verified	crystalline sword
18451	16161	name-verified	crystalline axe
18452	16162	name-verified	mycological mace
18453	16163	name-verified	crystal crossbow
18454	16164	name-verified	mycological bow
18455	16165	name-verified	pet pig
18456	16166	name-verified	pet pig
18457	16167	name-verified	teleport crystal
18458	16168	name-verified	green crystal stalagmite
18459	16169	name-verified	large blue crystal
18460	16170	name-verified	large blue crystal
18461	16171	otb-only	blue crystal
18462	16172	otb-only	large hole
18463	16173	otb-only	loose earth
18464	16174	name-verified	crystal glass floor
18465	16175	name-verified	shiny blade
18466	16176	name-verified	dead crystal golem
18467	16177	name-verified	dead crystal golem
18468	16178	name-verified	dead crystal golem
18469	16179	name-verified	dead crystal golem
18470	16180	name-verified	moist wall
18471	16181	name-verified	moist wall
18472	16182	name-verified	treasure chest
18473	16183	name-verified	treasure chest
18474	16184	name-verified	treasure chest
18475	16185	name-verified	dead vulcongra
18476	16186	name-verified	dead vulcongra
18477	16187	name-verified	dead vulcongra
18478	16188	name-verified	dead vulcongra
18479	16185	name-verified	dead vulcongra
18480	16190	name-verified	dead wiggler
18481	16191	name-verified	dead wiggler
18482	16192	name-verified	dead wiggler
18483	16193	name-verified	dead wiggler
18484	16194	name-verified	dead crystalcrusher
18485	16195	name-verified	dead crystalcrusher
18486	16196	name-verified	dead crystalcrusher
18487	16197	name-verified	dead crystalcrusher
18488	16198	name-verified	skill trainer
18489	16199	name-verified	skill trainer
18490	16200	name-verified	skill trainer
18491	16201	name-verified	skill trainer
18492	16202	name-verified	skill trainer
18493	16203	name-verified	timber floor
18494	11316	otb-only	dirt floor
18495	16205	name-verified	gnomevil's hat
18496	16206	name-verified	abyssador's lash
18497	16229	name-verified	tail of abyssador
18498	16230	name-verified	torso of abyssador
18499	16231	name-verified	head of abyssador
18500	16232	name-verified	statue of abyssador
18501	16233	name-verified	legs of deathstrike
18502	16234	name-verified	torso of deathstrike
18503	16235	name-verified	head of deathstrike
18504	16236	name-verified	statue of deathstrike
18505	16237	name-verified	legs of gnomevil
18506	16238	name-verified	torso of gnomevil
18507	16239	name-verified	head of gnomevil
18508	16240	name-verified	statue of gnomevil
18509	16242	name-verified	red teleport crystal
18510	14244	name-verified	treasure chest
18511	16244	name-verified	music box
18512	16246	name-verified	strange symbols
18513	16248	otb-only	large fungus stipe
18514	16249	otb-only	dropping water
18515	16250	otb-only	stalagmites
18516	16251	name-verified	golem wrench
18517	16252	name-verified	gnomish voucher type mb
18518	16253	name-verified	gnomish voucher type ma1
18519	16254	name-verified	gnomish voucher type ma2
18520	16255	name-verified	gnomish voucher type cb
18521	16256	name-verified	gnomish voucher type ca1
18522	16257	name-verified	gnomish voucher type ca2
18526	16262	name-verified	dragon eye
18527	16263	name-verified	dragon eye
18528	16264	name-verified	prismatic ring
18529	16265	otb-only	ramp
18530	16266	otb-only	ramp
18531	16267	otb-only	ramp
18532	16268	otb-only	ramp
18533	16269	otb-only	ramp
18534	16270	otb-only	ramp
18535	16271	otb-only	ramp
18536	16272	otb-only	ramp
18537	13088	name-verified	moist wall
18538	13116	name-verified	moist wall
18539	16007	otb-only	stone wall
18540	16011	name-verified	stone wall
18541	16012	name-verified	stone wall
18542	16014	name-verified	stone wall
18543	16038	name-verified	stone wall
18544	16039	name-verified	stone wall
18545	16040	name-verified	stone wall
18546	16041	name-verified	stone wall
18547	9177	name-verified	voodoo doll
18550	16275	name-verified	noble sword
18551	16276	name-verified	noble sword
18554	16279	name-verified	crystal rubbish
18559	16277	name-verified	adventurer's stone
18560	16280	name-verified	muddy floor
18561	16281	name-verified	muddy floor
18562	16282	name-verified	muddy floor
18563	16283	name-verified	muddy floor
18564	16284	name-verified	muddy floor
18565	16285	name-verified	muddy floor
18566	16286	name-verified	muddy floor
18567	16287	name-verified	muddy floor
18568	16288	name-verified	muddy floor
18569	16289	name-verified	muddy floor
18570	16290	name-verified	muddy floor
18571	16291	name-verified	muddy floor
18572	16292	name-verified	muddy floor
18573	16293	name-verified	muddy floor
18574	16294	name-verified	muddy floor
18575	16295	name-verified	muddy floor
18576	16296	name-verified	muddy floor
18577	16297	name-verified	muddy floor
18578	16298	name-verified	muddy floor
18579	16299	name-verified	muddy floor
18580	16300	name-verified	swamp
18581	16301	name-verified	swamp
18582	16302	name-verified	swamp
18583	16303	name-verified	swamp
18584	16304	name-verified	swamp
18585	16305	name-verified	swamp
18586	16306	name-verified	swamp
18587	16307	name-verified	swamp
18588	16308	name-verified	swamp
18589	16309	name-verified	swamp
18590	16310	name-verified	swamp
18591	16311	name-verified	bog wart
18592	16312	name-verified	bog wart
18593	16313	otb-only	swamp
18594	16314	otb-only	swamp
18595	16315	otb-only	swamp
18596	16316	otb-only	swamp
18597	16317	otb-only	swamp
18598	16318	otb-only	swamp
18599	16319	otb-only	swamp
18600	16320	otb-only	swamp
18601	16321	otb-only	swamp
18602	16322	otb-only	swamp
18603	16323	otb-only	swamp
18604	16324	otb-only	swamp
18605	16325	name-verified	bog wart
18606	16326	name-verified	bog wart
18607	16327	name-verified	bog wart
18608	16328	name-verified	bog wart
18609	16329	name-verified	bog wart
18610	16330	name-verified	bog wart
18611	16331	name-verified	bog wart
18612	16332	name-verified	bog wart
18613	16333	name-verified	muddy stone wall
18614	16334	name-verified	muddy stone wall
18615	16335	name-verified	muddy stone wall
18616	16336	name-verified	muddy stone wall
18617	16337	name-verified	muddy stone wall
18618	16338	name-verified	muddy stone wall
18619	16339	name-verified	muddy stone wall
18620	16340	name-verified	muddy stone wall
18621	16341	name-verified	muddy stone wall
18622	16342	name-verified	muddy stone wall
18623	16343	name-verified	muddy stone wall
18624	16344	name-verified	muddy stone wall
18625	16345	name-verified	muddy stone wall
18626	16346	name-verified	muddy stone wall
18627	16347	name-verified	muddy stone wall
18628	16348	name-verified	muddy stone wall
18629	16349	name-verified	muddy stone wall
18630	16350	name-verified	muddy stone wall
18631	16351	name-verified	muddy stone wall
18632	16352	name-verified	muddy stone wall
18633	16353	name-verified	muddy stone wall
18634	16354	name-verified	muddy stone wall
18635	16355	name-verified	muddy stone wall
18636	16356	name-verified	muddy stone wall
18637	16357	name-verified	muddy stone wall
18638	16358	name-verified	muddy stone wall
18639	16359	name-verified	muddy stone wall
18640	16360	name-verified	muddy stone wall
18641	16361	name-verified	muddy stone wall
18642	16362	name-verified	muddy stone wall
18643	16363	name-verified	muddy stone wall
18644	16364	name-verified	muddy stone wall
18645	16365	name-verified	muddy stone wall
18646	16366	name-verified	muddy stone wall
18647	16367	name-verified	muddy stone wall
18648	16368	name-verified	muddy stone wall
18649	16369	name-verified	muddy stone wall
18650	16370	name-verified	muddy stone wall
18651	16371	name-verified	muddy stone wall
18652	16372	name-verified	muddy stone wall
18653	16373	otb-only	archway
18654	16374	otb-only	archway
18655	16375	otb-only	archway
18656	16376	otb-only	archway
18657	16377	name-verified	whispering willow
18658	16378	name-verified	whispering willow
18659	16379	name-verified	swamp gnarl
18660	16380	otb-only	dread tree
18661	16381	name-verified	choking swamp gnarl
18662	16382	name-verified	choking swamp gnarl
18663	16383	name-verified	mire bough
18664	16384	otb-only	mire bough
18665	16385	name-verified	swamp claw
18666	16386	name-verified	swamp claw
18667	16387	name-verified	giant mud lump
18668	16388	name-verified	giant mud lump
18669	16389	name-verified	giant mud lump
18670	16390	name-verified	giant mud lump
18671	16391	name-verified	big mud lump
18672	16392	name-verified	big mud lump
18673	16393	name-verified	big mud lump
18674	16394	name-verified	big mud lump
18675	16395	name-verified	mud clot
18677	16397	otb-only	big bone
18679	16399	name-verified	mud clot
18682	16402	name-verified	mud ball
18683	16403	name-verified	mud ball
18684	16404	otb-only	mud debris
18685	16405	otb-only	mud debris
18686	16406	otb-only	mud debris
18687	16407	name-verified	mud nugget
18688	16408	name-verified	mud nugget
18689	16409	otb-only	mud stone
18690	16410	otb-only	mud stone
18691	16411	name-verified	stone stings
18692	16412	name-verified	stone lichen
18693	16413	name-verified	stone lichen
18694	16414	name-verified	stone lichen
18695	16415	name-verified	stone lichen
18696	16416	otb-only	mud ball
18697	16417	otb-only	mud ball
18764	16484	name-verified	grimy wooden plank
18765	16485	name-verified	grimy wooden plank
18766	16486	name-verified	grimy wooden plank
18767	16487	name-verified	grimy wooden plank
18768	16488	name-verified	grimy wooden plank
18769	16489	name-verified	grimy wooden plank
18770	16490	name-verified	grimy wooden plank
18771	16491	name-verified	grimy wooden plank
18772	16492	name-verified	grimy wooden plank
18773	16493	name-verified	grimy wooden plank
18774	16494	name-verified	grimy wooden plank
18775	16495	name-verified	grimy wooden plank
18776	16496	name-verified	grimy wooden plank
18777	16497	name-verified	grimy wooden plank
18852	16572	name-verified	wooden treadmill
18853	16573	name-verified	wooden ramp
18854	16574	name-verified	wooden ramp
18855	16575	name-verified	wooden ramp
18856	16576	otb-only	wooden plank
18857	16577	otb-only	wooden plank
18858	16578	name-verified	nails
18859	16579	name-verified	wooden planks
18860	16580	name-verified	wooden planks
18861	16581	name-verified	wooden gable
18862	16582	name-verified	wooden gable
18863	16583	name-verified	wooden strut
18864	16584	name-verified	wooden planks
18865	16585	name-verified	swamp lichen
18866	16586	name-verified	swamp lichen
18867	16587	name-verified	quagmire moss
18868	16588	name-verified	nails
18869	16589	name-verified	nails
18870	16590	name-verified	nails
18871	16591	name-verified	nails
18872	16592	name-verified	nails
18873	16593	name-verified	nails
18874	16594	name-verified	nails
18875	16595	name-verified	wooden planks
18876	16596	name-verified	wooden planks
18877	16597	name-verified	wooden planks
18878	16598	name-verified	wooden planks
18879	16599	name-verified	wooden planks
18880	16600	name-verified	wooden planks
18881	16601	name-verified	wooden strut
18882	16602	otb-only	wooden gable
18883	16603	otb-only	wooden gable
18884	16604	otb-only	wooden gable
18885	16605	otb-only	wooden gable
18886	16606	otb-only	wooden gable
18887	16607	otb-only	wooden gable
18888	16608	name-verified	wooden planks
18889	16609	name-verified	wooden planks
18890	16610	name-verified	wooden planks
18891	16611	name-verified	wooden planks
18892	16612	name-verified	wooden planks
18893	16613	name-verified	wooden planks
18894	16614	name-verified	wooden planks
18895	16615	name-verified	wooden planks
18896	16616	name-verified	quagmire moss
18897	16617	name-verified	quagmire moss
18898	16618	name-verified	quagmire moss
18899	16619	name-verified	quagmire moss
18900	16620	name-verified	quagmire moss
18901	16621	name-verified	quagmire moss
18902	16622	name-verified	grimy wooden plank
18903	16623	name-verified	grimy wooden plank
18904	16624	name-verified	grimy wooden plank
18905	16625	name-verified	grimy wooden plank
18906	16626	name-verified	grimy wooden plank
18907	16627	name-verified	grimy wooden plank
18908	16628	name-verified	grimy wooden plank
18909	16629	name-verified	grimy wooden plank
18910	16630	name-verified	grimy wooden plank
18911	16631	name-verified	grimy wooden plank
18912	16632	name-verified	grimy wooden plank
18913	16633	name-verified	grimy wooden plank
18914	16634	name-verified	grimy wooden plank
18915	16635	name-verified	grimy wooden plank
18916	16636	name-verified	grimy wooden plank
18917	16637	name-verified	grimy wooden plank
18918	16638	name-verified	muddy mountain
18919	16639	name-verified	muddy mountain
18920	16640	name-verified	muddy mountain
18921	16641	name-verified	muddy mountain
18922	16642	name-verified	muddy mountain
18923	16643	name-verified	muddy mountain
18924	16644	name-verified	muddy mountain
18925	16645	name-verified	muddy mountain
18926	16646	name-verified	muddy mountain
18927	16647	name-verified	muddy mountain
18928	16648	name-verified	muddy mountain
18929	16649	name-verified	muddy mountain
18930	16650	otb-only	muddy wall
18931	16651	otb-only	muddy wall
18932	16652	otb-only	muddy wall
18933	16653	otb-only	muddy wall
18934	16654	otb-only	muddy wall
18935	16655	otb-only	muddy wall
18936	16656	otb-only	muddy wall
18937	16657	otb-only	muddy wall
18938	16658	otb-only	muddy wall
18939	16659	otb-only	muddy wall
18940	16660	otb-only	muddy wall
18941	16661	otb-only	muddy wall
18942	16662	otb-only	muddy wall
18943	16663	otb-only	muddy wall
18944	16664	otb-only	muddy wall
18945	16665	otb-only	muddy wall
18946	16666	otb-only	muddy wall
18947	16667	otb-only	clay mountain
18948	16668	otb-only	clay mountain
18949	16669	otb-only	mountain
18950	16670	name-verified	swamp clay mountain
18951	16671	otb-only	mountain
18952	16672	otb-only	clay mountain
18953	16673	otb-only	clay mountain
18954	16674	otb-only	clay mountain
18955	16675	otb-only	mountain
18956	16676	otb-only	mountain
18957	16677	otb-only	mountain
18958	16678	otb-only	clay mountain
18960	16680	name-verified	ramp
18961	16681	name-verified	ramp
18962	16682	name-verified	ramp
18963	16683	name-verified	ramp
18964	16684	name-verified	ramp
18965	16685	name-verified	ramp
18966	16686	name-verified	ramp
18967	16687	name-verified	ramp
18968	16688	name-verified	ramp
18969	16689	name-verified	ramp
18970	16690	name-verified	ramp
18971	16691	name-verified	ramp
18972	16692	name-verified	ramp
18973	16693	name-verified	ramp
18974	16694	name-verified	ramp
18975	16695	name-verified	ramp
18976	16696	name-verified	ramp
18977	16697	name-verified	ramp
18978	16698	name-verified	ramp
18979	16699	name-verified	ramp
18980	16700	name-verified	ramp
18981	16701	name-verified	ramp
18982	16702	name-verified	ramp
18983	16703	name-verified	ramp
19065	16785	name-verified	ramp
19066	16786	name-verified	ramp
19067	16787	name-verified	ramp
19068	16788	name-verified	ramp
19069	16789	name-verified	ramp
19070	16790	name-verified	ramp
19071	16791	name-verified	ramp
19072	16792	name-verified	ramp
19073	16793	otb-only	mountain
19074	16794	otb-only	mountain
19075	16795	otb-only	mountain
19076	16796	otb-only	mountain
19077	16797	otb-only	mountain
19078	16798	otb-only	mountain
19079	16799	otb-only	mountain
19080	16800	otb-only	mountain
19081	16801	otb-only	mountain
19082	16802	otb-only	mountain
19083	16803	otb-only	mountain
19084	16804	otb-only	mountain
19085	16805	otb-only	mountain
19086	16806	otb-only	mountain
19087	16807	otb-only	mountain
19088	16808	otb-only	mountain
19089	16809	otb-only	mountain
19090	16810	otb-only	mountain
19091	16811	otb-only	mountain
19092	16812	otb-only	mountain
19093	16813	otb-only	mountain
19094	16814	otb-only	mountain
19095	16815	otb-only	mountain
19096	16816	otb-only	mountain
19097	16817	otb-only	mountain
19098	16818	otb-only	mountain
19099	16819	otb-only	mountain
19100	16820	otb-only	mountain
19101	16821	otb-only	mountain
19102	16822	otb-only	mountain
19103	16823	otb-only	mountain
19104	16824	otb-only	mountain
19105	16825	otb-only	mountain
19106	16826	otb-only	mountain
19107	16827	otb-only	mountain
19108	16828	otb-only	mountain
19109	16829	otb-only	mountain
19110	16830	otb-only	mountain
19111	16831	otb-only	mountain
19112	16832	otb-only	mountain
19113	16833	otb-only	mountain
19114	16834	otb-only	mountain
19115	16835	otb-only	mountain
19116	16836	otb-only	mountain
19117	16837	otb-only	mountain
19118	16838	otb-only	mountain
19119	16839	otb-only	mountain
19120	16840	otb-only	mountain
19121	16841	otb-only	mountain
19122	16842	otb-only	mountain
19123	16843	otb-only	mountain
19124	16844	otb-only	mountain
19125	16845	otb-only	mountain
19126	16846	otb-only	mountain
19127	16847	otb-only	mountain
19128	16848	otb-only	mountain
19129	16849	otb-only	mountain
19130	16850	otb-only	mountain
19131	16851	otb-only	mountain
19132	16852	otb-only	mountain
19133	16853	otb-only	mountain
19134	16854	otb-only	mountain
19135	16855	otb-only	mountain
19136	16856	otb-only	mountain
19137	16857	otb-only	mountain
19138	16858	otb-only	mountain
19139	16859	otb-only	mountain
19140	16860	otb-only	mountain
19141	16861	otb-only	mountain
19142	16862	otb-only	mountain
19143	16863	otb-only	mountain
19145	16865	name-verified	grass
19146	16866	otb-only	mountain
19147	16867	otb-only	mountain
19148	16868	otb-only	mountain
19149	16869	otb-only	archway
19150	16870	otb-only	archway
19151	16871	otb-only	archway
19152	1624	name-verified	archway
19153	1625	name-verified	archway
19154	1626	name-verified	archway
19155	1627	name-verified	archway
19156	1634	otb-only	archway
19157	1635	otb-only	archway
19158	1636	otb-only	archway
19159	1637	otb-only	archway
19160	7144	otb-only	archway
19161	7143	otb-only	archway
19162	1367	name-verified	archway
19163	1368	name-verified	archway
19164	1369	name-verified	archway
19165	1370	name-verified	archway
19166	1365	name-verified	archway
19167	1366	name-verified	archway
19168	1371	name-verified	archway
19169	1372	name-verified	archway
19170	1403	name-verified	archway
19171	1405	name-verified	archway
19172	1407	name-verified	archway
19173	1404	name-verified	archway
19174	1406	name-verified	archway
19175	1408	name-verified	archway
19176	8419	name-verified	archway
19177	8420	name-verified	archway
19178	8224	name-verified	archway
19179	1482	name-verified	archway
19180	1483	name-verified	archway
19181	1484	name-verified	archway
19182	1485	name-verified	archway
19183	1528	name-verified	archway
19184	1529	name-verified	archway
19185	1530	name-verified	archway
19186	1531	name-verified	archway
19187	1532	name-verified	archway
19188	1533	name-verified	archway
19189	1534	name-verified	archway
19190	1535	name-verified	archway
19191	1565	name-verified	archway
19192	1566	otb-only	archway
19193	1567	name-verified	archway
19194	1568	name-verified	archway
19195	1557	name-verified	archway
19196	1561	name-verified	archway
19197	1593	otb-only	archway
19198	1594	otb-only	archway
19199	1123	otb-only	archway
19200	1124	otb-only	archway
19201	1125	otb-only	archway
19202	1126	otb-only	archway
19203	6174	otb-only	archway
19204	6175	otb-only	archway
19205	6231	otb-only	archway
19206	6232	otb-only	archway
19207	6233	name-verified	archway
19208	6234	name-verified	archway
19209	6235	name-verified	archway
19210	6236	name-verified	archway
19211	6407	otb-only	archway
19212	6408	otb-only	archway
19213	6409	otb-only	archway
19214	6410	otb-only	archway
19215	6411	otb-only	archway
19216	6763	otb-only	archway
19217	6764	otb-only	archway
19218	6765	otb-only	archway
19219	6766	otb-only	archway
19220	6767	otb-only	archway
19221	7061	otb-only	archway
19222	7060	otb-only	archway
19223	6792	otb-only	archway
19224	6803	otb-only	archway
19225	6882	name-verified	archway
19226	6883	name-verified	archway
19227	6884	name-verified	archway
19228	6885	name-verified	archway
19229	6968	otb-only	archway
19230	6969	otb-only	archway
19231	6981	otb-only	archway
19232	6982	otb-only	archway
19233	6983	otb-only	archway
19234	6986	otb-only	archway
19235	7031	name-verified	archway
19236	7032	name-verified	archway
19237	7509	name-verified	archway
19238	7510	name-verified	archway
19239	7511	name-verified	archway
19240	7512	name-verified	archway
19241	7513	name-verified	archway
19242	7514	name-verified	archway
19243	776	name-verified	archway
19244	777	name-verified	archway
19245	778	name-verified	archway
19246	1088	otb-only	archway
19247	1089	otb-only	archway
19248	7704	otb-only	archway
19249	7705	otb-only	archway
19250	7706	otb-only	archway
19251	7707	otb-only	archway
19252	8145	name-verified	archway
19253	8243	name-verified	archway
19254	8244	name-verified	archway
19255	8245	name-verified	archway
19256	8246	name-verified	archway
19257	8247	name-verified	archway
19258	8248	name-verified	archway
19259	8370	name-verified	archway
19260	8371	name-verified	archway
19261	8369	name-verified	archway
19262	8404	name-verified	archway
19263	8405	name-verified	archway
19264	8406	name-verified	archway
19265	8407	name-verified	archway
19266	8408	name-verified	archway
19267	8409	name-verified	archway
19268	8410	name-verified	archway
19269	8765	name-verified	archway
19270	8607	name-verified	archway
19271	8608	name-verified	archway
19272	8609	name-verified	archway
19273	8610	name-verified	archway
19274	8611	name-verified	archway
19275	8612	name-verified	archway
19276	8613	name-verified	archway
19277	8614	name-verified	archway
19278	10478	otb-only	archway
19279	10479	otb-only	archway
19280	10490	otb-only	archway
19281	17001	otb-only	archway
19282	10492	otb-only	archway
19283	17003	otb-only	archway
19284	10489	otb-only	archway
19285	10507	otb-only	archway
19286	12480	otb-only	archway
19287	12481	otb-only	archway
19288	12485	otb-only	archway
19289	12486	otb-only	archway
19290	12861	otb-only	archway
19291	12862	otb-only	archway
19292	12863	otb-only	archway
19293	12864	otb-only	archway
19294	12926	otb-only	archway
19295	12927	otb-only	archway
19296	12992	otb-only	archway
19297	12993	otb-only	archway
19298	12994	otb-only	archway
19299	12995	otb-only	archway
19300	12996	otb-only	archway
19301	12997	otb-only	archway
19302	13123	otb-only	archway
19303	13124	otb-only	archway
19304	13125	name-verified	archway
19305	13126	name-verified	archway
19306	13127	name-verified	archway
19307	13128	name-verified	archway
19308	13129	name-verified	archway
19309	13130	name-verified	archway
19310	13131	name-verified	archway
19311	13923	name-verified	archway
19312	13924	name-verified	archway
19313	13132	name-verified	archway
19314	13133	name-verified	archway
19315	13134	name-verified	archway
19316	13921	name-verified	archway
19317	13922	name-verified	archway
19318	13934	name-verified	archway
19319	13935	name-verified	archway
19320	15736	otb-only	archway
19321	15737	otb-only	archway
19322	15738	otb-only	archway
19323	15739	otb-only	archway
19324	15740	otb-only	archway
19325	16373	otb-only	archway
19326	16374	otb-only	archway
19327	16375	otb-only	archway
19328	16376	otb-only	archway
19329	16869	otb-only	archway
19330	16870	otb-only	archway
19331	16871	otb-only	archway
19332	17052	name-verified	brown stone wall
19333	17053	name-verified	brown stone wall
19334	17054	name-verified	brown stone wall
19335	17055	name-verified	brown stone wall
19336	17056	name-verified	brown stone wall
19337	17057	name-verified	brown stone wall
19338	17058	name-verified	brown stone wall
19339	17059	name-verified	brown stone wall
19340	17060	name-verified	brown stone wall
19341	17061	name-verified	brown stone wall
19342	17062	name-verified	brown stone wall
19343	17063	otb-only	sandstone wall
19344	17064	otb-only	sandstone wall
19345	17065	otb-only	sandstone wall
19346	17066	otb-only	sandstone wall
19347	17067	otb-only	sandstone wall
19348	17068	otb-only	sandstone wall
19349	17069	otb-only	sandstone wall
19350	17070	otb-only	sandstone wall
19351	17071	otb-only	sandstone wall
19352	17072	otb-only	sandstone wall
19353	17073	otb-only	sandstone wall
19354	17074	name-verified	ornate wall
19355	17075	name-verified	ornate wall
19356	17076	name-verified	ornate wall
19357	17077	name-verified	ornate wall
19358	17078	name-verified	ornate wall
19359	17079	name-verified	ornate wall
19360	17080	name-verified	ornate wall
19361	17081	name-verified	ornate wall
19362	17082	name-verified	ornate wall
19363	17083	name-verified	ornate wall
19364	17084	name-verified	ornate wall
19365	17085	name-verified	ornate wall
19366	17086	name-verified	ornate wall
19367	17087	name-verified	ornate wall
19368	17088	name-verified	ornate wall
19369	17089	name-verified	ornate wall
19370	17090	name-verified	ornate wall
19371	17091	name-verified	ornate wall
19372	17092	name-verified	ornate wall
19373	17093	name-verified	ornate wall
19374	17094	name-verified	ornate wall
19375	17095	name-verified	ornate wall
19376	17096	name-verified	stone wall
19377	17097	name-verified	stone wall
19378	17098	name-verified	stone wall
19379	17099	name-verified	stone wall
19380	17100	name-verified	stone wall
19381	17101	name-verified	stone wall
19382	17102	name-verified	stone wall
19383	17103	name-verified	stone wall
19384	17104	name-verified	stone wall
19385	17105	name-verified	stone wall
19386	17106	name-verified	stone wall
19387	17107	name-verified	stone wall
19388	17108	name-verified	stone wall
19389	17109	name-verified	mean knight sword
19390	17110	name-verified	mean paladin spear
19391	17111	name-verified	sorcerer and druid staff
19392	17112	name-verified	sorc and druid attack rune
19393	17113	name-verified	healing rune for druids
19395	17115	otb-only	stone alcove
19396	17116	otb-only	stone alcove
19397	17117	otb-only	stone alcove
19398	17118	otb-only	stone alcove
19399	17119	otb-only	stone alcove
19400	17120	otb-only	stone alcove
19401	17121	name-verified	stone wall
19402	17122	otb-only	stone alcove
19403	17123	name-verified	stone wall
19404	17124	name-verified	stone wall
19405	17125	name-verified	stone wall
19406	17126	name-verified	stone wall
19407	17127	name-verified	stone wall
19408	17128	name-verified	stone wall
19409	17129	name-verified	stone wall
19410	17130	name-verified	stone wall
19411	17131	name-verified	stone wall
19412	17132	name-verified	stone wall
19413	17133	name-verified	stone wall
19414	17134	name-verified	stone wall
19415	17135	name-verified	stone wall
19416	17136	name-verified	stone wall
19417	17137	name-verified	stone wall
19418	17138	name-verified	stone wall
19419	17139	name-verified	stone wall
19420	17140	name-verified	stone wall
19421	17141	name-verified	window
19422	17142	name-verified	window
19423	17143	name-verified	window
19424	17144	name-verified	window
19425	17145	name-verified	window
19426	17146	name-verified	window
19427	17147	name-verified	window
19428	17148	name-verified	window
19429	17149	name-verified	window
19431	17151	name-verified	freshly cut venorean spice
19432	17152	name-verified	growing venorean spice
19433	17153	name-verified	venorean spice
19434	17154	name-verified	window
19435	17155	name-verified	window
19436	17156	name-verified	window
19437	17157	name-verified	window
19438	17158	name-verified	window
19439	17159	name-verified	window
19440	17160	name-verified	window
19441	17161	name-verified	window
19442	17162	name-verified	window
19443	17163	name-verified	window
19444	17164	otb-only	small window
19445	17165	name-verified	window
19446	17166	otb-only	small window
19447	17167	otb-only	small window
19448	17168	otb-only	small window
19449	17169	otb-only	small window
19450	17170	otb-only	small window
19451	17171	name-verified	stone archway
19452	17172	name-verified	stone archway
19453	17173	name-verified	stone archway
19454	17174	name-verified	stone archway
19455	17175	name-verified	stone archway
19456	17176	name-verified	stone archway
19457	17177	name-verified	stone archway
19458	17178	name-verified	stone archway
19459	17179	name-verified	stone archway
19460	17180	name-verified	stone archway
19461	17181	name-verified	stone archway
19462	17182	name-verified	stone archway
19463	17183	name-verified	stone pillars
19464	17184	name-verified	stone pillars
19465	17185	name-verified	stone pillars
19466	17186	name-verified	stone pillars
19467	17187	name-verified	stone pillars
19468	17188	name-verified	stone pillars
19469	17189	name-verified	stone pillar
19470	17190	name-verified	stone pillar
19471	17191	name-verified	stone pillar
19472	17192	name-verified	stone pillar
19473	17193	name-verified	stone pillar
19474	17194	name-verified	stone pillar
19475	17195	name-verified	stone wall
19476	17196	name-verified	stone wall
19477	17197	name-verified	stone wall
19478	17198	name-verified	stone wall
19479	17199	name-verified	stone wall
19480	17200	name-verified	stone wall
19481	17201	name-verified	brick wall
19482	17202	name-verified	brick wall
19483	17203	name-verified	muddy brick wall
19484	17204	name-verified	muddy brick wall
19485	17205	name-verified	brick wall
19486	17206	name-verified	brick wall
19487	17207	name-verified	muddy brick wall
19488	17208	name-verified	muddy brick wall
19489	17209	name-verified	brick wall
19490	17210	name-verified	brick wall
19491	17211	name-verified	brick wall
19492	17212	otb-only	brick wall
19493	17213	name-verified	brick wall
19494	17214	name-verified	brick wall
19495	17215	name-verified	brick wall
19496	17216	name-verified	brick wall
19497	17217	otb-only	brick wall
19498	17218	name-verified	muddy brick wall
19499	17219	name-verified	muddy brick wall
19500	17220	name-verified	muddy brick wall
19501	17221	name-verified	muddy brick wall
19502	17222	otb-only	muddy brick wall
19503	17223	name-verified	muddy brick wall
19504	17224	name-verified	muddy brick wall
19506	17226	name-verified	mud pile
19507	17227	name-verified	mud pile
19508	17228	name-verified	wooden treadmill
19509	17229	name-verified	wooden cabin
19510	17230	otb-only	broken wooden ladder
19511	17231	name-verified	wooden scaffolding
19512	17232	name-verified	small wooden fence
19513	17233	name-verified	small wooden fence
19514	17234	name-verified	small wooden fence
19515	17235	name-verified	wooden ramp
19516	17236	name-verified	wooden ramp
19517	17237	name-verified	wooden ramp
19518	17238	name-verified	muddy floor
19519	17239	name-verified	hole
19540	17260	otb-only	mud
19541	17261	otb-only	mud
19542	17262	otb-only	mud
19543	17263	otb-only	mud
19544	17264	otb-only	mud
19545	17265	otb-only	mud
19546	17266	otb-only	mud
19547	17267	otb-only	mud
19548	17268	otb-only	mud
19549	17269	otb-only	mud
19550	17270	otb-only	mud
19551	17271	otb-only	mud
19552	17272	otb-only	mud
19553	17273	otb-only	mud
19554	17274	otb-only	mud
19555	17275	otb-only	mud
19556	17276	otb-only	mud
19557	17277	otb-only	mud
19558	17278	otb-only	mud
19559	17279	otb-only	mud
19560	17280	otb-only	clay
19561	17281	otb-only	clay
19562	17282	otb-only	clay
19563	17283	otb-only	clay
19564	17284	otb-only	clay
19565	17285	otb-only	clay
19566	17286	otb-only	clay
19567	17287	otb-only	clay
19568	17288	otb-only	clay
19569	17289	otb-only	clay
19570	17290	otb-only	clay
19571	17291	otb-only	clay
19572	17292	otb-only	clay
19573	17293	otb-only	clay
19574	17294	otb-only	clay
19575	17295	otb-only	clay
19576	17296	otb-only	clay
19577	17297	otb-only	clay
19578	17298	otb-only	clay
19579	17299	otb-only	clay
19580	17300	otb-only	small statue
19581	17301	otb-only	small statue
19582	17302	otb-only	small statue
19583	17303	otb-only	small statue
19584	17304	otb-only	small statue
19585	17305	otb-only	small statue
19586	17306	otb-only	small statue
19587	17307	otb-only	small statue
19588	17308	otb-only	small statue
19589	17309	otb-only	small statue
19590	17310	otb-only	border
19591	17311	otb-only	border
19592	17312	otb-only	border
19593	17313	otb-only	border
19594	17314	otb-only	border
19595	17315	otb-only	archway
19596	17316	name-verified	cobbled pavement
19598	17318	name-verified	magic door
19599	17319	name-verified	magic door
19600	17320	name-verified	magic door
19601	17321	name-verified	magic door
19603	17323	name-verified	pillar railing
19604	17324	name-verified	pillar railing
19605	17325	name-verified	pillar railing
19606	17326	name-verified	pillar railing
19607	17327	otb-only	pillar plinth
19608	17328	otb-only	pillar plinth
19609	17329	otb-only	pillar plinth
19610	17330	name-verified	ornament
19611	17331	name-verified	ornament
19612	17332	name-verified	ornament
19613	17333	name-verified	ornament
19614	17334	name-verified	ornament
19615	17335	name-verified	ornament
19616	17336	name-verified	pencil tower
19617	17337	name-verified	pencil tower
19618	17338	name-verified	pencil tower
19619	17339	name-verified	copper roof
19620	17340	name-verified	socket
19621	17341	name-verified	golden statue
19622	17342	name-verified	golden statue
19623	17343	name-verified	golden statue
19624	17344	name-verified	golden statue
19625	17345	otb-only	golden statue
19626	17346	name-verified	ornate tapestry
19627	17347	name-verified	ornate tapestry
19628	17348	name-verified	ornate tapestry
19629	17349	name-verified	ornate tapestry
19630	17350	name-verified	ornate tapestry
19631	17351	name-verified	ornate tapestry
19632	17352	name-verified	ornate tapestry
19633	17353	name-verified	cabinet
19634	17354	name-verified	cabinet
19635	17355	name-verified	wardrobe
19636	17356	name-verified	wardrobe
19637	17357	name-verified	drawer
19638	17358	name-verified	drawer
19639	17359	name-verified	venorean chair
19640	17360	name-verified	venorean chair
19641	17361	name-verified	venorean chair
19642	17362	name-verified	venorean chair
19643	17363	name-verified	venorean stool
19644	17364	name-verified	venorean stool
19645	17365	name-verified	venorean stool
19646	17366	name-verified	venorean stool
19647	17367	name-verified	kidney table
19648	17368	name-verified	venorean bench
19649	17369	name-verified	venorean bench
19650	17370	name-verified	venorean bench
19651	17371	name-verified	venorean bench
19652	17372	name-verified	ficus benjamina
19653	17373	name-verified	areca palm
19654	17374	name-verified	big venorean table
19655	17375	name-verified	big venorean table
19656	17376	name-verified	big venorean table
19657	17377	name-verified	counter
19658	17378	name-verified	counter
19659	17379	name-verified	counter
19660	17380	name-verified	big venorean table
19661	17381	name-verified	big venorean table
19662	17382	name-verified	big venorean table
19663	17383	name-verified	counter
19664	17384	name-verified	counter
19665	17385	name-verified	counter
19666	17386	name-verified	counter
19667	17387	name-verified	counter
19668	17388	name-verified	counter
19669	17389	name-verified	counter
19670	17390	name-verified	counter
19671	17391	name-verified	counter
19672	17392	name-verified	counter
19673	17393	name-verified	counter
19674	17394	name-verified	stairs
19675	17395	name-verified	stairs
19676	17396	name-verified	ornate carpet
19677	17397	name-verified	ornate carpet
19678	17398	name-verified	ornate carpet
19679	17399	name-verified	ornate carpet
19680	17400	name-verified	ornate carpet
19681	17401	name-verified	ornate carpet
19682	17402	name-verified	ornate carpet
19683	17403	name-verified	ornate carpet
19684	17404	otb-only	venorean carpet
19685	17405	name-verified	saw
19686	17406	name-verified	saw
19687	17407	name-verified	crane
19688	17408	name-verified	crane
19689	17409	name-verified	street lamp
19690	17410	name-verified	street lamp
19691	17411	name-verified	street lamp
19692	17412	name-verified	street lamp
19693	17413	name-verified	candelabra
19694	17414	name-verified	candelabra
19695	17415	name-verified	lit candle
19696	17416	name-verified	candle
19697	17417	name-verified	candle
19698	17418	name-verified	lit candle
19701	17421	name-verified	dead water buffalo
19702	17422	name-verified	dead water buffalo
19703	17423	name-verified	dead water buffalo
19704	17424	name-verified	dead water buffalo
19705	17425	name-verified	dead drillworm
19706	17426	name-verified	dead emerald damselfly
19707	17427	name-verified	dead salamander
19708	17428	name-verified	dead marsh stalker
19709	17429	name-verified	dead pigeon
19710	17430	name-verified	dead drillworm
19711	17431	name-verified	dead drillworm
19712	17432	name-verified	dead drillworm
19713	17433	name-verified	dead emerald damselfly
19714	17434	name-verified	dead emerald damselfly
19715	17435	name-verified	dead emerald damselfly
19716	17436	name-verified	dead salamander
19717	17437	name-verified	dead salamander
19718	17438	name-verified	dead salamander
19719	17439	name-verified	dead marsh stalker
19720	17440	name-verified	dead marsh stalker
19721	17441	name-verified	dead marsh stalker
19722	17442	name-verified	dead pigeon
19723	17443	name-verified	dead pigeon
19724	17444	name-verified	dead pigeon
19725	17445	name-verified	dead corym charlatan
19726	17446	name-verified	dead corym skirmisher
19727	17447	name-verified	dead corym vanguard
19728	17448	name-verified	dead corym charlatan
19729	17449	name-verified	dead corym charlatan
19730	17450	name-verified	dead corym charlatan
19731	17451	name-verified	dead corym skirmisher
19732	17452	name-verified	dead corym skirmisher
19733	17453	name-verified	dead corym skirmisher
19734	17454	name-verified	dead corym vanguard
19735	17455	name-verified	dead corym vanguard
19736	17456	name-verified	dead corym vanguard
19737	17457	name-verified	insectoid eggs
19738	17458	name-verified	damselfly wing
19741	17461	name-verified	marsh stalker beak
19742	17462	name-verified	marsh stalker feather
19743	17463	name-verified	damselfly eye
19744	17464	name-verified	cobblestone
19745	17465	name-verified	cobblestone
19746	17466	name-verified	cobblestone
19747	17467	name-verified	cobblestone
19748	17468	name-verified	cobblestone
19749	17469	otb-only	kerbstone
19750	17470	otb-only	kerbstone
19751	17471	otb-only	kerbstone
19752	17472	otb-only	kerbstone
19753	17473	otb-only	kerbstone
19754	17474	otb-only	kerbstone
19755	17475	otb-only	kerbstone
19756	17476	otb-only	kerbstone
19757	17477	otb-only	kerbstone
19758	17478	otb-only	kerbstone
19759	17479	otb-only	kerbstone
19760	17480	otb-only	kerbstone
19761	17481	name-verified	cobblestone
19762	17482	name-verified	cobblestone
19763	17483	name-verified	cobblestone
19764	17484	name-verified	cobblestone
19765	17485	name-verified	cobblestone
19766	17486	name-verified	cobblestone
19767	17487	name-verified	cobblestone
19768	17488	name-verified	cobblestone
19769	17489	name-verified	cobblestone
19770	17490	name-verified	cobblestone
19771	17491	name-verified	cobblestone
19772	17492	name-verified	cobblestone
19773	17493	name-verified	plaster
19774	17494	name-verified	plaster
19775	17495	name-verified	plaster
19776	17496	name-verified	plaster
19777	17497	name-verified	plaster
19778	17498	name-verified	plaster
19779	17499	name-verified	plaster
19780	17500	name-verified	plaster
19781	17501	name-verified	plaster
19782	17502	name-verified	plaster
19783	17503	name-verified	plaster
19784	17504	name-verified	plaster
19785	17505	name-verified	plaster
19786	17506	name-verified	plaster
19787	17507	name-verified	plaster
19788	17508	name-verified	plaster
19789	17509	name-verified	plaster
19790	17510	name-verified	plaster
19791	17511	name-verified	tiny healing rune
19792	17512	name-verified	lightest magic missile rune
19793	17513	name-verified	can of oil
19794	17514	name-verified	pathfinder kit
19795	17515	name-verified	wooden treadmill
19796	17516	name-verified	parquet floor
19797	17517	name-verified	parquet floor
19798	17518	name-verified	parquet floor
19800	17520	name-verified	wooden treadmill
19801	17521	name-verified	saw
19802	17522	name-verified	saw
19803	17523	name-verified	crane
19804	17524	name-verified	crane
19805	17525	name-verified	oculus
19806	17526	name-verified	oculus
19808	17528	name-verified	small window
19809	17529	name-verified	small window
19810	17530	name-verified	small window
19811	17531	name-verified	small window
19812	17532	otb-only	parquet
19813	17533	otb-only	parquet
19814	17534	otb-only	parquet
19815	17535	otb-only	parquet
19816	17536	otb-only	parquet
19817	17537	otb-only	parquet
19818	17538	otb-only	parquet
19819	17539	otb-only	parquet
19820	17540	otb-only	parquet
19821	17541	otb-only	parquet
19822	17542	otb-only	parquet
19823	17543	otb-only	parquet
19824	17544	name-verified	terracotta
19825	17545	name-verified	terracotta
19826	17546	name-verified	terracotta
19827	17547	name-verified	terracotta
19828	17548	name-verified	terracotta
19829	17549	name-verified	terracotta
19830	17550	name-verified	terracotta
19831	17551	name-verified	terracotta
19832	17552	name-verified	terracotta
19833	17553	otb-only	parquet
19834	17554	name-verified	terracotta
19835	17555	name-verified	terracotta
19836	17556	name-verified	terracotta
19837	17557	name-verified	terracotta
19838	17558	name-verified	terracotta
19839	17559	name-verified	terracotta
19840	17560	name-verified	closed door
19841	17561	name-verified	closed door
19842	17562	name-verified	open door
19843	17563	name-verified	closed door
19844	17564	name-verified	open door
19845	17565	name-verified	gate of expertise
19846	17566	name-verified	gate of expertise
19847	17567	name-verified	closed door
19848	17568	name-verified	open door
19849	17569	name-verified	closed door
19850	17570	name-verified	closed door
19851	17571	name-verified	open door
19852	17572	name-verified	closed door
19853	17573	name-verified	open door
19854	17574	name-verified	gate of expertise
19855	17575	name-verified	gate of expertise
19856	17576	name-verified	closed door
19857	17577	name-verified	open door
19858	17578	name-verified	roof
19859	17579	name-verified	roof
19860	17580	name-verified	roof
19861	17581	name-verified	roof
19862	17582	name-verified	roof
19863	17583	name-verified	roof
19864	17584	name-verified	roof
19865	17585	name-verified	roof
19866	17586	name-verified	roof
19867	17587	name-verified	roof
19868	17588	name-verified	roof
19869	17589	name-verified	roof
19870	17590	name-verified	roof
19871	17591	name-verified	roof
19872	17592	name-verified	roof
19873	17593	name-verified	roof
19874	17594	name-verified	roof
19875	17595	name-verified	roof
19876	17596	name-verified	roof
19877	17597	name-verified	roof
19881	17601	name-verified	swamp
19882	17602	name-verified	swamp
19883	17603	name-verified	swamp
19884	17604	name-verified	swamp
19885	17605	name-verified	swamp
19886	17606	name-verified	swamp
19887	17607	name-verified	swamp
19888	17609	name-verified	swamp
19889	17609	name-verified	swamp
19890	17610	name-verified	swamp
19891	17611	name-verified	swamp
19892	17612	name-verified	swamp
19893	17613	name-verified	swamp
19894	17614	name-verified	swamp
19895	17615	name-verified	swamp
19896	17616	name-verified	swamp
19897	17617	name-verified	grind stone
19898	17618	name-verified	pillar railing
19899	17619	name-verified	pillar railing
19900	17620	name-verified	pillar railing
19901	17621	name-verified	pillar railing
19902	17622	name-verified	dead swampling
19903	17623	name-verified	dead swampling
19904	17624	name-verified	dead swampling
19905	17625	name-verified	dead swampling
19906	17626	name-verified	window
19907	17627	name-verified	window
19908	17628	name-verified	window
19909	17629	name-verified	window
19910	17630	name-verified	roof
19911	17631	name-verified	roof
19912	17632	name-verified	roof
19913	17633	name-verified	roof
19914	17634	name-verified	roof
19915	17635	name-verified	roof
19916	17636	name-verified	roof
19917	17637	name-verified	roof
19918	17638	name-verified	roof
19919	17639	name-verified	roof
19920	17640	name-verified	roof
19921	17641	name-verified	roof
19922	17642	name-verified	roof
19923	17643	name-verified	roof
19924	17644	name-verified	roof
19925	17645	name-verified	roof
19926	17646	name-verified	roof
19927	17647	name-verified	roof
19928	17648	name-verified	roof
19929	17649	name-verified	roof
19930	17650	name-verified	roof
19931	17651	name-verified	roof
19932	17652	name-verified	beams
19933	17653	name-verified	beams
19934	17654	name-verified	beams
19935	17655	name-verified	beams
19936	17656	name-verified	beams
19937	17657	name-verified	beams
19938	17658	name-verified	roof
19939	17659	name-verified	roof
19940	17660	name-verified	roof
19941	17661	name-verified	roof
19942	17662	name-verified	roof
19943	17663	name-verified	roof
19944	17664	name-verified	roof
19945	17665	name-verified	roof
19946	17666	otb-only	rock soil
19947	17667	otb-only	swamp mud
19948	17668	name-verified	advertisement sign
19949	17669	name-verified	guardcatcher
19950	17670	name-verified	perfume gatherer
19951	17671	name-verified	bottle with rat urine
19952	17672	name-verified	perfume gatherer
19953	17673	name-verified	perfume gatherer
19954	17674	name-verified	perfume gatherer
19955	17675	name-verified	perfume gatherer
19956	17676	name-verified	trunkhammer
19957	17677	name-verified	junk trunk
19958	17678	name-verified	smashed trunk
19959	17679	name-verified	cracked stone
19960	17680	name-verified	advertisement sign
19961	17681	name-verified	black swamp gas
19962	17682	name-verified	dead lost husher
19963	17683	name-verified	dead lost basher
19964	17684	name-verified	dead lost husher
19965	17685	name-verified	dead lost husher
19966	17686	name-verified	dead lost husher
19967	17687	name-verified	dead lost basher
19968	17688	name-verified	dead lost basher
19969	17689	name-verified	dead lost basher
19970	17690	otb-only	dead little charlatan
19971	17691	otb-only	dead little charlatan
19972	17692	otb-only	dead little charlatan
19973	17693	otb-only	dead little charlatan
19974	17694	name-verified	window
19975	17695	name-verified	window
19976	17696	otb-only	stone socket
19977	17697	otb-only	stone socket
19978	17698	otb-only	stone socket
19979	17699	otb-only	stone socket
19980	17700	name-verified	closed door
19981	17701	name-verified	closed door
19982	17702	name-verified	open door
19983	17703	name-verified	closed door
19984	17704	name-verified	open door
19985	17705	name-verified	gate of expertise
19986	17706	name-verified	gate of expertise
19987	17707	name-verified	closed door
19988	17708	name-verified	open door
19989	17709	name-verified	closed door
19990	17710	name-verified	closed door
19991	17711	name-verified	open door
19992	17712	name-verified	closed door
19993	17713	name-verified	open door
19994	17714	name-verified	gate of expertise
19995	17715	name-verified	gate of expertise
19996	17716	name-verified	closed door
19997	17717	name-verified	open door
19998	17718	name-verified	dead lost thrower
19999	17719	name-verified	dead lost thrower
20000	17720	name-verified	dead lost thrower
20001	17721	name-verified	dead lost thrower
20002	17722	name-verified	hourglass
20003	17723	name-verified	filigree statue
20004	17724	name-verified	filigree statue
20005	17725	name-verified	sign
20006	17726	name-verified	sign
20007	17727	name-verified	sign
20008	17728	name-verified	sign
20009	17729	name-verified	sign
20010	17730	name-verified	sign
20011	17731	name-verified	sign
20012	17732	name-verified	sign
20013	17733	name-verified	sign
20014	17734	name-verified	sign
20015	17735	name-verified	sign
20016	17736	name-verified	sign
20017	17737	name-verified	sign
20018	17738	name-verified	sign
20019	17739	name-verified	sign
20020	17740	name-verified	sign
20021	17741	name-verified	sign
20022	17742	name-verified	sign
20023	17743	name-verified	sign
20024	17744	name-verified	sign
20025	17745	name-verified	sign
20026	17746	name-verified	sign
20027	17747	name-verified	sign
20028	17748	name-verified	sign
20029	17749	name-verified	sign
20030	17750	name-verified	sign
20031	17751	name-verified	sign
20032	17752	name-verified	sign
20033	17753	name-verified	sign
20034	17754	name-verified	sign
20035	17755	name-verified	sign
20036	17756	name-verified	sign
20037	17757	name-verified	sign
20038	17758	name-verified	sign
20039	17759	name-verified	sign
20040	17760	name-verified	sign
20041	17761	name-verified	sign
20042	17762	name-verified	sign
20043	17763	name-verified	sign
20044	17764	name-verified	sign
20045	17765	name-verified	sign
20046	17766	name-verified	sign
20047	17767	name-verified	sign
20048	17768	name-verified	sign
20049	17769	name-verified	sign
20050	17770	name-verified	sign
20051	17771	name-verified	sign
20052	17772	name-verified	sign
20053	17773	name-verified	sign
20054	17774	name-verified	sign
20055	17775	name-verified	sign
20056	17776	name-verified	sign
20057	17777	name-verified	sign
20058	17778	name-verified	sign
20059	17779	name-verified	sign
20060	17780	name-verified	sign
20061	17781	name-verified	sign
20062	17782	name-verified	sign
20063	17783	name-verified	sign
20064	17784	name-verified	sign
20065	17785	name-verified	sign
20066	17786	name-verified	sign
20067	17787	name-verified	sign
20068	17788	name-verified	sign
20069	17789	name-verified	sign
20070	17790	name-verified	sign
20071	17791	name-verified	sign
20072	17792	name-verified	sign
20073	17793	otb-only	steamship station sign
20074	17794	otb-only	steamship station sign
20075	17795	otb-only	magic carpet sign
20076	17796	otb-only	magic carpet sign
20077	17797	otb-only	harbour sign
20078	17798	otb-only	harbour sign
20079	17799	otb-only	bank sign
20080	17800	otb-only	bank sign
20081	17801	name-verified	oriel window
20082	17802	name-verified	oriel window
20083	17803	name-verified	roof
20084	17804	name-verified	roof
20085	17805	name-verified	roof
20086	17806	name-verified	roof
20087	17807	otb-only	blocked cave entrance
20088	17808	otb-only	blocked cave entrance
20089	17809	name-verified	bola
20090	17810	name-verified	spike shield
20092	17812	name-verified	ratana
20093	17813	name-verified	life preserver
20094	17814	name-verified	swamp lichen
20095	17815	name-verified	swamp lichen
20096	17816	name-verified	swamp lichen
20097	17817	name-verified	cheese cutter
20098	17818	name-verified	cheesy figurine
20099	17819	name-verified	earflap
20100	17820	name-verified	soft cheese
20101	17821	name-verified	rat cheese
20102	17822	name-verified	swampling moss
20103	17823	name-verified	piece of swampling wood
20104	17824	name-verified	swampling club
20105	17825	name-verified	rat god doll
20106	17826	name-verified	lost basher's spike
20107	17827	name-verified	bloody dwarven beard
20108	17828	name-verified	pair of iron fists
20109	17829	name-verified	buckle
20110	17830	name-verified	bonecarving knife
20111	17831	name-verified	bone fetish
20112	17832	otb-only	beam
20113	17833	otb-only	beam
20114	17834	otb-only	flagpole
20115	17835	otb-only	flagpole
20116	17836	otb-only	red and white flags
20117	17837	otb-only	red and white flags
20118	17838	otb-only	red and white flags
20119	17839	otb-only	red and white flags
20120	17840	otb-only	red and white flags
20121	17841	otb-only	red and white flags
20122	17842	otb-only	vignette
20123	17843	otb-only	vignette
20124	17844	otb-only	mark
20125	17845	otb-only	mark
20126	17846	name-verified	leather harness
20127	17847	name-verified	wimp tooth chain
20128	17848	name-verified	lost husher's staff
20129	17849	name-verified	skull shatterer
20130	17850	name-verified	holy ash
20131	17851	name-verified	broken throwing axe
20132	17852	name-verified	helmet of the lost
20133	17853	name-verified	lost bracers
20134	17854	name-verified	mad froth
20135	17855	name-verified	red hair dye
20136	17856	name-verified	basalt fetish
20137	17857	name-verified	basalt figurine
20138	17858	name-verified	leech
20139	17859	name-verified	spiky club
20140	17860	name-verified	low stone wall
20141	17861	name-verified	low stone wall
20142	17862	name-verified	sign
20143	17863	name-verified	sign
20144	17864	name-verified	sign
20145	17865	name-verified	sign
20146	17866	name-verified	sign
20147	17867	name-verified	sign
20148	17868	name-verified	pillar railing
20149	17869	name-verified	pillar railing
20150	17870	name-verified	bookcase
20151	17871	name-verified	bookcase
20152	17872	name-verified	bookcase
20153	17873	name-verified	bookcase
20154	17874	name-verified	wet timbers
20155	17875	name-verified	wet timbers
20156	17876	name-verified	wet timber
20157	17877	name-verified	wet timber
20158	17878	name-verified	wet timber
20159	17879	name-verified	wet timbers
20160	17880	name-verified	wet timbers
20161	17881	name-verified	barnacles
20162	17882	name-verified	barnacles
20163	17883	name-verified	barnacles
20164	17884	name-verified	crenellations
20165	17885	name-verified	crenellations
20166	17886	name-verified	low stone wall
20167	17887	name-verified	low stone wall
20168	17888	name-verified	stone archway
20169	17889	name-verified	stone archway
20170	17890	name-verified	stone archway
20171	17891	name-verified	stone archway
20172	17892	name-verified	stone archway
20173	17893	otb-only	stone socket
20174	17894	otb-only	stone socket
20175	17895	name-verified	crenellations
20176	17896	name-verified	stone archway
20177	17897	otb-only	venorean spice
20178	17898	otb-only	venorean spice
20179	17899	name-verified	stone archway
20180	17900	name-verified	window
20181	17901	name-verified	small window
20182	17902	name-verified	window
20183	17903	name-verified	window
20184	17904	name-verified	small window
20185	17905	name-verified	window
20186	17906	name-verified	canopy bed
20187	17907	name-verified	canopy bed
20188	17908	name-verified	canopy bed
20189	17909	name-verified	canopy bed
20190	17910	name-verified	stone archway
20191	17911	name-verified	stone archway
20192	17912	name-verified	stone archway
20193	17913	name-verified	gate
20194	17914	name-verified	gate
20195	17915	otb-only	crenellations
20196	17916	otb-only	crenellations
20197	17917	name-verified	canopy bed
20198	17918	name-verified	canopy bed
20199	17919	name-verified	canopy bed
20200	17920	name-verified	canopy bed
20201	17921	name-verified	canopy bed
20202	17922	name-verified	canopy bed
20203	17923	name-verified	canopy bed
20204	17924	name-verified	canopy bed
20205	17925	name-verified	canopy bed
20206	17926	name-verified	canopy bed
20207	17927	name-verified	canopy bed
20208	17928	name-verified	canopy bed
20209	17929	name-verified	small wooden fence
20210	17930	name-verified	small wooden fence
20211	17931	name-verified	small wooden fence
20212	17932	name-verified	small wooden fence
20213	17933	name-verified	wooden gable
20214	17934	name-verified	wooden gable
20215	17935	name-verified	wooden gable
20217	17937	name-verified	wooden floor
20218	17938	name-verified	elevator
20219	17939	name-verified	elevator
20220	17940	name-verified	winch
20221	17941	name-verified	winch
20222	17942	name-verified	elevator
20223	17943	otb-only	elevator
20224	17944	name-verified	winch
20225	17945	name-verified	winch
20226	17946	name-verified	elevator
20227	17947	name-verified	elevator
20230	17950	name-verified	swamp
20231	17951	name-verified	portrait of the merchant
20232	17952	name-verified	portrait of the merchant
20233	17953	name-verified	portrait of the merchant
20234	17954	name-verified	portrait of the merchant
20235	17955	name-verified	portrait of the merchant
20236	17956	name-verified	portrait of the merchant
20237	17957	name-verified	statue of the merchant
20238	17958	name-verified	statue of the merchant
20239	17959	name-verified	pendulum clock
20240	17960	name-verified	pendulum clock
20241	17961	otb-only	drawer cabinet
20242	17962	otb-only	drawer cabinet
20243	17963	name-verified	cord
20244	17964	name-verified	cord
20245	17965	name-verified	cord
20246	17966	name-verified	cord
20248	17968	otb-only	ice
20252	17972	name-verified	canopy bed kit
20254	17974	name-verified	venorean cabinet kit
20255	17975	name-verified	venorean wardrobe kit
20257	17977	name-verified	venorean drawer kit
20258	17978	name-verified	strange symbols
20259	17979	name-verified	strange symbols
20260	17980	name-verified	strange symbols
20261	17981	name-verified	elevator
20262	17982	name-verified	wooden floor
20263	17983	otb-only	venorean spice
20264	17984	otb-only	venorean spice
20265	17985	name-verified	wooden floor
20267	17987	name-verified	ghastly eye
20268	17988	name-verified	ghastly eye
20269	17989	name-verified	ghastly eye
20270	17990	name-verified	ghastly eye
20271	17991	name-verified	ghastly eye
20272	17992	otb-only	stone socket
20273	17993	name-verified	closed door
20274	17994	name-verified	closed door
20275	17995	name-verified	open door
20276	17996	name-verified	closed door
20277	17997	name-verified	open door
20278	17998	name-verified	gate of expertise
20279	17999	name-verified	gate of expertise
20280	18000	name-verified	closed door
20281	18001	name-verified	open door
20282	18002	name-verified	closed door
20283	18003	name-verified	closed door
20284	18004	name-verified	open door
20285	18005	name-verified	closed door
20286	18006	name-verified	open door
20287	18007	name-verified	gate of expertise
20288	18008	name-verified	gate of expertise
20289	18009	name-verified	closed door
20290	18010	name-verified	open door
20291	18011	otb-only	gate
20292	18012	otb-only	gate
20293	18013	otb-only	stone tile
20295	18015	otb-only	venorean cabinet
20296	18016	otb-only	venorean cabinet
20297	18017	otb-only	venorean wardrobe
20298	18018	otb-only	venorean wardrobe
20299	18019	otb-only	venorean drawer
20300	18020	otb-only	venorean drawer
20301	18021	otb-only	dead yellow toilet man
20302	18022	otb-only	dead little hamster
20305	18025	name-verified	counter
20306	18026	name-verified	counter
20307	1084	otb-only	stone wall
20308	1083	otb-only	stone wall
20309	18029	otb-only	stone wall
20311	18030	name-verified	dead adept of the cult
20312	18031	name-verified	dead adept of the cult
20313	18032	name-verified	dead adept of the cult
20314	18033	name-verified	dead adept of the cult
20315	18034	name-verified	dead adventurer
20316	18035	name-verified	dead adventurer
20317	18036	name-verified	dead adventurer
20318	18037	name-verified	dead adventurer
20319	18038	name-verified	dead acolyte of the cult
20320	18039	name-verified	dead acolyte of the cult
20321	18040	name-verified	dead acolyte of the cult
20322	18041	name-verified	dead acolyte of the cult
20323	18042	name-verified	dead amazon
20324	18043	name-verified	dead amazon
20325	18044	name-verified	dead amazon
20326	18045	name-verified	dead amazon
20327	18046	name-verified	dead assassin
20328	18047	name-verified	dead assassin
20329	18048	name-verified	dead assassin
20330	18049	name-verified	dead assassin
20331	18050	name-verified	dead bandit
20332	18051	name-verified	dead bandit
20333	18052	name-verified	dead bandit
20334	18053	name-verified	dead bandit
20335	18054	name-verified	dead barbarian bloodwalker
20336	18055	name-verified	dead barbarian bloodwalker
20337	18056	name-verified	dead barbarian bloodwalker
20338	18057	name-verified	dead barbarian bloodwalker
20339	18058	name-verified	dead barbarian brutetamer
20340	18059	name-verified	dead barbarian brutetamer
20341	18060	name-verified	dead barbarian brutetamer
20342	18061	name-verified	dead barbarian brutetamer
20343	18062	name-verified	dead barbarian headsplitter
20344	18063	name-verified	dead barbarian headsplitter
20345	18064	name-verified	dead barbarian headsplitter
20346	18065	name-verified	dead barbarian headsplitter
20347	18066	name-verified	dead barbarian skullhunter
20348	18067	name-verified	dead barbarian skullhunter
20349	18068	name-verified	dead barbarian skullhunter
20350	18069	name-verified	dead barbarian skullhunter
20351	18070	name-verified	dead crazed beggar
20352	18071	name-verified	dead crazed beggar
20353	18072	name-verified	dead crazed beggar
20354	18073	name-verified	dead crazed beggar
20355	18074	name-verified	dead black knight
20356	18075	name-verified	dead black knight
20357	18076	name-verified	dead black knight
20358	18077	name-verified	dead black knight
20359	18078	name-verified	dead crypt defiler
20360	18079	name-verified	dead crypt defiler
20361	18080	name-verified	dead crypt defiler
20362	18081	name-verified	dead crypt defiler
20363	18082	name-verified	dead dark apprentice
20364	18083	name-verified	dead dark apprentice
20365	18084	name-verified	dead dark apprentice
20366	18085	name-verified	dead dark apprentice
20367	18086	name-verified	dead dark magician
20368	18087	name-verified	dead dark magician
20369	18088	name-verified	dead dark magician
20370	18089	name-verified	dead dark magician
20371	18090	otb-only	dead dark monk
20372	18091	otb-only	dead dark monk
20373	18092	otb-only	dead dark monk
20374	18093	otb-only	dead dark monk
20375	18094	otb-only	slain deadye devious
20376	18095	otb-only	slain deadeye devious
20377	18096	otb-only	slain deadeye devious
20378	18097	otb-only	slain deadeye devious
20379	18098	otb-only	dead doomhowl
20380	18099	otb-only	dead doomhowl
20381	18100	otb-only	dead doomhowl
20382	18101	otb-only	dead doomhowl
20383	18102	name-verified	dead doomsday cultist
20384	18103	name-verified	dead doomsday cultist
20385	18104	name-verified	dead doomsday cultist
20386	18105	name-verified	dead doomsday cultist
20387	18106	name-verified	dead dryad
20388	18107	name-verified	dead dryad
20389	18108	name-verified	dead dryad
20390	18109	name-verified	dead dryad
20391	18110	name-verified	slain enlightened cultist
20392	18111	name-verified	slain enlightened cultist
20393	18112	name-verified	slain enlightened cultist
20394	18113	name-verified	slain enlightened cultist
20395	18114	name-verified	dead feverish citizen
20396	18115	name-verified	dead feverish citizen
20397	18116	name-verified	dead feverish citizen
20398	18117	name-verified	dead feverish citizen
20399	18118	name-verified	dead fury
20400	18119	name-verified	dead fury
20401	18120	name-verified	dead fury
20402	18121	name-verified	dead fury
20403	18122	name-verified	dead gang member
20404	18123	name-verified	dead gang member
20405	18124	name-verified	dead gang member
20406	18125	name-verified	dead gang member
20407	18126	name-verified	dead gladiator
20408	18127	name-verified	dead gladiator
20409	18128	name-verified	dead gladiator
20410	18129	name-verified	dead gladiator
20411	18130	name-verified	dead grave robber
20412	18131	name-verified	dead grave robber
20413	18132	name-verified	dead grave robber
20414	18133	name-verified	dead grave robber
20415	18134	name-verified	slain hero
20416	18135	name-verified	slain hero
20417	18136	name-verified	slain hero
20418	18137	name-verified	slain hero
20419	18138	name-verified	dead hunter
20420	18139	name-verified	dead hunter
20421	18140	name-verified	dead hunter
20422	18141	name-verified	dead hunter
20423	18142	name-verified	slain ice witch
20424	18143	name-verified	slain ice witch
20425	18144	name-verified	slain ice witch
20426	18145	name-verified	slain ice witch
20427	18146	otb-only	slain infernalist
20428	18147	otb-only	slain infernalist
20429	18148	otb-only	slain infernalist
20430	18149	otb-only	slain infernalist
20431	18150	otb-only	slain jesse the wicked
20432	18151	otb-only	slain jesse the wicked
20433	18152	otb-only	slain jesse the wicked
20434	18153	otb-only	slain jesse the wicked
20435	18154	otb-only	remains of lethal lissy
20436	18155	otb-only	remains of lethal lissy
20437	18156	otb-only	remains of lethal lissy
20438	18157	otb-only	remains of lethal lissy
20439	18158	name-verified	slain mad scientist
20440	18159	name-verified	slain mad scientist
20441	18160	name-verified	slain mad scientist
20442	18161	name-verified	slain mad scientist
20443	18162	name-verified	dead man in the cave
20444	18163	name-verified	dead man in the cave
20445	18164	name-verified	dead man in the cave
20446	18165	name-verified	dead man in the cave
20447	18166	name-verified	dead midnight warrior
20448	18167	name-verified	dead midnight warrior
20449	18168	name-verified	dead midnight warrior
20450	18169	name-verified	dead midnight warrior
20451	18170	otb-only	slain morik the gladiator
20452	18171	otb-only	slain morik the gladiator
20453	18172	otb-only	slain morik the gladiator
20454	18173	otb-only	slain morik the gladiator
20455	18174	name-verified	dead necromancer
20456	18175	name-verified	dead necromancer
20457	18176	name-verified	dead necromancer
20458	18177	name-verified	dead necromancer
20459	18178	name-verified	dead nomad
20460	18179	name-verified	dead nomad
20461	18180	name-verified	dead nomad
20462	18181	name-verified	dead nomad
20463	18182	name-verified	dead nomad
20464	18183	name-verified	dead nomad
20465	18184	name-verified	dead nomad
20466	18185	name-verified	dead nomad
20467	18186	name-verified	dead novice of the cult
20468	18187	name-verified	dead novice of the cult
20469	18188	name-verified	dead novice of the cult
20470	18189	name-verified	dead novice of the cult
20471	18190	name-verified	dead pirate buccaneer
20472	18191	name-verified	dead pirate buccaneer
20473	18192	name-verified	dead pirate buccaneer
20474	18193	name-verified	dead pirate buccaneer
20475	18194	name-verified	dead pirate corsair
20476	18195	name-verified	dead pirate corsair
20477	18196	name-verified	dead pirate corsair
20478	18197	name-verified	dead pirate corsair
20479	18198	name-verified	dead pirate cutthroat
20480	18199	name-verified	dead pirate cutthroat
20481	18200	name-verified	dead pirate cutthroat
20482	18201	name-verified	dead pirate cutthroat
20483	18202	name-verified	dead pirate marauder
20484	18203	name-verified	dead pirate marauder
20485	18204	name-verified	dead pirate marauder
20486	18205	name-verified	dead pirate marauder
20487	18206	name-verified	dead poacher
20488	18207	name-verified	dead poacher
20489	18208	name-verified	dead poacher
20490	18209	name-verified	dead poacher
20491	18210	name-verified	dead priestess
20492	18211	name-verified	dead priestess
20493	18212	name-verified	dead priestess
20494	18213	name-verified	dead priestess
20495	18214	otb-only	slain robby the reckless
20496	18215	otb-only	slain robby the reckless
20497	18216	otb-only	slain robby the reckless
20498	18217	otb-only	slain robby the reckless
20499	18218	otb-only	remains of ron the ripper
20500	18219	otb-only	remains of ron the ripper
20501	18220	otb-only	remains of ron the ripper
20502	18221	otb-only	remains of ron the ripper
20503	18222	otb-only	slain smuggler baron
20504	18223	otb-only	slain smuggler baron
20505	18224	otb-only	slain smuggler baron
20506	18225	otb-only	slain smuggler baron
20507	18226	name-verified	dead smuggler
20508	18227	name-verified	dead smuggler
20509	18228	name-verified	dead smuggler
20510	18229	name-verified	dead smuggler
20511	18230	name-verified	dead stalker
20512	18231	name-verified	dead stalker
20513	18232	name-verified	dead stalker
20514	18233	name-verified	dead stalker
20515	18234	name-verified	dead thief
20516	18235	name-verified	dead thief
20517	18236	name-verified	dead thief
20518	18237	name-verified	dead thief
20519	18238	name-verified	corpse of an undead jester
20520	18239	name-verified	corpse of an undead jester
20521	18240	name-verified	corpse of an undead jester
20522	18241	name-verified	corpse of an undead jester
20523	18242	name-verified	dead valkyrie
20524	18243	name-verified	dead valkyrie
20525	18244	name-verified	dead valkyrie
20526	18245	name-verified	dead valkyrie
20527	18246	name-verified	dead warlock
20528	18247	name-verified	dead warlock
20529	18248	name-verified	dead warlock
20530	18249	name-verified	dead warlock
20531	18250	name-verified	dead wild warrior
20532	18251	name-verified	dead wild warrior
20533	18252	name-verified	dead wild warrior
20534	18253	name-verified	dead wild warrior
20535	18254	name-verified	dead witch
20536	18255	name-verified	dead witch
20537	18256	name-verified	dead witch
20538	18257	name-verified	dead witch
20539	18258	otb-only	remains of xenia
20540	18259	otb-only	remains of xenia
20541	18260	otb-only	remains of xenia
20542	18261	otb-only	remains of xenia
20543	18262	name-verified	remains of yakchal
20544	18263	name-verified	remains of yakchal
20545	18264	name-verified	remains of yakchal
20546	18265	name-verified	remains of yakchal
20547	18266	name-verified	dead yalahari
20548	18267	name-verified	dead yalahari
20549	18268	name-verified	dead yalahari
20550	18269	name-verified	dead yalahari
20551	18270	otb-only	remains of zarabustor
20552	18271	otb-only	remains of zarabustor
20553	18272	otb-only	remains of zarabustor
20554	18273	otb-only	remains of zarabustor
20555	18274	otb-only	dead beggar
20556	18275	otb-only	dead beggar
20557	18276	otb-only	dead beggar
20558	18277	otb-only	dead beggar
20559	18278	otb-only	dead monk
20560	18279	otb-only	dead monk
20561	18280	otb-only	dead monk
20562	18281	otb-only	dead monk
20563	18282	otb-only	remains of fernfang
20564	18283	otb-only	remains of fernfang
20565	18284	otb-only	remains of fernfang
20566	18285	otb-only	remains of fernfang
20567	18286	otb-only	remains of hemming
20568	18287	otb-only	remains of hemming
20569	18288	otb-only	remains of hemming
20570	18289	otb-only	remains of hemming
20571	18290	otb-only	remains of necropharus
20572	18291	otb-only	remains of necropharus
20573	18292	otb-only	remains of necropharus
20574	18293	otb-only	remains of necropharus
20575	18294	otb-only	remains of rukor zad
20576	18295	otb-only	remains of rukor zad
20577	18296	otb-only	remains of rukor zad
20578	18297	otb-only	remains of rukor zad
20579	18298	otb-only	dead nightslayer
20580	18299	otb-only	dead nightslayer
20581	18300	otb-only	dead nightslayer
20582	18301	otb-only	dead nightslayer
20583	18302	name-verified	dead bride of night
20584	18303	name-verified	dead bride of night
20585	18304	name-verified	dead bride of night
20586	18305	name-verified	dead bride of night
20587	18306	otb-only	remains of yaga the crone
20588	18307	otb-only	remains of yaga the crone
20589	18308	otb-only	remains of yaga the crone
20590	18309	otb-only	remains of yaga the crone
20591	18310	otb-only	remains of amarie
20592	18311	otb-only	remains of amarie
20593	18312	otb-only	remains of amarie
20594	18313	name-verified	dead elf overseer
20595	18314	name-verified	dead elf overseer
20596	18315	name-verified	dead elf overseer
20597	18316	name-verified	dead firestarter
20598	18317	name-verified	dead firestarter
20599	18318	name-verified	dead firestarter
20600	18319	name-verified	dead nomad
20601	18320	name-verified	dead nomad
20602	18321	name-verified	dead nomad
20603	18322	name-verified	dead nomad
20604	18323	otb-only	dead werewolf
20605	18324	otb-only	dead werewolf
20606	18325	otb-only	dead werewolf
20607	18326	otb-only	dead werewolf
20608	18327	name-verified	jade zaoan queen
20609	18328	name-verified	jade zaoan king
20610	18329	name-verified	jade zaoan bishop
20611	18330	name-verified	jade zaoan knight
20612	18331	name-verified	jade zaoan rook
20613	18332	name-verified	jade zaoan pawn
20614	18333	name-verified	obsidian zaoan queen
20615	18334	name-verified	obsidian zaoan king
20616	18335	name-verified	obsidian zaoan bishop
20617	18336	name-verified	obsidian zaoan knight
20618	18337	name-verified	obsidian zaoan rook
20619	18338	name-verified	obsidian zaoan pawn
20620	18339	name-verified	zaoan chess box
20624	18343	name-verified	bookworm doll
20625	18344	name-verified	bookworm doll
20667	18386	name-verified	assassin
20668	748	name-verified	shadowy statue
20669	10181	name-verified	magic wall
20670	10182	name-verified	rush wood
20671	18352	name-verified	basalt crystal wall
20672	18353	name-verified	basalt crystal wall
20673	18354	name-verified	basalt crystal wall
20674	18355	name-verified	basalt crystal wall
20675	18356	name-verified	basalt crystal wall
20676	18357	name-verified	basalt crystal wall
20677	18358	name-verified	basalt crystal wall
20678	18359	name-verified	basalt crystal wall
20679	18360	name-verified	basalt crystal wall
20680	18361	name-verified	basalt crystal wall
20681	18362	name-verified	basalt crystal wall
20682	18363	name-verified	basalt crystal wall
20683	18364	name-verified	basalt crystal wall
20684	18365	name-verified	basalt crystal wall
20685	18366	name-verified	basalt crystal wall
20686	18367	name-verified	basalt crystal wall
20687	18368	name-verified	basalt crystal wall
20688	18369	name-verified	basalt crystal wall
20689	18370	name-verified	basalt crystal wall
20690	18371	name-verified	basalt crystal wall
20691	18372	name-verified	basalt crystal wall
20692	18373	name-verified	spike of a crystal drill
20693	18374	otb-only	large crystal
20694	18375	otb-only	large crystal
20695	18376	otb-only	large crystal
20696	18377	otb-only	large crystal
20697	18378	otb-only	large crystal
20698	18379	otb-only	large crystal
20699	18380	otb-only	large crystal
20700	18381	otb-only	large crystal
20701	18382	name-verified	basalt crystal wall
20702	18383	name-verified	basalt crystal wall
20703	18384	name-verified	basalt crystal wall
20704	18387	name-verified	basalt crystal wall
20705	18388	name-verified	basalt crystal wall
20706	18389	name-verified	basalt crystal wall
20707	18390	name-verified	basalt crystal wall
20708	18391	name-verified	basalt crystal wall
20709	18392	name-verified	basalt crystal wall
20710	18393	name-verified	basalt crystal wall
20711	18394	name-verified	basalt crystal wall
20712	18395	name-verified	basalt crystal wall
20713	18396	name-verified	basalt crystal wall
20714	18397	name-verified	basalt crystal wall
20715	18398	name-verified	basalt crystal wall
20717	18400	otb-only	dirt
20718	18401	otb-only	dirt
20719	18402	otb-only	dirt
20720	18403	otb-only	dirt
20721	18404	otb-only	dirt
20722	18405	otb-only	dirt
20723	18406	name-verified	basalt crystal wall
20724	18407	name-verified	basalt crystal wall
20725	18408	name-verified	basalt crystal wall
20726	18409	name-verified	basalt crystal wall
20727	18410	name-verified	basalt crystal wall
20728	18411	name-verified	basalt crystal wall
20729	18412	name-verified	basalt crystal wall
20730	18413	name-verified	basalt crystal wall
20731	18414	name-verified	basalt crystal wall
20732	18415	otb-only	crystals
20733	18416	otb-only	crystals
20734	18417	otb-only	crystals
20735	18418	otb-only	crystals
20736	18419	otb-only	crystals
20737	18420	otb-only	crystals
20738	18421	otb-only	crystals
20739	18422	otb-only	crystals
20740	18423	otb-only	crystals
20741	18424	otb-only	crystals
20742	18425	otb-only	crystals
20743	18426	otb-only	crystals
20744	18427	name-verified	mining crane
20745	18428	name-verified	mining crane
20746	18429	otb-only	mining conveyor belt
20747	18430	otb-only	mining conveyor belt
20748	18431	name-verified	mining conveyor belt
20749	18432	name-verified	mining conveyor belt
20750	18433	name-verified	mining conveyor belt
20751	18434	name-verified	mining conveyor belt
20752	18435	otb-only	pick
20753	18436	name-verified	hedge
20754	18437	name-verified	hedge
20755	18438	name-verified	hedge
20756	18439	name-verified	hedge
20757	18440	name-verified	hedge
20758	18441	name-verified	hedge
20759	18442	name-verified	lurking tree
20760	18443	name-verified	small birch
20761	18444	name-verified	slumbering tree
20762	18445	name-verified	orange maple
20763	18446	name-verified	moonshine bells
20764	18447	name-verified	starlight buttercup
20765	18448	name-verified	forest pincer
20766	18449	name-verified	orange shade
20767	18450	name-verified	menhir
20768	18451	name-verified	menhir
20769	18452	name-verified	small menhir
20770	18453	otb-only	grass
20771	18454	name-verified	branches
20772	18455	name-verified	branches
20773	18456	name-verified	branches
20774	18457	name-verified	branches
20775	18458	name-verified	branches
20776	18459	name-verified	forest floor
20777	18460	name-verified	forest floor
20778	18461	name-verified	forest floor
20779	18462	name-verified	forest floor
20780	18463	name-verified	forest floor
20781	18464	name-verified	forest floor
20787	18470	name-verified	branches
20788	18471	name-verified	branches
20789	18472	name-verified	branches
20790	18473	name-verified	branches
20791	18474	name-verified	branches
20792	18475	name-verified	branches
20793	18476	name-verified	branches
20794	18477	name-verified	branches
20795	18478	name-verified	branches
20796	18479	name-verified	branches
20797	18480	name-verified	branches
20799	18482	name-verified	bookcase
20800	18483	name-verified	bookcase
20801	18484	name-verified	bookcase
20802	18485	name-verified	bookcase
20803	18486	name-verified	tree branch
20804	18487	name-verified	tree branch
20805	18488	name-verified	tree branch
20806	18489	name-verified	tree branch
20807	18490	name-verified	tree branch
20808	18491	name-verified	tree branch
20809	18492	name-verified	tree branch
20810	18493	name-verified	tree branch
20811	18494	name-verified	tree branch
20812	18495	name-verified	tree branch
20813	18496	name-verified	tree branch
20814	18497	name-verified	tree branch
20815	18498	name-verified	tree branch
20816	18499	name-verified	tree branch
20817	18500	name-verified	tree branch
20818	18501	name-verified	tree branch
20819	18502	name-verified	tree branch
20820	18503	name-verified	tree branch
20821	18504	name-verified	tree branch
20822	18505	name-verified	tree branch
20823	18506	name-verified	tree branch
20824	18507	name-verified	tree branch
20825	18508	name-verified	tree branch
20826	18509	name-verified	tree branch
20827	18510	name-verified	tree branch
20828	18511	name-verified	twig
20829	18512	name-verified	twig
20830	18513	name-verified	twig
20831	18514	name-verified	twig
20832	18515	name-verified	leaves
20833	18516	name-verified	leaves
20834	18517	name-verified	leaves
20835	18518	name-verified	leaves
20836	18519	otb-only	stairs
20837	18520	otb-only	stairs
20838	18521	name-verified	leaves
20839	18522	name-verified	leaves
20840	18523	name-verified	leaves
20841	18524	name-verified	leaves
20842	18525	name-verified	leaves
20843	18526	name-verified	leaves
20844	18527	name-verified	leaves
20845	18528	name-verified	leaves
20846	18529	name-verified	leaves
20847	18530	name-verified	leaves
20848	18531	name-verified	leaves
20849	18532	name-verified	leaves
20850	18533	name-verified	root
20851	18534	name-verified	root
20852	18535	name-verified	root
20853	18536	name-verified	root
20854	18537	name-verified	root
20855	18538	name-verified	root
20856	18539	name-verified	root
20857	18540	name-verified	root
20858	18541	name-verified	root
20859	18542	name-verified	root
20860	18543	name-verified	root
20861	18544	name-verified	root
20862	18545	name-verified	root
20863	18546	name-verified	root
20864	18547	name-verified	root
20865	18548	name-verified	root
20866	18549	name-verified	root
20867	18550	name-verified	root
20868	18551	name-verified	root
20869	18552	name-verified	root
20870	18553	name-verified	root
20871	18554	name-verified	root
20872	18555	name-verified	root
20873	18556	name-verified	root
20874	18557	name-verified	root
20875	18558	name-verified	twisted roots
20876	18559	name-verified	twisted roots
20877	18560	name-verified	teal leaves
20878	18561	name-verified	teal leaves
20879	18562	name-verified	teal leaves
20880	18563	name-verified	teal leaves
20881	18564	otb-only	stairs
20882	18565	otb-only	stairs
20883	18566	name-verified	teal leaves
20884	18567	name-verified	teal leaves
20885	18568	name-verified	teal leaves
20886	18569	name-verified	teal leaves
20887	18570	name-verified	teal leaves
20888	18571	name-verified	teal leaves
20889	18572	name-verified	teal leaves
20890	18573	name-verified	teal leaves
20891	18574	name-verified	teal leaves
20892	18575	name-verified	teal leaves
20893	18576	name-verified	teal leaves
20894	18577	name-verified	teal leaves
20895	18578	name-verified	enormous tree
20896	18579	name-verified	enormous tree
20897	18580	name-verified	enormous tree
20898	18581	name-verified	enormous tree
20899	18582	name-verified	enormous tree
20900	18583	name-verified	enormous tree
20901	18584	name-verified	enormous tree
20902	18585	name-verified	enormous tree
20903	18586	name-verified	enormous tree
20904	18587	name-verified	enormous tree
20905	18588	name-verified	enormous tree
20906	18589	name-verified	enormous tree
20907	18590	name-verified	enormous tree
20908	18591	name-verified	mould
20909	18592	name-verified	mould
20910	18593	name-verified	warm blood
20911	18594	name-verified	warm blood
20912	18595	name-verified	warm blood
20913	18596	name-verified	warm blood
20914	18597	name-verified	warm blood
20915	18598	name-verified	warm blood
20916	18599	name-verified	warm blood
20917	18600	name-verified	warm blood
20918	18601	name-verified	warm blood
20919	18602	name-verified	warm blood
20920	18603	name-verified	blood trickle
20921	18604	name-verified	blood trickle
20922	18605	name-verified	blood trickle
20923	18606	name-verified	blood trickle
20924	18607	name-verified	blood trickle
20925	18608	name-verified	blood trickle
20926	18609	name-verified	sand trickle
20927	18610	name-verified	sand trickle
20928	18611	name-verified	sand trickle
20929	18612	name-verified	sand trickle
20930	18613	name-verified	sand trickle
20931	18614	name-verified	sand trickle
20932	18615	name-verified	blood
20933	18616	name-verified	blood
20934	18617	name-verified	blood
20935	18618	name-verified	blood
20936	18619	name-verified	blood
20937	18620	name-verified	blood
20938	18621	name-verified	sandy rock pile
20939	18622	name-verified	sandy rock pile
20941	18624	name-verified	sandy rock pile
20942	18625	otb-only	sandy rock
20946	18629	name-verified	sandy rock pile
20947	18630	name-verified	sandstone mountain
20948	18631	name-verified	sandstone mountain
20949	18632	name-verified	sandstone mountain
20950	18633	name-verified	sandstone mountain
20951	18634	name-verified	sandstone mountain
20952	18635	name-verified	sandstone mountain
20953	18636	name-verified	sandstone mountain
20954	18637	name-verified	sandstone mountain
20955	18638	name-verified	sandstone mountain
20956	18639	name-verified	sandstone mountain
20957	18640	name-verified	sandstone mountain
20958	18641	otb-only	standstone mountain
20959	18642	name-verified	ramp
20960	18643	name-verified	ramp
20961	18644	name-verified	ramp
20962	18645	name-verified	ramp
20963	18646	name-verified	ramp
20964	18647	name-verified	ramp
20965	18648	name-verified	ramp
20966	18649	name-verified	ramp
20967	18650	name-verified	ramp
20968	18651	name-verified	ramp
20969	18652	name-verified	ramp
20970	18653	name-verified	ramp
20971	18654	name-verified	ramp
20972	18655	name-verified	ramp
20973	18656	name-verified	ramp
20974	18657	name-verified	ramp
20975	18658	otb-only	archway
20976	18659	otb-only	archway
20977	604	otb-only	hole
20978	605	otb-only	hole
20979	1950	name-verified	ramp
20980	1951	name-verified	ramp
20981	1952	name-verified	ramp
20982	1953	name-verified	ramp
20983	1954	name-verified	ramp
20984	1955	name-verified	ramp
20985	1956	name-verified	ramp
20986	1957	name-verified	ramp
20987	1960	name-verified	ramp
20988	1961	name-verified	ramp
20989	1962	name-verified	ramp
20990	1963	name-verified	ramp
20991	1964	name-verified	ramp
20992	1965	name-verified	ramp
20993	1966	name-verified	ramp
20994	1967	name-verified	ramp
20995	2191	name-verified	ramp
20996	2192	name-verified	ramp
20997	2193	name-verified	ramp
20998	2194	name-verified	ramp
20999	2195	name-verified	ramp
21000	2196	name-verified	ramp
21001	2197	name-verified	ramp
21002	2198	name-verified	ramp
21003	2218	name-verified	ramp
21004	2219	name-verified	ramp
21005	2220	name-verified	ramp
21006	2221	name-verified	ramp
21007	1969	name-verified	ramp
21008	1970	name-verified	ramp
21009	1971	name-verified	ramp
21010	1972	name-verified	ramp
21011	1973	name-verified	ramp
21012	1974	name-verified	ramp
21013	1975	name-verified	ramp
21014	1976	name-verified	ramp
21015	612	name-verified	ramp
21016	613	name-verified	ramp
21017	603	otb-only	ramp
21018	602	otb-only	ramp
21019	6127	name-verified	ramp
21020	6128	name-verified	ramp
21021	6129	name-verified	ramp
21022	6130	name-verified	ramp
21023	7542	name-verified	ramp
21024	7543	name-verified	ramp
21025	7544	name-verified	ramp
21026	7545	name-verified	ramp
21027	7546	name-verified	ramp
21028	7547	name-verified	ramp
21029	7548	name-verified	ramp
21030	7549	name-verified	ramp
21031	16680	name-verified	ramp
21032	16681	name-verified	ramp
21033	16682	name-verified	ramp
21034	16683	name-verified	ramp
21035	16684	name-verified	ramp
21036	16685	name-verified	ramp
21037	16686	name-verified	ramp
21038	16687	name-verified	ramp
21039	16688	name-verified	ramp
21040	16689	name-verified	ramp
21041	16690	name-verified	ramp
21042	16691	name-verified	ramp
21043	16692	name-verified	ramp
21044	16693	name-verified	ramp
21045	16694	name-verified	ramp
21046	16695	name-verified	ramp
21047	18650	name-verified	ramp
21048	18651	name-verified	ramp
21049	18652	name-verified	ramp
21050	18653	name-verified	ramp
21051	18654	name-verified	ramp
21052	18655	name-verified	ramp
21053	18656	name-verified	ramp
21054	18657	name-verified	ramp
21055	16697	name-verified	ramp
21056	16696	name-verified	ramp
21057	16701	name-verified	ramp
21058	16700	name-verified	ramp
21059	16698	name-verified	ramp
21060	16699	name-verified	ramp
21061	16702	name-verified	ramp
21062	16703	name-verified	ramp
21063	16785	name-verified	ramp
21064	16786	name-verified	ramp
21065	16787	name-verified	ramp
21066	16788	name-verified	ramp
21067	16789	name-verified	ramp
21068	16790	name-verified	ramp
21069	16791	name-verified	ramp
21070	16792	name-verified	ramp
21071	18646	name-verified	ramp
21072	18647	name-verified	ramp
21073	18648	name-verified	ramp
21074	18649	name-verified	ramp
21075	18642	name-verified	ramp
21076	18643	name-verified	ramp
21077	18644	name-verified	ramp
21078	18645	name-verified	ramp
21079	18762	name-verified	mountain
21080	18763	name-verified	mountain
21081	18764	name-verified	mountain
21082	18765	name-verified	mountain
21083	18766	name-verified	mountain
21084	18767	name-verified	mountain
21085	18768	name-verified	mountain
21086	18769	name-verified	mountain
21087	18770	name-verified	mountain
21088	18771	name-verified	mountain
21089	18772	name-verified	mountain
21090	18773	name-verified	mountain
21091	18774	name-verified	mountain
21092	18775	name-verified	mountain
21093	18776	name-verified	mountain
21094	18777	name-verified	mountain
21095	18778	name-verified	mountain
21096	18779	name-verified	mountain
21097	18780	name-verified	mountain
21098	18781	name-verified	mountain
21099	18782	name-verified	mountain
21100	18783	name-verified	mountain
21101	18784	name-verified	mountain
21102	18785	name-verified	mountain
21103	18786	name-verified	mountain
21104	18787	name-verified	mountain
21105	18788	name-verified	mountain
21106	18789	name-verified	mountain
21107	18790	name-verified	mountain
21108	18791	name-verified	mountain
21109	18792	name-verified	mountain
21110	18793	name-verified	mountain
21111	18794	name-verified	mountain
21112	18795	name-verified	mountain
21113	18796	name-verified	forest floor
21114	18797	name-verified	forest floor
21115	18798	name-verified	forest floor
21116	18799	name-verified	forest floor
21117	18800	name-verified	forest floor
21118	18801	name-verified	forest floor
21119	18802	name-verified	forest floor
21120	18803	name-verified	forest floor
21121	18804	name-verified	forest floor
21122	18805	name-verified	forest floor
21123	18806	name-verified	forest floor
21124	18807	name-verified	forest floor
21125	18808	name-verified	wild roses
21126	18809	name-verified	wild roses
21127	18810	name-verified	wild roses
21128	18811	name-verified	wild roses
21129	18812	name-verified	wild roses
21130	18813	name-verified	wild roses
21131	18814	name-verified	branches
21132	18815	name-verified	tree branch
21133	18816	name-verified	tree branch
21134	18817	name-verified	enormous tree
21135	18818	name-verified	tree branch
21155	18838	name-verified	small brook
21156	18839	name-verified	small brook
21157	18840	name-verified	small brook
21158	18841	name-verified	small brook
21159	18842	name-verified	small brook
21160	18843	name-verified	small brook
21161	18844	name-verified	small brook
21162	18845	name-verified	small brook
21163	18846	name-verified	small brook
21164	18847	name-verified	small brook
21165	18848	name-verified	small brook
21166	18849	name-verified	small brook
21167	18850	name-verified	small brook
21168	18851	name-verified	small brook
21169	18852	name-verified	small brook
21170	18853	name-verified	small brook
21171	18854	name-verified	small stream
21172	18855	name-verified	small stream
21173	18856	name-verified	small stream
21174	18857	name-verified	small stream
21175	18858	name-verified	small stream
21176	18859	name-verified	small stream
21177	18860	name-verified	small stream
21178	18861	name-verified	small stream
21179	18862	name-verified	enormous glowing fruit
21180	18863	name-verified	enormous glowing fruit
21181	18864	name-verified	enormous glowing fruit
21182	18865	name-verified	enormous glowing fruit
21183	18866	name-verified	ferns
21184	18867	name-verified	ferns
21185	18868	name-verified	ferns
21186	18869	name-verified	ferns
21187	18870	name-verified	ferns
21188	18871	name-verified	ferns
21189	18872	name-verified	ferns
21190	18873	name-verified	ferns
21191	18874	name-verified	ferns
21192	18875	otb-only	teal leaves
21193	18876	name-verified	enormous tree
21194	18877	name-verified	enormous tree
21195	18878	name-verified	enormous tree
21196	18879	name-verified	enormous tree
21197	18880	otb-only	mountain
21198	18881	otb-only	mountain
21199	18882	otb-only	mountain
21200	18883	name-verified	sandstone
21201	18884	name-verified	sandstone
21202	18885	name-verified	sandstone
21203	18886	name-verified	sandstone
21204	18887	name-verified	sandstone
21205	18888	name-verified	sandstone
21206	18889	name-verified	sandstone
21207	18890	name-verified	sandstone
21208	18891	name-verified	sandstone
21209	18892	name-verified	sandstone
21210	18893	name-verified	sandstone
21211	18894	name-verified	sandstone
21212	18895	name-verified	glowing fruit
21213	18896	name-verified	glowing fruit
21214	18897	name-verified	glowing fruit
21215	18898	name-verified	glowing fruit
21216	18899	name-verified	small glowing fruits
21217	18900	name-verified	small glowing fruits
21218	18901	name-verified	small glowing fruits
21220	18903	otb-only	icy mammoth trunk
21221	18904	otb-only	icy mammoth trunk
21222	18905	otb-only	icy mammoth trunk
21223	18906	name-verified	dead rorc
21224	18907	name-verified	dead rorc
21225	18908	name-verified	dead rorc
21226	18909	name-verified	dead rorc
21227	18910	name-verified	wild roses
21228	18911	name-verified	hedge
21229	18912	name-verified	blood well
21230	18913	name-verified	blood well
21231	18914	name-verified	blood well
21232	18915	name-verified	blood well
21234	18917	otb-only	basalt crystal floor
21235	18918	otb-only	basalt crystal floor
21236	18919	otb-only	basalt crystal floor
21237	18920	otb-only	basalt crystal floor
21238	18921	otb-only	basalt crystal floor
21239	18922	otb-only	basalt crystal floor
21240	18923	otb-only	basalt crystal floor
21241	18924	name-verified	tooth file
21242	18925	name-verified	lancet
21243	18926	name-verified	horoscope
21244	18927	name-verified	vampire's cape chain
21245	18928	name-verified	blood tincture in a vial
21246	18929	name-verified	incantation notes
21247	18930	name-verified	pieces of magic chalk
21248	18931	name-verified	candle made of human tallow
21249	18932	name-verified	flute made of a single bone
21250	18933	name-verified	incantation fragment
21251	18934	name-verified	incantation scroll
21252	18935	name-verified	vampire's signet ring
21253	18936	name-verified	vampire count's medal
21254	18937	name-verified	dead shadow pupil
21255	18938	name-verified	dead shadow pupil
21256	18939	name-verified	dead shadow pupil
21257	18940	name-verified	dead blood hand
21258	18941	name-verified	dead blood hand
21259	18942	name-verified	dead blood hand
21260	18943	name-verified	dead shadow pupil
21261	18944	name-verified	dead blood hand
21262	18945	name-verified	dead blood priest
21263	18946	name-verified	dead blood priest
21264	18947	name-verified	dead blood priest
21265	18948	name-verified	dead blood priest
21266	18949	otb-only	slain nightfiend
21267	18950	otb-only	slain nightfiend
21268	18951	otb-only	slain nightfiend
21269	18952	otb-only	dead vicious manbat
21270	18953	name-verified	slain pale count
21271	18954	name-verified	slain pale count
21272	18955	name-verified	slain pale count
21273	18956	name-verified	slain pale count
21274	18957	otb-only	slain nightfiend
21275	18958	otb-only	dead vampire viscount
21276	18959	otb-only	dead vampire viscount
21277	18960	otb-only	dead vampire viscount
21278	18961	otb-only	dead vampire viscount
21279	18962	name-verified	dead gravedigger
21280	18963	name-verified	dead gravedigger
21281	18964	name-verified	dead gravedigger
21282	18965	name-verified	dead gravedigger
21283	18966	name-verified	dead elder wyrm
21284	18967	name-verified	dead elder wyrm
21285	18968	name-verified	dead elder wyrm
21286	18969	name-verified	dead elder wyrm
21287	18970	otb-only	dead dire wyrm
21288	18971	otb-only	dead dire wyrm
21289	18972	otb-only	dead dire wyrm
21290	18973	otb-only	dead dire wyrm
21291	18974	otb-only	dead black hydra
21292	18975	otb-only	dead black hydra
21293	18976	otb-only	dead black hydra
21294	18977	otb-only	dead black hydra
21295	18978	name-verified	dead white pale
21296	18979	name-verified	dead white pale
21297	18980	name-verified	dead white pale
21298	18981	name-verified	dead white pale
21299	18982	otb-only	dead shlorg
21300	18983	otb-only	dead shlorg
21301	18984	otb-only	dead shlorg
21302	18985	otb-only	dead shlorg
21308	18991	name-verified	elven vial
21309	18992	name-verified	filled elven vial
21310	18993	name-verified	rorc feather
21311	18994	name-verified	elven hoof
21312	18995	name-verified	venison
21313	18996	name-verified	rorc egg
21314	18997	name-verified	hatched rorc egg
21315	18998	name-verified	earth
21316	18999	name-verified	earth
21317	19000	name-verified	earth
21318	19001	name-verified	earth
21319	19002	name-verified	earth
21320	19003	name-verified	earth
21321	19004	name-verified	earth
21322	19005	name-verified	earth
21323	19006	name-verified	earth
21324	19007	name-verified	earth
21325	19008	name-verified	earth
21326	19009	name-verified	earth
21327	19010	name-verified	earth
21328	19011	name-verified	earth
21329	19012	name-verified	earth
21330	19013	name-verified	earth
21331	19014	name-verified	earth
21332	19015	name-verified	earth
21333	19016	name-verified	earth
21334	19017	name-verified	earth
21335	19018	name-verified	earth
21336	19019	name-verified	earth
21337	19020	name-verified	earth
21338	19021	name-verified	earth
21339	19022	name-verified	earth
21340	19023	name-verified	earth
21341	19024	name-verified	earth
21342	19025	name-verified	earth
21343	19026	name-verified	earth
21344	19027	name-verified	earth
21345	19028	name-verified	earth
21346	19029	name-verified	earth
21347	19030	name-verified	earth
21348	19031	name-verified	earth
21350	19033	name-verified	dripping candles
21351	19034	name-verified	dripping candles
21352	19035	name-verified	dripping candles
21353	19036	name-verified	dripping candles
21354	19037	name-verified	dripping candles
21355	19038	name-verified	dripping candles
21356	19039	name-verified	dripping candles
21357	19040	name-verified	dripping candles
21358	19041	name-verified	dead leaf golem
21359	19042	name-verified	dead forest fury
21360	19043	name-verified	dead leaf golem
21361	19044	name-verified	dead leaf golem
21362	19045	name-verified	dead leaf golem
21363	19046	name-verified	dead forest fury
21364	19047	name-verified	dead forest fury
21365	19048	name-verified	dead forest fury
21366	19049	otb-only	remains of a tarnished spirit
21367	19050	name-verified	dead white shade
21368	19051	name-verified	dead enraged soul
21369	19052	name-verified	dead tarnished spirit
21370	19053	name-verified	dead tarnished spirit
21371	19054	name-verified	dead tarnished spirit
21372	19055	name-verified	dead enraged soul
21373	19056	name-verified	dead enraged soul
21374	19057	name-verified	dead enraged soul
21375	19058	name-verified	dead white shade
21376	19059	name-verified	dead white shade
21377	19060	name-verified	dead white shade
21378	19061	name-verified	leaves
21379	19062	name-verified	leaves
21380	19063	name-verified	opticording sphere
21381	19064	name-verified	opticording sphere
21382	19065	name-verified	mysterious metal egg
21383	19066	name-verified	open metal egg
21384	19067	name-verified	strangely shaped menhir
21385	19068	name-verified	mysterious ornate chest
21389	19072	name-verified	council certificate
21390	19073	name-verified	council certificate
21391	19074	name-verified	council certificate
21392	19075	name-verified	dusty amphora
21393	19076	name-verified	remains of a dusty amphora
21394	19077	name-verified	omrabas' heart
21395	19078	name-verified	stimulated brain
21396	19079	name-verified	crate
21397	19080	name-verified	torch bearer
21398	19081	name-verified	skull
21399	19082	name-verified	golden raid token
21400	19083	name-verified	silver raid token
21401	19084	name-verified	small dragon tear
21402	19085	name-verified	empty storage flask
21403	19086	name-verified	full storage flask
21404	19087	name-verified	hallowed bonepile
21405	19088	name-verified	large hallowed bone
21406	19089	name-verified	hallowed bone
21407	19090	name-verified	yellowed bone
21408	19091	name-verified	large yellowed bone
21409	19092	name-verified	blazing altar basin
21410	19093	name-verified	blazing altar basin
21411	19094	name-verified	blazing altar basin
21412	19095	name-verified	blazing altar basin
21413	19096	otb-only	wall of fire
21414	19097	name-verified	floating bone
21415	19098	name-verified	floating bone
21416	19099	name-verified	sand
21417	19100	name-verified	blood vial
21418	19101	name-verified	blood vial
21419	19102	name-verified	blood vial
21420	19103	otb-only	dead roaring lion
21421	19104	otb-only	dead roaring lion
21422	19105	otb-only	dead roaring lion
21423	19106	otb-only	dead roaring lion
21424	19107	name-verified	firecatcher urn
21425	19108	name-verified	empty receptacle
21426	19109	name-verified	filled receptacle
21427	19110	name-verified	dowser
21428	19111	name-verified	fir cone
21429	19112	name-verified	bloodgong statue
21430	19113	name-verified	strange fire
21431	19114	name-verified	strange fire
21433	19116	otb-only	ashes
21434	19117	name-verified	dead wilting leaf golem
21435	19118	name-verified	dead wilting leaf golem
21436	19119	name-verified	dead wilting leaf golem
21437	19120	name-verified	dead wilting leaf golem
21438	19121	name-verified	cleansed dead man's saddle
21439	19122	name-verified	cleansed moss cap mushroom
21440	19123	name-verified	cleansed moss cap mushroom
21441	19124	name-verified	trained fire bug
21442	19125	otb-only	fury magic
21443	19126	otb-only	nature magic
21444	19127	otb-only	water magic
21445	19128	otb-only	fire magic
21446	19129	name-verified	shadow ashes
21447	19130	otb-only	some strange candles
21448	19132	name-verified	old parchment
21449	19133	name-verified	tainted blood essence
21450	19134	name-verified	blood pagoda
21451	19135	otb-only	electric sparks
21452	19136	name-verified	nail case
21453	19137	name-verified	dead vicious manbat
21454	19138	name-verified	dead vicious manbat
21455	19139	name-verified	dead vicious manbat
21456	19140	name-verified	grave stone
21457	19141	name-verified	grave stone
21458	19142	name-verified	monument
21459	19143	otb-only	sand
21460	19144	name-verified	tomb wall
21461	19145	name-verified	black marble floor
21462	19146	name-verified	torn incantation fragment
21463	19147	name-verified	black marble floor
21464	19148	name-verified	torn magic cape
21465	19149	name-verified	hot firecatcher urn
21466	19150	name-verified	norseman doll
21467	19151	name-verified	abacus
21468	19152	name-verified	key of numerous locks
21469	19153	name-verified	friendship amulet
21470	19154	name-verified	mexcalibur
21471	19155	name-verified	orc's jaw shredder
21472	19156	name-verified	frozen heart
21473	19157	name-verified	loose stone pile
21474	19158	name-verified	crumpled paper
21475	19159	name-verified	pannier backpack
21476	19160	name-verified	omrabas' talking skull
21477	19161	name-verified	brain heater machine
21478	19162	name-verified	brain heater machine
21479	19163	name-verified	brain heater machine
21481	19165	name-verified	brain heater machine
21482	19166	name-verified	omrabas' bone key
21489	19173	name-verified	omrabas' copper key
21490	19174	name-verified	dripping candles
21491	19175	name-verified	dripping candles
21492	19176	name-verified	dripping candles
21493	19177	name-verified	dripping candles
21494	19178	name-verified	dripping candles
21514	19198	name-verified	strange shrine
21515	19199	name-verified	strange shrine
21516	19200	name-verified	lift
21517	19201	name-verified	ornate door with a keyhole
21518	19202	name-verified	reward container
21536	19220	name-verified	hole
21537	2967	otb-only	key
21540	19224	name-verified	wooden floor
21541	19225	name-verified	wooden floor
21542	19226	name-verified	wooden floor
21543	19227	name-verified	wooden floor
21544	19228	name-verified	wooden floor
21545	19229	name-verified	wooden floor
21546	19230	name-verified	wooden floor
21547	19231	name-verified	wooden floor
21548	19232	name-verified	wooden floor
21549	19233	name-verified	wooden floor
21550	19234	name-verified	wooden floor
21551	19235	name-verified	wooden floor
21552	607	name-verified	hole
21553	19203	name-verified	spirit shovel
21554	19204	name-verified	tuning fork
21555	19205	name-verified	ghost detector
21556	19206	name-verified	thermometer
21557	19207	name-verified	lodestone
21558	19208	name-verified	ghost pacifier
21559	19209	name-verified	monster nest
21560	19210	name-verified	destroyed monster nest
21561	19211	name-verified	ominous mound
21562	19212	otb-only	opened ominous mound
21563	19213	name-verified	charged ghost pacifier
21564	19214	name-verified	flask of fertiliser
21565	19215	name-verified	gardener mushroom
21566	19216	name-verified	partially charged lodestone
21567	19217	name-verified	magnetic monolith
21568	19218	name-verified	highly charged lodestone
21569	19219	name-verified	gnomish supplies
21570	19236	name-verified	world board
21571	19237	name-verified	smoke
21572	19238	name-verified	smoke
21573	19239	name-verified	smoke
21574	19240	name-verified	smoke
21575	19241	name-verified	smoke
21576	19242	name-verified	smoke
21578	19244	name-verified	smoke
21579	19245	name-verified	world board
21580	19246	otb-only	icy crystal column
21581	19247	name-verified	glowing ice cube
21583	19249	name-verified	thawing ice pick
21584	19250	name-verified	reward chest
21585	19251	name-verified	smoking coal
21586	19252	name-verified	smoke
21587	19253	name-verified	smoke
21588	19254	name-verified	smoke
21589	19255	name-verified	smoke
21590	19256	name-verified	smoke
21591	19257	name-verified	smoke
21592	19258	otb-only	mist
21593	19259	otb-only	mist
21594	19260	otb-only	mist
21595	19261	otb-only	mist
21596	19262	otb-only	leaves
21597	19263	otb-only	mist
21598	19264	otb-only	mist
21599	19265	otb-only	mist
21600	19266	otb-only	mist
21601	19267	otb-only	mist
21602	19268	otb-only	mist
21603	19269	otb-only	mist
21604	19270	otb-only	mist
21605	19271	otb-only	grey sand
21606	19272	otb-only	grey sand
21607	19273	otb-only	grey sand
21608	19274	otb-only	grey sand
21609	19275	otb-only	grey sand
21610	19276	otb-only	grey sand
21611	19277	otb-only	grey sand
21612	19278	otb-only	grey sand
21613	19279	otb-only	grey sand
21614	19280	otb-only	grey sand
21615	19281	otb-only	grey sand
21616	19282	otb-only	grey sand
21617	19283	otb-only	grey sand
21618	19284	otb-only	grey sand
21619	19285	otb-only	grey sand
21620	19286	otb-only	grey sand
21621	19287	otb-only	grey sand
21622	19288	otb-only	grey sand
21623	19289	otb-only	grey sand
21624	19290	otb-only	grey sand
21625	19291	otb-only	dark sand
21626	19292	otb-only	dark sand
21627	19293	otb-only	dark sand
21628	19294	otb-only	dark sand
21629	19295	otb-only	dark sand
21630	19296	otb-only	dark sand
21631	19297	otb-only	dark sand
21632	19298	otb-only	dark sand
21633	19299	otb-only	dark sand
21634	19300	otb-only	dark sand
21635	19301	otb-only	dark sand
21636	19302	otb-only	dark sand
21637	19303	otb-only	large berg crystal
21638	19304	otb-only	berg crystal
21639	19305	otb-only	berg crystals
21640	19306	otb-only	berg crystals
21641	19307	otb-only	berg crystals
21642	19308	otb-only	berg crystals
21643	19309	otb-only	berg crystals
21644	19310	otb-only	large berg crystal
21645	19311	name-verified	large berg crystals
21646	19312	name-verified	large berg crystals
21647	19313	otb-only	berg crystal
21649	19315	name-verified	slimy growth
21650	19316	name-verified	slimy growth
21651	19317	name-verified	slimy growth
21652	19318	name-verified	slimy growth
21653	19319	name-verified	slimy growth
21654	19320	name-verified	slimy growth
21655	19321	name-verified	slimy growth
21656	19322	name-verified	slimy growth
21657	19323	name-verified	slimy growth
21658	19324	name-verified	slimy growth
21659	19325	name-verified	slimy growth
21672	19338	name-verified	slimy growth
21673	19339	name-verified	slimy growth
21674	19340	name-verified	slimy growth
21675	19341	name-verified	slimy growth
21676	19342	name-verified	slimy growth
21677	19343	otb-only	slimy
21678	19344	name-verified	slimy growth
21679	19345	name-verified	slimy growth
21680	19346	name-verified	slimy growth
21681	19347	name-verified	slimy growth
21682	19348	name-verified	slimy growth
21683	19349	name-verified	slimy growth
21684	19350	name-verified	slimy growth
21690	19356	name-verified	triple bolt crossbow
21691	19357	name-verified	shrunken head necklace
21692	19358	name-verified	albino plate
21693	19359	name-verified	horn
21695	19361	name-verified	sun mirror
21696	19362	name-verified	icicle bow
21697	19363	name-verified	runic ice shield
21699	19365	name-verified	trapped lightning
21700	19366	name-verified	icy culottes
21703	19369	name-verified	eye of the storm
21705	19371	name-verified	glass of goo
21706	19372	name-verified	goo shell
21707	19373	name-verified	haunted mirror piece
21708	19374	name-verified	vampire silk slippers
21709	19375	otb-only	slime spores
21710	19376	otb-only	slime spores
21711	19377	otb-only	slime spores
21712	19378	otb-only	slime spores
21713	19379	name-verified	chargeless monolith
21714	19380	name-verified	basalt crystal wall
21715	19381	name-verified	basalt crystal wall
21716	19382	name-verified	basalt crystal wall
21717	19383	name-verified	basalt crystal wall
21718	19384	name-verified	basalt crystal wall
21719	19385	name-verified	basalt crystal wall
21721	19387	name-verified	large crystal teleporter
21722	19388	name-verified	opticorder forge
21723	19389	name-verified	opticorder forge
21724	19390	name-verified	strangely shaped block
21725	19391	name-verified	furious frock
21726	19392	name-verified	aligned opticording sphere
21727	19393	name-verified	stone tablet
21731	19397	name-verified	memory box
21732	19398	name-verified	memory box
21739	19405	otb-only	archway
21740	19406	otb-only	archway
21741	19407	otb-only	archway
21742	19408	otb-only	archway
21745	19411	otb-only	archway
21746	19412	otb-only	archway
21747	19413	otb-only	strange wall
21748	19414	otb-only	strange wall
21749	19415	otb-only	strange wall
21750	19416	otb-only	strange wall
21751	19417	otb-only	wall
21752	19418	name-verified	strange wall
21753	19419	name-verified	strange wall
21754	19420	name-verified	strange wall
21755	19421	name-verified	strange wall
21756	19422	name-verified	strange wall
21757	19423	name-verified	strange wall
21758	19424	name-verified	strange wall
21759	19425	name-verified	strange wall
21760	19426	otb-only	small wall
21761	19427	otb-only	archway
21762	19428	otb-only	strange small wall
21763	19429	otb-only	strange small wall
21764	19430	otb-only	window
21765	19431	otb-only	window
21766	19432	otb-only	wall
21767	19433	otb-only	wall
21768	19434	otb-only	wall
21769	19435	otb-only	wall
21770	19436	otb-only	wall
21771	19437	name-verified	window shutter
21772	19438	name-verified	window shutter
21773	19439	otb-only	wall
21774	19440	otb-only	archway
21775	19441	otb-only	archway
21776	19442	otb-only	archway
21777	19443	otb-only	archway
21778	19444	otb-only	archway
21779	19445	otb-only	wall
21780	19446	otb-only	wall
21781	19447	otb-only	wall
21782	19448	otb-only	wall
21783	19449	otb-only	wall
21784	19450	otb-only	wall
21785	19451	otb-only	wall
21786	19452	otb-only	wall
21787	19453	otb-only	wall
21788	19454	otb-only	wall
21789	19455	otb-only	wall
21790	19456	otb-only	wall
21791	19457	otb-only	wall
21792	19458	otb-only	small wall
21793	19459	otb-only	small wall
21794	19460	otb-only	small wall
21795	19461	otb-only	window
21796	19462	otb-only	window
21797	19463	name-verified	window shutter
21798	19464	name-verified	window shutter
21799	19465	otb-only	wall
21800	19466	otb-only	wall
21801	19467	otb-only	wall
21802	19468	otb-only	wall
21803	19469	otb-only	wall
21804	19470	otb-only	wall
21811	19477	otb-only	flowing water
21812	19478	otb-only	flowing water
21813	19479	otb-only	waterfall
21814	19480	otb-only	waterfall
21815	19481	otb-only	waterfall
21816	19482	otb-only	waterfall
21817	19483	otb-only	waterfall
21818	19484	otb-only	waterfall
21819	19485	otb-only	strange waterfall
21820	19486	otb-only	strange waterfall
21821	19487	otb-only	waterfall
21822	19488	otb-only	waterfall
21823	19489	otb-only	aqueduct
21824	19490	otb-only	aqueduct
21825	19491	otb-only	flowing water
21826	19492	otb-only	flowing water
21828	19494	otb-only	wall
21829	19495	otb-only	wall
21830	19496	otb-only	wall
21831	19497	otb-only	wall
21832	19498	otb-only	thick wall
21833	19499	otb-only	ruined wall
21834	19500	otb-only	ruined wall
21835	19501	otb-only	ruined wall
21836	19502	otb-only	ruined wall
21837	19503	otb-only	ruined wall
21838	19504	otb-only	ruined wall
21839	19505	otb-only	ruined wall
21840	19506	otb-only	ruined wall
21841	19507	otb-only	ruined wall
21842	19508	otb-only	ruined wall
21843	19509	otb-only	ruined wall
21844	19510	otb-only	ruined wall
21845	19511	otb-only	ruined wall
21846	19512	otb-only	ruined wall
21847	19513	otb-only	ruined wall
21848	19514	name-verified	small ruined wall
21849	19515	name-verified	small ruined wall
21850	19516	name-verified	small ruined wall
21851	19517	name-verified	ruined window
21852	19518	name-verified	ruined window
21853	19519	otb-only	ruined window shutter
21854	19520	otb-only	ruined window shutter
21855	19521	name-verified	ruined wall
21856	19522	name-verified	ruined wall
21857	19523	name-verified	ruined wall
21858	19524	name-verified	ruined wall
21859	19525	otb-only	wall
21860	19526	otb-only	wall
21861	19527	name-verified	ruined wall
21862	19528	name-verified	ruined wall
21863	19529	otb-only	archway
21864	19530	name-verified	small ruined wall
21865	19531	name-verified	small ruined wall
21866	19532	name-verified	small ruined wall
21867	19533	name-verified	small ruined wall
21868	19534	name-verified	small ruined wall
21869	19535	name-verified	small ruined wall
21870	19536	name-verified	small ruined wall
21871	19537	name-verified	small ruined wall
21872	19538	name-verified	small ruined wall
21873	19539	name-verified	small ruined wall
21874	19540	name-verified	small ruined wall
21875	19541	name-verified	small ruined wall
21876	19542	name-verified	small ruined wall
21877	19543	name-verified	small ruined wall
21878	19544	name-verified	small ruined wall
21879	19545	otb-only	archway
21880	19546	otb-only	archway
21881	19547	otb-only	archway
21882	19548	otb-only	archway
21883	19549	otb-only	archway
21884	19550	otb-only	grey sand
21885	19551	otb-only	grey sand
21886	19552	otb-only	grey sand
21887	19553	otb-only	grey sand
21888	19554	otb-only	grey sand
21889	19555	otb-only	grey sand
21890	19556	otb-only	grey sand
21891	19557	otb-only	grey sand
21892	19558	name-verified	wasteland
21893	19559	name-verified	wasteland
21894	19560	name-verified	wasteland
21895	19561	name-verified	wasteland
21896	19562	name-verified	wasteland
21897	19563	name-verified	wasteland
21898	19564	name-verified	wasteland
21899	19565	name-verified	wasteland
21900	19566	name-verified	wasteland
21901	19567	name-verified	wasteland
21902	19568	name-verified	wasteland
21903	19569	name-verified	wasteland
21904	19570	name-verified	wasteland
21905	19571	name-verified	wasteland
21906	19572	name-verified	wasteland
21907	19573	name-verified	wasteland
21908	19574	name-verified	wasteland
21909	19575	name-verified	wasteland
21910	19576	name-verified	wasteland
21911	19577	name-verified	wasteland
21912	19578	name-verified	wasteland
21913	19579	name-verified	wasteland
21914	19580	name-verified	wasteland
21915	19581	name-verified	wasteland
21916	19582	name-verified	wasteland
21917	19583	name-verified	wasteland
21918	19584	name-verified	wasteland
21919	19585	name-verified	wasteland
21920	19586	name-verified	wasteland
21921	19587	name-verified	wasteland
21922	19588	name-verified	wasteland
21923	19589	name-verified	wasteland
21924	19590	name-verified	ruined stairs
21925	19591	name-verified	ruined stairs
21926	19592	otb-only	thick ruined wall
21927	19593	name-verified	thick ruined foundation
21928	19594	name-verified	thick ruined foundation
21929	19595	name-verified	thick ruined foundation
21930	19596	otb-only	thick ruined wall
21931	19597	otb-only	thick ruined wall
21932	19598	otb-only	thick ruined wall
21933	19599	otb-only	thick ruined wall
21934	19600	otb-only	stone rubble
21935	19601	otb-only	stone rubble
21936	19602	otb-only	stone rubble
21937	19603	otb-only	stone rubble
21942	19608	otb-only	stone pebble floor
21943	19609	otb-only	stone pebble floor
21944	19610	otb-only	stone pebble floor
21945	19611	otb-only	stone pebble floor
21946	19612	otb-only	stone pebble floor
21947	19613	otb-only	stone pebble floor
21948	19614	otb-only	stone pebble floor
21949	19615	otb-only	stone pebble floor
21950	19616	otb-only	stone pebble floor
21951	19617	otb-only	stone pebble floor
21952	19618	otb-only	stone pebble floor
21953	19619	otb-only	stone pebble floor
21954	19620	otb-only	stone pebble floor
21955	19621	otb-only	stone pebble floor
21956	19622	otb-only	stone pebble floor
21957	19623	otb-only	stone pebble floor
21958	19624	otb-only	stone pebble floor
21959	19625	otb-only	stone pebble floor
21960	19626	otb-only	stone pebble floor
21961	19627	otb-only	stone pebble floor
21962	19628	otb-only	roof
21963	19629	otb-only	roof
21964	19630	otb-only	roof
21965	19631	otb-only	roof
21966	19632	otb-only	roof
21967	19633	otb-only	roof
21968	19634	otb-only	roof
21969	19635	otb-only	roof
21970	19636	otb-only	roof
21971	19637	otb-only	roof
21972	19638	otb-only	roof
21973	19639	otb-only	roof
21974	19640	otb-only	roof
21975	19641	otb-only	roof
21976	19642	otb-only	roof
21977	19643	otb-only	roof
21978	19644	otb-only	roof
21979	19645	otb-only	roof
21980	19646	otb-only	roof
21981	19647	otb-only	roof
21982	19648	otb-only	roof
21983	19649	name-verified	chimney
21984	19650	name-verified	chimney
21985	19651	otb-only	roof
21986	19652	otb-only	roof
21987	19653	otb-only	roof
21988	19654	otb-only	roof
21989	19655	otb-only	roof
21990	19656	otb-only	roof
21991	19657	otb-only	roof
21992	19658	otb-only	roof
21993	19659	otb-only	roof
21994	19660	otb-only	roof
21995	19661	otb-only	roof
21996	19662	otb-only	roof
21997	19663	otb-only	roof
21998	19664	otb-only	roof
21999	19665	otb-only	roof
22000	19666	otb-only	roof
22001	19667	otb-only	roof
22002	19668	otb-only	roof
22003	19669	otb-only	roof
22004	19670	otb-only	roof
22005	19671	name-verified	dark cypress
22006	19672	otb-only	roof
22007	19673	otb-only	roof
22008	19674	otb-only	roof
22009	19675	name-verified	dark cypress
22010	19676	name-verified	tall dark cypress
22011	19677	name-verified	tall dark cypress
22012	19678	otb-only	roof
22013	19679	otb-only	roof
22014	19680	otb-only	roof
22015	19681	otb-only	roof
22016	19682	otb-only	roof
22017	19683	otb-only	roof
22018	19684	otb-only	roof
22019	19685	otb-only	roof
22020	19686	otb-only	roof
22021	19687	otb-only	roof
22022	19688	otb-only	roof
22023	19689	name-verified	dusky cypress
22024	19690	name-verified	dusky cypress
22025	19691	otb-only	roof
22026	19692	name-verified	tall dusky cypress
22027	19693	otb-only	roof
22028	19694	otb-only	roof
22029	19695	otb-only	roof
22030	19696	otb-only	chimney
22031	19697	otb-only	chimney
22032	19698	otb-only	roof
22033	19699	otb-only	roof
22034	19700	otb-only	roof
22035	19701	otb-only	roof
22036	19702	otb-only	roof
22037	19703	otb-only	roof
22038	19704	name-verified	chimney
22039	19705	name-verified	chimney
22040	19706	name-verified	ruined roof
22041	19707	name-verified	ruined roof
22042	19708	name-verified	ruined roof
22043	19709	name-verified	ruined roof
22044	19710	name-verified	ruined roof
22045	19711	name-verified	ruined roof
22046	19712	name-verified	ruined roof
22047	19713	name-verified	ruined roof
22048	19714	name-verified	ruined roof
22049	19715	name-verified	ruined roof
22050	19716	name-verified	tall dusky cypress
22051	19717	name-verified	ruined roof
22052	19718	name-verified	ruined roof
22053	19719	name-verified	ruined roof
22054	19720	name-verified	ruined roof
22055	19721	name-verified	ruined roof
22056	19722	name-verified	ruined roof
22057	19723	name-verified	ruined roof
22058	19724	name-verified	ruined roof
22059	19725	name-verified	ruined roof
22060	19726	name-verified	ruined roof
22061	19727	name-verified	ruined roof
22062	19728	name-verified	ruined roof
22063	19729	otb-only	gloomy cypress
22064	19730	name-verified	ruined roof
22065	19731	name-verified	ruined roof
22066	19732	name-verified	ruined roof
22067	19733	name-verified	ruined roof
22068	19734	name-verified	ruined roof
22069	19735	name-verified	ruined roof
22070	19736	otb-only	ruined chimney
22071	19737	name-verified	gloomy cypress
22072	19738	otb-only	ruined chimney
22073	19739	name-verified	tall gloomy cypress
22074	19740	name-verified	ruined roof
22075	19741	name-verified	tall gloomy cypress
22076	19742	name-verified	ruined roof
22077	19743	name-verified	ruined roof
22078	19744	otb-only	roof
22079	19745	name-verified	ruined roof
22080	19746	otb-only	roof
22081	19747	otb-only	roof
22082	19748	otb-only	roof
22083	19749	otb-only	roof
22084	19750	otb-only	roof
22085	19751	otb-only	roof
22086	19752	otb-only	roof
22087	19753	otb-only	roof
22088	19754	otb-only	roof
22089	19755	otb-only	roof
22090	19756	otb-only	roof
22091	19757	name-verified	gaunt briar
22092	19758	name-verified	gaunt briar
22093	19759	name-verified	poison spine
22094	19760	name-verified	poison spine
22095	19761	otb-only	small poison spine
22096	19762	name-verified	poison spine
22097	19763	name-verified	night grasp
22098	19764	name-verified	night grasp
22099	19765	name-verified	blister egg plant
22100	19766	name-verified	blister egg plant
22101	19767	name-verified	rooted evil
22102	19768	name-verified	cormo dementi
22103	19769	name-verified	ether captor
22104	19770	name-verified	pester maws
22105	19771	name-verified	crimson fin
22106	19772	name-verified	ichor thistle
22107	19773	name-verified	small ichor thistle
22108	19774	name-verified	small ichor thistle
22109	19775	name-verified	small ichor thistle
22110	19776	otb-only	rock spikes
22111	19777	otb-only	rock spikes
22112	19778	otb-only	rock needle
22113	19779	otb-only	rock needle
22114	19780	otb-only	small rock needle
22115	19781	name-verified	small rock needles
22116	19782	name-verified	tiny rock needles
22117	19783	name-verified	tiny rock needles
22118	19784	name-verified	bulbostone
22119	19785	otb-only	bulbous stone
22120	19786	otb-only	bulbous stone
22121	19787	otb-only	bulbous stone
22122	19788	otb-only	bulbous stone
22123	19789	otb-only	bulbous stone
22124	19790	otb-only	small ruined wall
22125	19791	name-verified	giant face
22126	19792	name-verified	giant face
22127	19793	name-verified	giant face
22128	19794	name-verified	giant face
22129	19795	name-verified	giant face
22130	19796	name-verified	giant face
22131	19797	name-verified	giant hand
22132	19798	otb-only	giant stone hand
22133	19799	otb-only	strange vortex
22134	19800	otb-only	strange vortex
22135	19801	name-verified	strange vortex
22136	19802	name-verified	strange vortex
22137	19803	name-verified	large vortex
22138	19804	name-verified	strange vortex
22139	19805	name-verified	tiny vortex
22140	19806	name-verified	strange statue
22141	19807	name-verified	strange statue
22142	19808	name-verified	glistening stone
22143	19809	name-verified	glistening stone
22144	19810	name-verified	glistening stone
22158	19824	otb-only	stone rubble
22159	19825	name-verified	stone pebble floor
22160	19826	name-verified	stone pebble floor
22161	19827	name-verified	stone pebble floor
22162	19828	name-verified	stone pebble floor
22163	19829	name-verified	stone pebble floor
22164	19830	name-verified	stone pebble floor
22165	19831	name-verified	stone pebble floor
22166	19832	name-verified	stone pebble floor
22167	19833	otb-only	stone pebbles
22168	19834	otb-only	stone pebbles
22169	19835	otb-only	stone pebbles
22170	19836	otb-only	stone pebbles
22171	19837	otb-only	stone pebbles
22172	19838	otb-only	stone pavement
22173	19839	otb-only	stone pebbles
22174	19840	otb-only	stone pebbles
22175	19841	otb-only	gravel floor
22176	19842	otb-only	gravel floor
22177	19843	otb-only	gravel floor
22178	19844	otb-only	gravel floor
22179	19845	otb-only	gravel floor
22180	19846	otb-only	gravel floor
22181	19847	otb-only	gravel floor
22182	19848	otb-only	gravel floor
22183	19849	otb-only	stone floor
22184	19850	otb-only	stone floor
22185	19851	otb-only	stone floor
22186	19852	otb-only	stone floor
22187	19853	otb-only	stone floor
22188	19854	otb-only	stone floor
22189	19855	otb-only	stone floor
22190	19856	otb-only	stone floor
22191	19857	otb-only	stone floor
22192	19858	otb-only	stone floor
22193	19859	otb-only	stone floor
22194	19860	otb-only	stone floor
22195	19861	otb-only	stone pebbles
22196	19862	otb-only	stone pebbles
22197	19863	otb-only	stone pebbles
22198	19864	otb-only	stone pebbles
22199	19865	otb-only	stone pebbles
22200	19866	otb-only	stone pebbles
22201	19867	otb-only	stone pebbles
22202	19868	otb-only	stone pebbles
22203	19869	otb-only	stone pebbles
22204	19870	otb-only	stone pebbles
22205	19871	otb-only	stone pebbles
22206	19872	otb-only	stone pebbles
22207	19873	otb-only	gravel
22208	19874	otb-only	gravel
22209	19875	otb-only	gravel
22210	19876	otb-only	gravel
22211	19877	otb-only	gravel
22212	19878	otb-only	gravel
22213	19879	otb-only	gravel
22214	19880	otb-only	gravel
22215	19881	otb-only	gravel
22216	19882	otb-only	gravel
22217	19883	otb-only	gravel
22218	19884	otb-only	gravel
22219	19885	otb-only	half-buried face
22220	19886	otb-only	half-buried face
22221	19887	otb-only	half-buried face
22222	19888	otb-only	half-buried face
22223	19889	name-verified	giant face
22224	19890	name-verified	giant face
22225	19891	name-verified	giant face
22226	19892	name-verified	giant face
22227	19893	name-verified	giant face
22228	19894	name-verified	giant face
22229	19895	otb-only	half-buried face
22230	19896	otb-only	half-buried face
22231	19897	otb-only	half-buried face
22232	19898	otb-only	half-buried face
22233	19899	otb-only	pebbles
22234	19900	otb-only	pebbles
22235	19901	otb-only	pebbles
22236	19902	otb-only	pebbles
22237	19903	otb-only	pebbles
22238	19904	otb-only	pebbles
22239	19905	otb-only	pebbles
22240	19906	otb-only	pebbles
22241	19907	otb-only	pebble
22242	19908	otb-only	pebble
22243	19909	otb-only	pebble
22244	19910	otb-only	pebble
22245	19911	otb-only	pebbles
22246	19912	otb-only	pebbles
22247	19913	otb-only	pebble
22248	19914	otb-only	pebble
22249	19915	otb-only	pebble
22250	19916	otb-only	pebble
22251	19917	otb-only	pebble
22253	19919	name-verified	sleepless twine
22254	19920	name-verified	sleepless twine
22255	19921	otb-only	gawping eyes
22256	19922	otb-only	gawping eyes
22257	19923	otb-only	gawping eyes
22258	19924	otb-only	gawping eyes
22259	19925	name-verified	dreamcatcher device
22260	19926	name-verified	dreamcatcher device
22261	19927	name-verified	dreamcatcher device
22262	19928	name-verified	dreamcatcher device
22263	19929	name-verified	dreamcatcher device
22264	19930	name-verified	dreamcatcher device
22265	19931	name-verified	dreamcatcher device
22266	19932	otb-only	pebbles
22267	19933	otb-only	pebbles
22280	19946	otb-only	kerbstone
22281	19947	otb-only	kerbstone
22282	19948	otb-only	kerbstone
22283	19949	otb-only	kerbstone
22284	19950	otb-only	kerbstone
22285	19951	otb-only	kerbstone
22286	19952	otb-only	kerbstone
22287	19953	otb-only	kerbstone
22288	19954	otb-only	kerbstone
22289	19955	otb-only	kerbstone
22290	19956	otb-only	kerbstone
22291	19957	otb-only	kerbstone
22292	19958	otb-only	kerbstone
22293	19959	otb-only	kerbstone
22294	19960	otb-only	kerbstone
22295	19961	otb-only	kerbstone
22296	19962	otb-only	kerbstone
22297	19963	otb-only	kerbstone
22298	19964	otb-only	kerbstone
22299	19965	otb-only	kerbstone
22300	19966	otb-only	kerbstone
22301	19967	otb-only	kerbstone
22302	19968	otb-only	kerbstone
22303	19969	otb-only	kerbstone
22304	19970	otb-only	small brook
22305	19971	otb-only	small brook
22306	19972	otb-only	small brook
22307	19973	otb-only	small brook
22308	19974	otb-only	broken pillar
22309	19975	otb-only	broken pillar
22310	19976	otb-only	broken pillar
22311	19977	otb-only	broken pillar
22312	19978	otb-only	broken pillar
22313	19979	otb-only	broken pillar
22314	19980	otb-only	broken pillar
22315	19981	otb-only	broken pillar
22346	20012	otb-only	flowing water
22347	20013	otb-only	flowing water
22348	20014	otb-only	flowing water
22349	20015	otb-only	flowing water
22350	20016	name-verified	flowing water
22351	20017	name-verified	flowing water
22352	20018	name-verified	flowing water
22353	20019	name-verified	flowing water
22354	20020	name-verified	flowing water
22355	20021	name-verified	flowing water
22356	20022	name-verified	flowing water
22357	20023	name-verified	flowing water
22358	20024	name-verified	flowing water
22359	20025	name-verified	flowing water
22360	20026	otb-only	moss
22361	20027	otb-only	moss
22363	20029	name-verified	broken dream
22364	20030	name-verified	dream sand
22365	20031	name-verified	half-buried face
22366	20032	name-verified	half-buried face
22369	20035	name-verified	half-buried face
22370	20036	name-verified	half-buried face
22373	20039	name-verified	half-buried face
22375	20041	name-verified	half-buried face
22377	20043	name-verified	half-buried face
22378	20044	name-verified	half-buried face
22381	20047	name-verified	ancient dream
22382	20048	name-verified	delicate pan
22383	20049	name-verified	dream nebuliser
22384	20050	name-verified	strange good night songs
22385	20051	name-verified	traces of an ancient dream
22386	20052	otb-only	fitful bad dream
22387	20053	name-verified	bucket filled with gravel
22388	20054	name-verified	bucket filled with chalk
22389	20055	name-verified	crude horn of bone
22390	20056	name-verified	crude horn with mouthpiece
22391	20057	name-verified	mouthpiece for a horn
22392	20058	name-verified	dead shock head
22393	20059	name-verified	dead shock head
22394	20060	name-verified	dead shock head
22395	20061	name-verified	dead shock head
22396	20062	name-verified	cluster of solace
22397	20063	name-verified	dream matter
22398	20064	name-verified	crude umbral blade
22399	20065	name-verified	umbral blade
22400	20066	name-verified	umbral masterblade
22401	20067	name-verified	crude umbral slayer
22402	20068	name-verified	umbral slayer
22403	20069	name-verified	umbral master slayer
22404	20070	name-verified	crude umbral axe
22405	20071	name-verified	umbral axe
22406	20072	name-verified	umbral master axe
22407	20073	name-verified	crude umbral chopper
22408	20074	name-verified	umbral chopper
22409	20075	name-verified	umbral master chopper
22410	20076	name-verified	crude umbral mace
22411	20077	name-verified	umbral mace
22412	20078	name-verified	umbral master mace
22413	20079	name-verified	crude umbral hammer
22414	20080	name-verified	umbral hammer
22415	20081	name-verified	umbral master hammer
22416	20082	name-verified	crude umbral bow
22417	20083	name-verified	umbral bow
22418	20084	name-verified	umbral master bow
22419	20085	name-verified	crude umbral crossbow
22420	20086	name-verified	umbral crossbow
22421	20087	name-verified	umbral master crossbow
22422	20088	name-verified	crude umbral spellbook
22423	20089	name-verified	umbral spellbook
22424	20090	name-verified	umbral master spellbook
22425	20091	otb-only	cot
22426	20092	otb-only	water wheel
22427	20093	otb-only	water wheel
22428	20094	name-verified	tea cup
22429	20095	otb-only	fog lantern
22430	20096	otb-only	lit fog lantern
22431	20097	otb-only	fog lantern
22432	20098	otb-only	lit fog lantern
22433	20099	name-verified	sleepless twine
22434	20100	name-verified	sleepless twine
22435	20101	name-verified	tall dusky cypress
22436	20102	name-verified	tall gloomy cypress
22437	20103	name-verified	ether captor
22438	20104	name-verified	rooted evil
22439	20105	name-verified	pester maws
22440	20106	name-verified	crimson fin
22441	20107	name-verified	cormo dementi
22442	20108	name-verified	blister egg plant
22443	20109	name-verified	pester maws
22444	20110	otb-only	quiet bad dream
22445	20111	name-verified	ether captor
22446	20112	name-verified	rooted evil
22447	20113	name-verified	crimson fin
22448	20114	name-verified	cormo dementi
22449	20115	name-verified	blister egg plant
22450	20116	otb-only	tall dusky cypress
22451	20117	otb-only	tall gloomy cypress
22452	20118	name-verified	sleepless twine
22453	20119	name-verified	sleepless twine
22455	20121	otb-only	nightmare vortex
22456	20122	name-verified	instable vortex
22457	20123	otb-only	ramp
22458	20124	otb-only	ramp
22459	20125	name-verified	chalk
22460	20126	otb-only	fog lantern
22462	20128	name-verified	traces of an ancient dream
22463	20129	name-verified	remains of a crude dream
22464	20130	otb-only	fog lantern
22465	20131	name-verified	remains of a crude dream
22466	20132	otb-only	sneeze blossom
22467	20133	name-verified	fine gravel
22468	20134	name-verified	crushed stone
22469	20135	name-verified	stone
22470	20136	name-verified	chalk residues
22471	20137	name-verified	flowing water
22472	20138	name-verified	essence of dread
22473	20139	name-verified	essence of wishful thinking
22474	20140	name-verified	eerie song book
22475	20141	name-verified	pendulum
22476	20142	name-verified	ruined stairs
22477	20143	name-verified	ruined stairs
22478	20144	name-verified	dead sight of surrender
22479	20145	name-verified	dead sight of surrender
22480	20146	name-verified	dead sight of surrender
22481	20147	name-verified	dead sight of surrender
22482	20148	name-verified	dead guzzlemaw
22483	20149	name-verified	dead guzzlemaw
22484	20150	name-verified	dead guzzlemaw
22485	20151	name-verified	dead guzzlemaw
22486	20152	name-verified	dead silencer
22487	20153	name-verified	dead silencer
22488	20154	name-verified	dead silencer
22489	20155	name-verified	dead silencer
22490	20156	otb-only	dead choking fear
22491	20157	otb-only	dead choking fear
22492	20158	otb-only	dead choking fear
22493	20159	otb-only	dead choking fear
22494	20160	name-verified	dead terrorsleep
22495	20161	name-verified	dead terrorsleep
22496	20162	name-verified	dead terrorsleep
22497	20163	name-verified	dead terrorsleep
22498	20164	otb-only	desecrated skull
22499	20165	name-verified	silencer excretion
22502	20168	name-verified	message in a bottle
22503	20169	name-verified	gravel and chalk in a bucket
22504	20170	name-verified	bucket full of mortar
22505	20171	name-verified	dead retching horror
22506	20172	name-verified	dead retching horror
22507	20173	name-verified	dead retching horror
22508	20174	name-verified	dead retching horror
22509	20175	otb-only	some cracks
22511	20177	otb-only	water wheel
22512	20178	otb-only	water wheel
22513	20179	name-verified	large pile of various bones
22514	20180	otb-only	ransacked pile of bones
22516	20182	name-verified	ring of ending
22517	20183	name-verified	sight of surrender's eye
22518	20184	name-verified	broken visor
22519	20185	otb-only	pottery pieces
22520	20186	otb-only	pottery pieces
22521	20187	otb-only	dead dream butterfly
22522	20188	otb-only	dead dream butterfly
22523	20189	name-verified	tea spoon
22524	20190	name-verified	bowl of tea leaves
22525	20191	name-verified	poison spine
22526	20192	name-verified	poison spine
22527	20193	otb-only	small poison spine
22528	20194	otb-only	cut down poison spine
22529	20195	otb-only	cut down poison spine
22531	20197	otb-only	cut down poison spine
22532	20198	name-verified	frazzle tongue
22533	20199	name-verified	frazzle skin
22534	20200	name-verified	silencer claws
22535	20201	name-verified	silencer resonating chamber
22536	20202	name-verified	dead weight
22537	20203	name-verified	trapped bad dream monster
22538	20204	name-verified	bowl of terror sweat
22539	20205	name-verified	goosebump leather
22540	20206	name-verified	hemp rope
22541	20207	name-verified	pool of chitinous glue
22542	20208	name-verified	string of mending
22543	20209	name-verified	unstable ring of ending
22544	20210	name-verified	filled cup
22546	20212	name-verified	dead demon outcast
22547	20213	name-verified	dead demon outcast
22548	20214	name-verified	dead demon outcast
22549	20215	name-verified	dead demon outcast
22550	20216	name-verified	trough for mortar
22551	20217	otb-only	thick ruined wall
22552	20218	otb-only	thick ruined wall
22553	20219	otb-only	strange pillar
22554	20220	otb-only	strange pillar
22555	20221	name-verified	strange wall
22556	20222	otb-only	strange stones
22557	20223	name-verified	strange wall
22558	20224	name-verified	strange ruined stairs
22559	20225	name-verified	strange ruined stairs
22560	20226	name-verified	ruined pillar
22561	20227	name-verified	ruined pillar
22562	20228	name-verified	dead gaz'haragoth
22563	20229	otb-only	remains of gaz'haragoth
22564	20230	otb-only	remains of gaz'haragoth
22565	20231	otb-only	remains of gaz'haragoth
22566	20232	otb-only	iron floor
22567	20233	name-verified	dead frazzlemaw
22568	20234	name-verified	dead frazzlemaw
22569	20235	name-verified	dead frazzlemaw
22570	20236	name-verified	dead frazzlemaw
22571	20237	name-verified	lava hole
22572	20238	name-verified	lava hole
22573	20239	name-verified	energy prison
22574	20240	name-verified	energy prison
22575	20241	name-verified	energy prison
22576	20242	name-verified	energy prison
22577	20243	name-verified	prison wall
22578	20244	name-verified	prison wall
22579	20245	name-verified	iron ring
22580	20246	name-verified	iron ring
22581	20247	name-verified	strange stones
22582	20248	name-verified	strange stones
22583	20249	name-verified	strange stones
22584	20250	otb-only	strange vortex
22585	20251	otb-only	strange vortex
22587	20253	otb-only	stairs
22588	20254	otb-only	stairs
22589	20255	otb-only	stairs
22590	20256	otb-only	stairs
22591	20257	name-verified	small pillar
22592	20258	name-verified	small pillar
22593	20259	name-verified	stairs
22594	20260	otb-only	ramp
22595	20261	otb-only	ramp
22596	20262	otb-only	ramp
22597	20263	otb-only	ramp
22598	20264	name-verified	unrealized dream
22599	20265	otb-only	skeleton
22600	20266	name-verified	prison wall
22601	20267	name-verified	prison wall
22602	20268	name-verified	energy prison
22603	20269	name-verified	energy prison
22604	20270	name-verified	silver prison key
22605	20271	name-verified	copper prison key
22606	20272	name-verified	bronze prison key
22607	20273	name-verified	golden prison key
22608	20274	name-verified	nightmare horn
22609	20275	name-verified	dream warden claw
22610	20276	name-verified	dream warden mask
22611	20277	name-verified	psychedelic tapestry
22612	20278	name-verified	demonic tapestry
22613	20279	name-verified	eye pod
22614	20280	name-verified	nightmare beacon
22615	20281	name-verified	nightmare beacon
22616	20282	name-verified	nightmare hook
22617	20283	name-verified	dreamcatcher device
22618	20284	name-verified	dreamcatcher device
22619	20285	name-verified	dreamcatcher device
22620	20286	name-verified	dreamcatcher device
22621	20287	name-verified	dreamcatcher device
22622	20288	name-verified	dreamcatcher device
22623	20289	name-verified	dreamcatcher device
22624	20290	name-verified	dreamcatcher device
22625	20291	name-verified	dreamcatcher device
22626	20292	name-verified	dreamcatcher device
22627	20293	name-verified	dreamcatcher device
22628	20294	name-verified	dreamcatcher device
22629	20295	name-verified	dead mawhawk
22630	20296	name-verified	dead mawhawk
22631	20297	name-verified	dead mawhawk
22632	20298	name-verified	dead mawhawk
22634	20300	name-verified	copper lock pedestal
22635	20301	name-verified	copper lock pedestal
22636	20302	otb-only	bronze lock pedestal
22637	20303	otb-only	bronze lock pedestal
22638	20304	otb-only	silver lock pedestal
22639	20305	otb-only	silver lock pedestal
22640	20306	otb-only	golden lock pedestal
22641	20307	otb-only	golden lock pedestal
22642	20308	name-verified	frazzlemaw santa
22643	20309	name-verified	leaf golem santa
22644	20310	name-verified	christmas cookie tray
22645	20311	name-verified	snow globe
22646	20312	name-verified	snow globe
22647	20313	name-verified	santa music box
22648	20314	name-verified	santa music box
22649	20315	name-verified	snow flake tapestry
22650	20316	name-verified	stony pond
22651	20317	name-verified	stony pond
22652	20318	name-verified	stony pond
22653	20319	name-verified	stony pond
22654	20320	name-verified	dream junk
22655	20321	name-verified	dream junk
22656	20322	name-verified	dream junk
22657	20323	name-verified	old flying carpet
22658	20324	otb-only	deep black gap
22662	20328	otb-only	ramp
22663	20329	otb-only	ramp
22664	20330	otb-only	ramp
22665	20331	otb-only	ramp
22666	20332	otb-only	ramp
22667	20333	otb-only	ramp
22668	20334	otb-only	ramp
22669	20335	otb-only	ramp
22670	20336	otb-only	ramp
22671	372	otb-only	muddy floor
22672	614	name-verified	sand
22673	1012	otb-only	sparkling gems
22674	5730	name-verified	sand
22675	8770	otb-only	muddy floor
22676	9174	otb-only	muddy floor
22677	19243	otb-only	crystal teleporter
22678	19400	name-verified	arcane staff
22679	19401	name-verified	sand
22680	19402	name-verified	sand
22681	19403	name-verified	sand
22682	19404	otb-only	remains of the pet
22683	20325	otb-only	kraknaknork's slain pet
22684	20326	otb-only	kraknaknork's slain pet
22685	20327	otb-only	kraknaknork's slain pet
22686	20337	otb-only	dead draptor
22687	20338	otb-only	dead draptor
22688	20339	otb-only	dead draptor
22689	20340	otb-only	dead draptor
22690	20341	name-verified	light rapier
22691	20342	name-verified	jade amulet
22693	20344	name-verified	hole
22696	20347	name-verified	cake backpack
22699	20350	name-verified	cake tapestry
22700	20351	otb-only	slain bibby bloodbath
22701	20352	otb-only	slain bibby bloodbath
22702	20353	otb-only	slain bibby bloodbath
22703	4653	otb-only	shallow water
22704	4654	name-verified	shallow water
22705	4655	name-verified	shallow water
22706	181	name-verified	spider egg
22707	10071	otb-only	fire
22708	12744	otb-only	fire
22709	2131	otb-only	fire
22710	4830	otb-only	some witches' cap mushrooms
22711	9371	otb-only	flame of life
22712	11317	otb-only	slain incarnation
22713	11320	otb-only	slain incarnation
22714	11322	otb-only	slain incarnation
22715	11324	otb-only	slain incarnation
22716	11326	otb-only	slain incarnation
22717	11502	otb-only	large basin
22718	11503	otb-only	large basin
22719	11504	otb-only	large basin
22720	11505	otb-only	large basin
22721	15617	name-verified	small stream
22722	17608	name-verified	swamp
22723	18027	otb-only	mountain
22724	18028	otb-only	mountain
22726	20355	name-verified	melting horn
22727	20356	name-verified	fireproof horn
22728	20357	name-verified	tinder box
22729	20358	name-verified	frozen ursagrodon
22730	20359	otb-only	half-frozen ursagrodon
22731	20360	otb-only	unfrozen ursagrodon
22732	20361	otb-only	ice
22733	20362	otb-only	active geyser
22734	20363	name-verified	geyser
22735	20364	otb-only	pile of bones
22738	20367	name-verified	mountain
22739	20368	name-verified	mountain
22740	20369	name-verified	mountain
22741	20370	name-verified	mountain
22742	20371	name-verified	mountain
22743	20372	name-verified	mountain
22745	20374	name-verified	stone floor
22746	20375	name-verified	stone floor
22747	20376	name-verified	stone floor
22748	20377	name-verified	stone floor
22749	20378	name-verified	stone floor
22750	20379	name-verified	stone floor
22751	20380	name-verified	stone floor
22752	20381	name-verified	stone floor
22753	20382	name-verified	stone floor
22754	20383	name-verified	stone floor
22755	20384	name-verified	stone floor
22756	20385	name-verified	stone floor
22757	20386	name-verified	stone floor
22758	20387	name-verified	stone floor
22759	20388	name-verified	stone floor
22760	20389	name-verified	stone floor
22761	20390	name-verified	stone floor
22762	20391	name-verified	stone floor
22763	20392	name-verified	wall
22764	20393	name-verified	wall
22765	20394	name-verified	wall
22766	20395	name-verified	wall
22767	20396	name-verified	wall
22768	20397	name-verified	wall
22769	20398	name-verified	wall
22770	20399	name-verified	wall
22771	20400	name-verified	wall
22772	20401	name-verified	wall
22773	20402	name-verified	wall
22774	20403	name-verified	wall
22775	20404	name-verified	wall
22776	20405	name-verified	wall
22777	20406	name-verified	wall
22778	20407	name-verified	small wall
22779	20408	name-verified	small wall
22780	20409	name-verified	small wall
22781	20410	otb-only	wall
22782	20411	name-verified	small wall
22783	20412	name-verified	small wall
22784	20413	name-verified	small wall
22785	20414	name-verified	small wall
22786	20415	name-verified	small wall
22787	20416	name-verified	small wall
22788	20417	name-verified	small wall
22789	20418	name-verified	small wall
22790	20419	otb-only	wall foundation
22791	20420	name-verified	city foundation
22792	20421	otb-only	pillar
22793	20422	otb-only	pillar
22794	20423	otb-only	pillar
22795	20424	otb-only	pillar
22796	20425	otb-only	wall
22797	20426	otb-only	wall
22798	20427	otb-only	wall
22799	20428	otb-only	wall
22800	20429	otb-only	wall
22801	20430	otb-only	wall
22802	20431	otb-only	wall
22803	20432	otb-only	wall
22804	20433	otb-only	small wall
22805	20434	otb-only	wall
22806	20435	otb-only	archway
22807	20436	otb-only	archway
22808	20437	otb-only	wall
22809	20438	otb-only	archway
22810	20439	otb-only	archway
22811	20440	otb-only	wall
22812	20441	name-verified	open window
22813	20442	name-verified	open window
22814	20443	name-verified	closed door
22815	20444	name-verified	closed door
22816	20445	name-verified	open door
22817	20446	name-verified	closed door
22818	20447	name-verified	open door
22819	20448	name-verified	gate of expertise
22820	20449	name-verified	gate of expertise
22821	20450	name-verified	closed door
22822	20451	name-verified	open door
22823	20452	name-verified	closed door
22824	20453	name-verified	closed door
22825	20454	name-verified	open door
22826	20455	name-verified	closed door
22827	20456	name-verified	open door
22828	20457	name-verified	gate of expertise
22829	20458	name-verified	gate of expertise
22830	20459	name-verified	closed door
22831	20460	name-verified	open door
22832	20461	name-verified	rosetta window
22833	20462	name-verified	rosetta window
22834	20463	name-verified	rosetta window
22835	20464	name-verified	rosetta window
22836	20465	name-verified	rosetta window
22837	20466	name-verified	rosetta window
22838	20467	name-verified	closed window
22839	20468	name-verified	closed window
22840	20469	otb-only	stairs
22841	20470	otb-only	ladder rungs
22842	20471	otb-only	ladder rungs
22843	20472	otb-only	ladder rungs
22844	20473	otb-only	ladder rungs
22845	20474	otb-only	ladder
22846	20475	otb-only	ladder
22847	20476	name-verified	wall
22848	20477	name-verified	wall
22849	20478	otb-only	pillar
22850	20479	otb-only	pillar
22851	20480	name-verified	buttress
22852	20481	name-verified	buttress
22853	20482	name-verified	buttress
22854	20483	name-verified	buttress
22855	20484	name-verified	buttress
22856	20485	name-verified	buttress
22857	20486	name-verified	city wall
22858	20487	name-verified	city wall
22859	20488	otb-only	sewer entrance
22860	20489	otb-only	sewer entrance
22861	20490	name-verified	sewer cover
22862	20491	name-verified	stairs
22863	20492	name-verified	stairs
22864	20493	name-verified	stairs
22865	20494	name-verified	stairs
22866	20495	name-verified	stairs
22867	20496	name-verified	stairs
22868	20497	name-verified	street lamp
22869	20498	name-verified	street lamp
22870	20499	name-verified	street lamp
22871	20500	name-verified	street lamp
22872	20501	name-verified	candle
22873	20502	name-verified	candle
22874	20503	name-verified	candle
22875	20504	name-verified	candle
22876	20505	otb-only	gear wheel
22877	20506	otb-only	gear wheel
22878	20507	otb-only	gear wheel
22879	20508	otb-only	gear wheel
22889	20518	name-verified	sewer pipe
22890	20519	name-verified	sewer pipe
22891	20520	name-verified	sewer pipe
22892	20521	name-verified	sewer pipe
22893	20522	name-verified	sewer pipe
22894	20523	name-verified	sewer pipe
22895	20524	name-verified	sewer pipe
22896	20525	name-verified	sewer pipe
22897	20526	name-verified	sewer pipe
22898	20527	name-verified	sewer pipe
22899	20528	name-verified	sewer pipe
22900	20529	name-verified	sewer pipe
22901	20530	name-verified	sewer pipe
22902	20531	name-verified	sewer pipe
22903	20532	name-verified	sewer pipe
22904	20533	name-verified	stone floor
22905	20534	name-verified	stone floor
22906	20535	name-verified	stone floor
22907	20536	name-verified	stone floor
22908	20537	name-verified	stone floor
22909	20538	name-verified	stone floor
22910	20539	name-verified	stone floor
22911	20540	name-verified	stone floor
22912	20541	name-verified	stone floor
22913	20542	name-verified	stone floor
22915	20544	name-verified	stone floor
22916	20545	name-verified	stone floor
22917	20546	name-verified	stone floor
22918	20547	name-verified	stone floor
22919	20548	name-verified	stone floor
22920	20549	name-verified	stone floor
22921	20550	name-verified	stone floor
22922	20551	name-verified	stone floor
22923	20552	name-verified	stone floor
22924	20553	name-verified	stone floor
22925	20554	name-verified	stone floor
22926	20555	name-verified	stone floor
22927	20556	name-verified	stone floor
22928	20557	name-verified	stone floor
22929	20558	name-verified	stone floor
22930	20559	name-verified	stone floor
22931	20560	name-verified	stone floor
22932	20561	name-verified	stone floor
22933	20562	name-verified	stone floor
22934	20563	name-verified	stone floor
22935	20564	name-verified	stone floor
22936	20565	name-verified	stone floor
22937	20566	name-verified	stone floor
22938	20567	name-verified	stone floor
22939	20568	name-verified	stone floor
22940	20569	name-verified	stone floor
22941	20570	name-verified	wall
22942	20571	otb-only	greasy wall
22943	20572	name-verified	wall
22944	20573	name-verified	rungs in the wall
22945	20574	otb-only	sewer duct
22946	20575	otb-only	sewer duct
22947	20576	name-verified	wall
22948	20577	name-verified	wall
22949	20578	name-verified	rungs in the wall
22950	20579	otb-only	sewer duct
22951	20580	name-verified	sewer duct
22952	20581	name-verified	barred sewer duct
22953	20582	name-verified	sewer duct
22954	20583	name-verified	wall
22955	20584	name-verified	wall
22956	20585	name-verified	wall
22957	20586	name-verified	wall
22958	20587	name-verified	wall
22959	20588	name-verified	wall
22960	20589	otb-only	greasy wall
22961	20590	name-verified	wall
22962	20591	name-verified	wall
22963	20592	name-verified	wall
22964	20593	otb-only	greasy wall
22965	20594	otb-only	greasy wall
22966	20595	otb-only	greasy wall
22967	20596	name-verified	broken bars
22968	20597	name-verified	broken bars
22969	20598	otb-only	broken bar
22970	20599	otb-only	wall
22971	20600	otb-only	small wall
22972	20601	otb-only	wall
22973	20602	otb-only	small strut
22974	20603	otb-only	broken wall
22975	20604	otb-only	broken wall
22976	20605	otb-only	wall
22977	20606	otb-only	wall
22978	20607	otb-only	broken wall
22979	20608	otb-only	broken wall
22980	20609	otb-only	broken wall
22981	20610	otb-only	wall
22982	20611	otb-only	wall
22983	20612	otb-only	wall
22984	20613	name-verified	broken bars
22985	20614	otb-only	wall
22986	20615	otb-only	broken wall
22987	20616	otb-only	broken wall
22988	20617	otb-only	broken wall
22989	20618	otb-only	broken wall
22990	20619	otb-only	wall
22991	20620	otb-only	broken wall
22992	20621	otb-only	broken wall
22993	20622	otb-only	archway
22994	20623	name-verified	wall
22995	20624	otb-only	lichen
22996	20625	otb-only	lichen
22997	20626	otb-only	sewer lichen
22998	20627	otb-only	lichen
22999	20628	otb-only	sewer lichen
23000	20629	otb-only	greasy wall
23001	20630	otb-only	barred sewer duct
23002	20631	otb-only	greasy wall
23003	20632	otb-only	greasy wall
23004	20633	otb-only	greasy wall
23005	20634	name-verified	wall
23007	20636	otb-only	sewer lichen
23008	20637	otb-only	sewer lichen
23009	20638	otb-only	sewer lichen
23010	20639	otb-only	sewer lichen
23011	20640	otb-only	sewer lichen
23012	20641	otb-only	wall
23013	20642	name-verified	massive metal statue
23014	20643	name-verified	massive metal statue
23015	20644	name-verified	massive metal statue
23016	20645	name-verified	massive metal statue
23017	20646	name-verified	massive metal statue
23018	20647	name-verified	massive metal statue
23019	20648	name-verified	massive metal statue
23020	20649	name-verified	massive metal statue
23021	20650	otb-only	ornamented clock
23022	20651	otb-only	ornamented clock
23023	20652	otb-only	spume
23024	20653	name-verified	spume
23025	20654	name-verified	spume
23026	20655	name-verified	spume
23027	20656	name-verified	spume
23028	20657	name-verified	spume
23029	20658	otb-only	parquet floor
23030	20659	otb-only	nothing special
23031	20660	otb-only	nothing special
23032	20661	otb-only	nothing special
23033	20662	otb-only	archway
23034	20663	name-verified	buttress
23035	20664	name-verified	buttress
23036	20665	otb-only	wall
23037	20666	otb-only	wall
23038	20667	otb-only	wall
23039	20668	otb-only	wall
23041	20670	name-verified	tube
23042	20671	name-verified	tube
23043	20672	name-verified	tube
23044	20673	name-verified	tube
23045	20674	name-verified	tube
23046	20675	name-verified	tube
23047	20676	name-verified	tube
23048	20677	name-verified	tube
23049	20678	otb-only	tube
23050	20679	name-verified	tube
23051	20680	name-verified	tube
23052	20681	name-verified	tube
23053	20682	name-verified	tube
23054	20683	name-verified	tube
23055	20684	name-verified	tube
23056	20685	name-verified	tube
23057	20686	name-verified	tube
23058	20687	name-verified	tube
23059	20688	name-verified	tube
23060	20689	otb-only	tube
23061	20690	name-verified	tube
23062	20691	name-verified	switch
23063	20692	name-verified	switch
23064	20693	name-verified	switch
23065	20694	name-verified	switch
23066	20695	name-verified	switch
23067	20696	name-verified	switch
23068	20697	name-verified	pressure gauge
23069	20698	name-verified	pressure gauge
23070	20699	name-verified	pressure gauge
23071	20700	name-verified	pressure gauge
23072	20701	name-verified	small pressure gauge
23073	20702	name-verified	small pressure gauge
23074	20703	name-verified	small pressure gauge
23075	20704	name-verified	small pressure gauge
23076	20705	name-verified	control switch
23077	20706	name-verified	control switch
23078	20707	name-verified	control switch
23079	20708	name-verified	control switch
23080	20709	otb-only	generators
23081	20710	name-verified	generator
23082	20711	name-verified	generator
23083	20712	otb-only	brown marble floor
23084	20713	name-verified	parquet floor
23085	20714	name-verified	parquet floor
23086	20715	otb-only	parquet
23087	20716	otb-only	parquet
23088	20717	otb-only	parquet
23089	20718	otb-only	parquet
23090	20719	otb-only	parquet
23091	20720	otb-only	parquet
23092	20721	otb-only	parquet
23093	20722	otb-only	parquet
23094	20723	otb-only	parquet
23095	20724	otb-only	parquet
23096	20725	otb-only	parquet
23097	20726	otb-only	parquet
23098	20727	otb-only	metal statue
23099	20728	name-verified	metal statue
23100	20729	otb-only	metal gargoyle
23101	20730	otb-only	metal gargoyle
23102	20731	otb-only	metal gargoyle
23103	20732	otb-only	metal gargoyle
23104	20733	otb-only	tap dripping slime
23105	20734	otb-only	tap dripping slime
23106	20735	otb-only	metal gargoyle
23107	20736	otb-only	metal gargoyle
23108	20737	name-verified	metal statue
23109	20738	name-verified	metal statue
23110	20739	name-verified	metal statue
23111	20740	name-verified	metal statue
23112	20741	name-verified	metal statue
23113	20742	name-verified	metal statue
23114	20743	name-verified	metal statue
23115	20744	name-verified	metal statue
23116	20745	otb-only	tap
23117	20746	name-verified	tap
23118	20747	name-verified	wall
23119	20748	name-verified	wall
23120	20749	name-verified	wall
23121	20750	name-verified	stairs
23122	20751	name-verified	stairs
23123	20752	name-verified	stairs
23124	20753	name-verified	stairs
23125	20754	name-verified	stairs
23126	20755	name-verified	stairs
23127	20756	otb-only	parquet
23128	20757	otb-only	parquet
23129	20758	otb-only	parquet
23130	20759	otb-only	parquet
23131	20760	name-verified	stone floor
23132	20761	name-verified	stone floor
23133	20762	name-verified	stone floor
23134	20763	name-verified	stone floor
23135	20764	name-verified	stone floor
23136	20765	name-verified	stone floor
23137	20766	name-verified	stone floor
23138	20767	name-verified	stone floor
23139	20768	name-verified	stone floor
23140	20769	name-verified	stone floor
23141	20770	name-verified	stone floor
23142	20771	name-verified	stone floor
23143	20772	otb-only	broken gauge
23144	20773	otb-only	broken gauge
23145	20774	otb-only	broken gauge
23146	20775	otb-only	broken gauge
23147	20776	otb-only	broken gauge
23148	20777	otb-only	broken gauge
23149	20778	otb-only	broken gauge
23150	20779	otb-only	broken gauge
23151	20780	name-verified	broken control switch
23152	20781	name-verified	broken control switch
23153	20782	name-verified	broken control switch
23154	20783	name-verified	broken control switch
23155	20784	otb-only	broken generators
23156	20785	name-verified	broken generator
23157	20786	name-verified	broken generator
23158	20787	name-verified	valve
23159	20788	name-verified	valve
23160	20789	otb-only	plug
23161	20790	otb-only	plug
23162	20791	name-verified	slime
23163	20792	name-verified	slime
23164	20793	name-verified	slime
23165	20794	name-verified	slime
23166	20795	name-verified	slime
23167	20796	name-verified	slime
23168	20797	name-verified	runlet
23169	20798	name-verified	runlet
23170	20799	name-verified	runlet
23171	20800	name-verified	runlet
23172	20801	name-verified	roof
23173	20802	name-verified	roof
23174	20803	name-verified	roof
23175	20804	name-verified	roof
23176	20805	name-verified	roof
23177	20806	name-verified	roof
23178	20807	name-verified	roof
23179	20808	name-verified	roof
23180	20809	name-verified	roof
23181	20810	name-verified	roof
23182	20811	name-verified	roof
23183	20812	name-verified	roof
23184	20813	name-verified	roof
23185	20814	name-verified	roof
23186	20815	name-verified	roof
23187	20816	name-verified	roof
23188	20817	name-verified	roof
23189	20818	name-verified	roof
23190	20819	name-verified	roof
23191	20820	name-verified	roof
23192	20821	name-verified	roof
23193	20822	name-verified	roof
23194	20823	name-verified	roof
23195	20824	name-verified	roof
23196	20825	name-verified	roof
23197	20826	name-verified	roof
23198	20827	name-verified	roof
23199	20828	name-verified	roof
23200	20829	name-verified	roof
23201	20830	name-verified	roof
23202	20831	name-verified	roof
23203	20832	name-verified	roof
23204	20833	name-verified	roof
23205	20834	name-verified	roof
23206	20835	name-verified	roof
23207	20836	name-verified	roof
23208	20837	name-verified	roof
23209	20838	name-verified	roof
23210	20839	name-verified	roof
23211	20840	name-verified	roof
23212	20841	name-verified	roof
23213	20842	name-verified	roof
23214	20843	name-verified	roof
23215	20844	name-verified	roof
23216	20845	otb-only	guard plate
23217	20846	otb-only	guard plate
23218	20847	otb-only	guard plate
23219	20848	otb-only	guard plate
23220	20849	otb-only	guard rail
23221	20850	otb-only	guard rail
23222	20851	otb-only	guard rail
23223	20852	otb-only	guard rail
23224	20853	otb-only	guard rail
23225	20854	name-verified	roof
23226	20855	name-verified	roof
23227	20856	name-verified	roof
23228	20857	name-verified	roof
23229	20858	name-verified	roof
23230	20859	name-verified	roof
23231	20860	name-verified	roof
23232	20861	name-verified	roof
23233	20862	name-verified	roof
23234	20863	name-verified	roof
23235	20864	name-verified	roof
23236	20865	name-verified	roof
23237	20866	name-verified	roof
23238	20867	name-verified	roof
23239	20868	name-verified	roof
23240	20869	name-verified	roof
23241	20870	name-verified	roof
23242	20871	name-verified	roof
23243	20872	name-verified	roof
23244	20873	name-verified	roof
23245	20874	name-verified	roof
23246	20875	name-verified	roof
23247	20876	name-verified	roof
23248	20877	name-verified	roof
23249	20878	name-verified	roof
23250	20879	otb-only	guard plate
23251	20880	otb-only	guard plate
23252	20881	otb-only	guard plate
23253	20882	otb-only	guard plate
23254	20883	otb-only	guard plate
23255	20884	otb-only	guard plate
23256	20885	otb-only	guard plate
23257	20886	otb-only	guard plate
23258	20887	name-verified	roof
23259	20888	name-verified	marble floor
23260	20889	name-verified	towel
23261	20890	name-verified	chimney
23262	20891	name-verified	chimney
23263	20892	name-verified	chimney
23264	20893	name-verified	chimney
23265	20894	name-verified	chimney
23266	20895	name-verified	chimney ladder
23267	20896	name-verified	chimney ladder
23268	20897	name-verified	soot
23269	20898	name-verified	soot
23270	20899	name-verified	soot
23271	20900	name-verified	soot
23272	20901	name-verified	grime
23273	20902	name-verified	grime
23274	20903	name-verified	grime
23275	20904	name-verified	grime
23276	20905	otb-only	broken wall
23277	20906	otb-only	broken wall
23278	20907	otb-only	grime
23279	20908	otb-only	grime
23280	20909	otb-only	cracked wall
23281	20910	otb-only	cracked wall
23282	20911	otb-only	cracked wall
23283	20912	otb-only	cracked wall
23284	20913	name-verified	soot
23285	20914	name-verified	soot
23286	20915	name-verified	soot
23287	20916	name-verified	soot
23288	20917	name-verified	grime
23289	20918	name-verified	grime
23290	20919	name-verified	grime
23291	20920	name-verified	grime
23292	20921	otb-only	broken wall
23293	20922	otb-only	broken wall
23294	20923	otb-only	grime
23295	20924	otb-only	grime
23296	20925	name-verified	cracked wall
23297	20926	name-verified	cracked wall
23298	20927	name-verified	cracked wall
23299	20928	name-verified	cracked wall
23300	20929	otb-only	wall
23302	20931	otb-only	broken wall
23303	20932	otb-only	broken wall
23304	20933	otb-only	broken wall
23305	20934	otb-only	broken wall
23306	20935	name-verified	wall
23307	20936	name-verified	wall
23308	20937	name-verified	rubble
23309	20938	name-verified	rubble
23310	20939	name-verified	rubble
23311	20940	name-verified	rubble
23312	20941	name-verified	lattice
23313	20942	name-verified	lattice
23314	20943	name-verified	lattice
23315	20944	name-verified	lattice
23316	20945	name-verified	lattice
23317	20946	name-verified	lattice
23318	20947	name-verified	lattice
23319	20948	name-verified	lattice
23320	20949	otb-only	broken wall
23321	20950	otb-only	broken wall
23322	20951	otb-only	broken wall
23323	20952	otb-only	broken wall
23324	20953	name-verified	slime
23325	20954	name-verified	slime
23326	20955	name-verified	slime
23327	20956	name-verified	slime
23328	20957	name-verified	slime
23329	20958	otb-only	slime drop
23330	20959	otb-only	slime drop
23331	20960	name-verified	slime
23332	20961	name-verified	slime
23333	20962	name-verified	slime
23334	20963	name-verified	slime
23335	20964	name-verified	slime
23336	20965	name-verified	slime
23337	20966	name-verified	slime
23338	20967	name-verified	slime
23339	20968	name-verified	slime
23340	20969	name-verified	slime
23341	20970	name-verified	slime
23342	20971	name-verified	slime
23343	20972	name-verified	dead glooth golem
23344	20973	name-verified	dead glooth golem
23345	20974	name-verified	dead glooth golem
23346	20975	name-verified	dead glooth golem
23347	20976	name-verified	dead metal gargoyle
23348	20977	name-verified	dead metal gargoyle
23349	20978	name-verified	dead metal gargoyle
23350	20979	name-verified	dead metal gargoyle
23351	20980	name-verified	dead blood beast
23352	20981	name-verified	dead blood beast
23353	20982	name-verified	dead blood beast
23354	20983	name-verified	dead blood beast
23355	20984	name-verified	dead rustheap golem
23356	20985	name-verified	dead rustheap golem
23357	20986	name-verified	dead rustheap golem
23358	20987	name-verified	dead rustheap golem
23359	20988	name-verified	dead glooth anemone
23360	20989	name-verified	dead glooth anemone
23361	20990	name-verified	dead glooth anemone
23362	20991	name-verified	dead glooth anemone
23363	20992	name-verified	dead walker
23364	20993	name-verified	dead walker
23365	20994	name-verified	dead walker
23366	20995	name-verified	dead walker
23367	20996	name-verified	dead moohtant
23368	20997	name-verified	dead moohtant
23369	20998	name-verified	dead moohtant
23370	20999	name-verified	dead moohtant
23371	21000	name-verified	dead minotaur amazon
23372	21001	name-verified	dead minotaur amazon
23373	21002	name-verified	dead minotaur amazon
23374	21003	name-verified	dead minotaur amazon
23375	21004	name-verified	dead execowtioner
23376	21005	name-verified	dead execowtioner
23377	21006	name-verified	dead execowtioner
23378	21007	name-verified	dead execowtioner
23379	21008	otb-only	broken sewer pipe
23380	21009	otb-only	broken sewer pipe
23381	21010	otb-only	broken sewer pipe
23382	21011	otb-only	broken sewer pipe
23383	21012	otb-only	corroded tube
23384	21013	otb-only	corroded tube
23385	21014	otb-only	corroded tube
23386	21015	otb-only	corroded tube
23387	21016	otb-only	corroded tube
23388	21017	otb-only	corroded tube
23389	21018	otb-only	corroded tube
23390	21019	otb-only	corroded tube
23391	21020	otb-only	corroded tube
23392	21021	otb-only	corroded tube
23393	21022	otb-only	corroded tube
23394	21023	name-verified	cracked tube
23395	21024	otb-only	corroded tube
23396	21025	otb-only	corroded tube
23397	21026	otb-only	corroded tube
23398	21027	otb-only	corroded tube
23399	21028	otb-only	ripped tube piece
23400	21029	otb-only	ripped tube piece
23401	21030	otb-only	ripped tube piece
23402	21031	otb-only	ripped tube piece
23403	21032	otb-only	ripped tube piece
23404	21033	otb-only	ripped tube piece
23405	21034	name-verified	sewer cover
23406	21035	otb-only	brown marble floor
23407	21036	otb-only	smoking generators
23408	21037	otb-only	smoking generator
23409	21038	otb-only	smoking generator
23410	21039	otb-only	leaky tube
23411	21040	otb-only	leaky tube
23412	21041	otb-only	generators
23413	21042	name-verified	generator
23414	21043	otb-only	broken generator
23415	21044	otb-only	sewer tube
23416	21045	otb-only	sewer tube
23417	21046	name-verified	slime slide
23418	21047	name-verified	slime slide
23419	21048	name-verified	slime slide
23420	21049	name-verified	slime slide
23421	21050	name-verified	elevator
23422	21051	otb-only	winch
23423	21052	otb-only	winch
23424	21053	name-verified	elevator
23425	21054	name-verified	elevator
23426	21055	name-verified	elevator
23427	21056	name-verified	elevator
23428	21057	name-verified	elevator
23429	21058	otb-only	winch
23430	21059	otb-only	winch
23431	21060	name-verified	elevator
23432	21061	name-verified	elevator
23433	21062	name-verified	elevator
23434	21063	name-verified	elevator
23435	21064	name-verified	slimy growth
23436	21065	name-verified	slimy growth
23437	21066	name-verified	slimy growth
23438	21067	name-verified	slimy growth
23439	21068	name-verified	slimy growth
23440	21069	name-verified	slimy growth
23441	21070	name-verified	slimy growth
23442	21071	name-verified	slimy growth
23443	21072	name-verified	slimy growth
23444	21073	name-verified	slimy growth
23445	21074	name-verified	slimy growth
23446	21075	name-verified	slimy growth
23447	21076	name-verified	slimy growth
23448	21077	name-verified	slimy growth
23449	21078	name-verified	slimy growth
23450	21079	name-verified	slimy growth
23451	21080	name-verified	slimy growth
23452	21081	name-verified	slimy growth
23453	21082	name-verified	slimy growth
23454	21083	name-verified	slimy growth
23455	21084	name-verified	slimy growth
23456	21085	name-verified	slimy growth
23457	21086	name-verified	slimy growth
23458	21087	name-verified	slimy growth
23459	21088	name-verified	peppermoon bells
23460	21089	name-verified	blue pollen
23461	21090	otb-only	peppermoon bells
23462	21091	name-verified	dead mooh'tah warrior
23463	21092	name-verified	dead mooh'tah warrior
23464	21093	name-verified	dead mooh'tah warrior
23465	21094	name-verified	dead mooh'tah warrior
23466	21095	name-verified	dead minotaur hunter
23467	21096	name-verified	dead minotaur hunter
23468	21097	name-verified	dead minotaur hunter
23469	21098	name-verified	dead minotaur hunter
23470	21099	name-verified	dead worm priestess
23471	21100	name-verified	dead worm priestess
23472	21101	name-verified	dead worm priestess
23473	21102	name-verified	dead worm priestess
23474	21103	name-verified	glooth injection tube
23475	21104	name-verified	juicy root
23476	21105	name-verified	juicy root
23477	21106	name-verified	harvested root
23478	21107	name-verified	harvested root
23479	21108	otb-only	remains of a glooth blob
23480	21109	name-verified	remains of an glooth blob
23481	21110	name-verified	remains of a rot elemental
23482	21111	name-verified	remains of a rot elemental
23483	21112	name-verified	remains of a rot elemental
23484	21113	name-verified	dead devourer
23485	21114	name-verified	dead devourer
23486	21115	otb-only	slime waterfall
23487	21116	otb-only	slime waterfall
23488	21117	otb-only	slime waterfall
23489	21118	otb-only	slime waterfall
23490	21119	otb-only	slime waterfall
23491	21120	otb-only	slime waterfall
23494	21123	name-verified	dead body of quandon
23495	21124	name-verified	necrometer
23496	21125	name-verified	red lever
23497	21126	name-verified	yellow lever
23498	21127	name-verified	green lever
23499	21128	name-verified	violet lever
23500	21129	name-verified	lever
23501	21130	name-verified	lever
23502	21131	name-verified	lever
23503	21132	name-verified	lever
23505	21134	otb-only	strange metal statue
23506	21135	otb-only	strange metal statue
23507	21136	otb-only	strange metal knight
23508	21137	name-verified	pint of glooth
23509	21138	name-verified	stone floor
23510	21139	name-verified	sewer cover
23511	21140	otb-only	rungs leading up
23512	21141	name-verified	bundle of letters
23513	21142	name-verified	ominously glowing pill
23514	21143	name-verified	glooth sandwich
23515	21144	name-verified	bowl of glooth soup
23516	21145	name-verified	bottle of glooth wine
23517	21146	name-verified	glooth steak
23518	21147	name-verified	particle accelerator
23519	21148	otb-only	hot valve
23520	21149	otb-only	strange metal statue
23521	21150	otb-only	stone floor
23522	21151	otb-only	slimy valve
23523	21152	name-verified	strangely coloured glooth
23524	21153	name-verified	supply crate
23525	21154	name-verified	glooth potion
23526	21155	name-verified	supply crate
23527	21156	name-verified	supply crate
23529	21158	name-verified	glooth spear
23530	21159	name-verified	floating crate of turnips
23532	21161	name-verified	mootant armor rack
23534	21163	name-verified	mootant armor rack
23535	21164	name-verified	glooth cape
23536	21165	name-verified	rubber cap
23537	21166	name-verified	mooh'tah plate
23538	21167	name-verified	heat core
23539	21168	name-verified	alloy legs
23540	21169	name-verified	metal spats
23541	21170	name-verified	gearwheel chain
23542	21171	name-verified	metal bat
23543	21172	name-verified	glooth whip
23544	21173	name-verified	moohtant cudgel
23545	21174	name-verified	mino lance
23546	21175	name-verified	mino shield
23547	21176	name-verified	execowtioner axe
23548	21177	name-verified	cowtana
23549	21178	name-verified	glooth club
23550	21179	name-verified	glooth blade
23551	21180	name-verified	glooth axe
23553	21182	name-verified	glob of glooth
23554	21183	name-verified	glooth amulet
23555	21184	name-verified	cup of cowcoa
23556	21185	name-verified	nozzle for cowcoa
23557	21186	name-verified	control unit
23558	21187	name-verified	cup of cowcoa
23559	21188	name-verified	vial of coloured glooth
23560	21189	name-verified	vial of coloured glooth
23561	21190	otb-only	strangely coloured spume
23562	21191	otb-only	strangely coloured spume
23563	21192	name-verified	mono detector
23564	21193	name-verified	metal jaw
23565	21194	name-verified	slime heart
23566	21195	name-verified	poisoned fang
23567	21196	name-verified	necromantic rust
23568	21197	name-verified	slimy leaf tentacle
23569	21198	name-verified	metal toe
23570	21199	name-verified	giant pacifier
23571	21200	name-verified	moohtant horn
23572	21201	name-verified	execowtioner mask
23573	21202	name-verified	mooh'tah shell
23574	21203	name-verified	glooth bag
23575	21204	name-verified	cowbell
23579	21208	name-verified	strange probing device
23580	21209	otb-only	strange probing device
23581	21210	name-verified	active probing device
23582	21211	otb-only	strange probing device
23583	21212	otb-only	ashes of a device
23584	21213	name-verified	soothe bloom
23585	21214	name-verified	pint of glooth
23586	21215	name-verified	pint of glooth
23587	21216	name-verified	cool gloothy mixture
23588	21217	name-verified	green light
23589	21218	name-verified	lisa's doll
23590	21219	name-verified	one hit wonder
23592	21221	name-verified	jammed sewer grate
23593	21222	name-verified	reinforced pillar
23594	21223	name-verified	reinforced pillar
23595	21224	name-verified	reinforced wall
23596	21225	name-verified	reinforced wall
23597	21226	name-verified	reinforced wall
23598	21227	name-verified	reinforced wall
23599	21228	name-verified	reinforced wall
23600	21229	name-verified	reinforced wall
23601	21230	name-verified	reinforced wall
23602	21231	name-verified	reinforced wall
23603	21232	name-verified	reinforced wall
23604	21233	name-verified	reinforced wall
23605	21234	name-verified	reinforced wall
23606	21235	name-verified	reinforced wall
23607	21236	name-verified	reinforced wall
23608	21237	name-verified	reinforced wall
23609	21238	otb-only	reinforced pillar
23610	21239	otb-only	reinforced wall
23611	21240	otb-only	reinforced wall
23612	21241	otb-only	reinforced wall
23613	21242	otb-only	reinforced wall
23614	21243	otb-only	reinforced wall
23615	21244	otb-only	reinforced wall
23616	21245	otb-only	reinforced wall
23617	21246	otb-only	reinforced wall
23618	21247	otb-only	reinforced pillar
23619	21248	otb-only	reinforced pillar
23620	21249	otb-only	reinforced wall
23621	21250	otb-only	reinforced wall
23622	21251	otb-only	reinforced wall
23623	21252	otb-only	reinforced wall
23624	21253	name-verified	reinforced wheel
23625	21254	name-verified	reinforced wheel
23626	21255	name-verified	reinforced wheel
23627	21256	name-verified	reinforced wheel
23628	21257	name-verified	reinforced pillar
23629	21258	name-verified	reinforced pillar
23630	21259	otb-only	reinforced pillar
23631	21260	otb-only	reinforced pillar
23632	21261	name-verified	reinforced bridge
23633	21262	name-verified	reinforced bridge
23634	21263	name-verified	reinforced bridge
23635	21264	name-verified	reinforced bridge
23636	21265	name-verified	reinforced bridge
23637	21266	name-verified	reinforced bridge
23638	21267	name-verified	reinforced bridge
23639	21268	name-verified	reinforced bridge
23640	21269	name-verified	reinforced bridge
23641	21270	name-verified	reinforced bridge
23642	21271	name-verified	reinforced bridge
23643	21272	name-verified	reinforced bridge
23644	21273	name-verified	reinforced bridge
23645	21274	name-verified	reinforced bridge
23646	21275	otb-only	reinforced bridge
23647	21276	otb-only	reinforced bridge
23648	21277	otb-only	reinforced bridge
23649	21278	otb-only	bronze gargoyle
23650	21279	otb-only	bronze gargoyle
23651	21280	otb-only	bronze wing
23652	21281	otb-only	bronze wing
23653	21282	otb-only	bronze wing
23654	21283	otb-only	bronze wing
23655	21284	name-verified	strong chain
23656	21285	name-verified	strong chain
23657	21286	name-verified	strong chain
23658	21287	name-verified	strong chain
23659	21288	name-verified	strong chain
23660	21289	name-verified	strong chain
23661	21290	name-verified	lever
23662	21291	name-verified	juicy roots
23663	21292	name-verified	feedbag
23664	21293	otb-only	current grand champion
23665	21294	name-verified	parquet floor
23666	21295	name-verified	glooth backpack
23667	21296	name-verified	broken opticorder forge
23668	21297	otb-only	rungs in the wall
23669	21298	name-verified	sewer grate
23671	21300	otb-only	debris
23672	21301	name-verified	crude primitive printout
23673	21302	name-verified	shallow water
23674	21303	name-verified	shallow water
23675	21304	name-verified	shallow water
23676	21305	name-verified	shallow water
23677	21306	name-verified	shallow water
23678	21307	name-verified	shallow water
23682	21311	name-verified	shallow water
23683	21312	name-verified	shallow water
23684	21313	name-verified	shallow water
23685	21314	name-verified	shallow water
23686	21315	name-verified	shallow water
23687	21316	name-verified	shallow water
23688	21317	name-verified	shallow water
23689	21318	name-verified	shallow water
23690	21319	name-verified	shallow water
23691	21320	name-verified	shallow water
23692	21321	name-verified	shallow water
23693	21322	name-verified	shallow water
23694	21323	name-verified	imported water pipe
23695	21324	otb-only	cloud of smoke
23696	21325	otb-only	spider
23697	21326	otb-only	cloud of smoke
23698	21327	otb-only	spider
23702	21331	name-verified	voting results
23703	21332	name-verified	voting results
23704	21333	name-verified	belongings of a deceased
23705	21334	name-verified	belongings of a deceased
23706	21335	name-verified	slime slide
23707	21336	name-verified	slime slide
23712	21341	name-verified	loose stone pile
23713	21342	name-verified	hole
23715	21344	name-verified	hole
23716	21345	name-verified	stone floor
23717	21346	otb-only	white marble floor
23719	21348	name-verified	scorcher
23721	21350	name-verified	chiller
23722	21351	name-verified	light stone shower rune
23723	21352	name-verified	lightest missile rune
23736	21365	otb-only	ladder
23743	21372	name-verified	mr jones's piano
23744	21373	name-verified	forlorn shovel
23745	21374	name-verified	closed trapdoor
23746	21375	name-verified	lost rope
23748	21377	otb-only	dawnfire herb plant
23749	21378	name-verified	torn log book
23750	21379	name-verified	strange amulet
23751	21380	name-verified	hole
23754	21383	name-verified	stone of insight
23758	21387	otb-only	small pagoda
23759	21388	name-verified	lion's mane flower
23760	21389	name-verified	lion's mane flower
23761	21390	name-verified	slightly feline statue
23762	21391	name-verified	ornamented stone pedestal
23763	21392	otb-only	silver key
23764	21393	otb-only	translation scroll
23765	21394	name-verified	well with a lion-like face
23766	21395	otb-only	some broken shells
23767	21396	name-verified	piece of a shell
23768	21397	name-verified	piece of a shell
23769	21398	name-verified	dead goblin
23770	21399	name-verified	dead goblin
23771	21400	name-verified	spellbook of the novice
23772	21401	name-verified	broken wooden shield
23773	21402	name-verified	old nasty
23777	21406	name-verified	stone floor
23778	21407	name-verified	stone floor
23779	21408	name-verified	stone floor
23780	21409	name-verified	stone floor
23781	21410	otb-only	spellbook
23782	21411	name-verified	shopping bag
23783	21412	name-verified	dead explorer
23784	21413	name-verified	old parchment
23785	21414	name-verified	shallow water
23786	21415	otb-only	cot
23787	21416	name-verified	worn out pirate boots
23788	21417	name-verified	worn dress
23789	21418	name-verified	smelly leather legs
23790	21419	name-verified	book
23791	21420	name-verified	book
23792	21421	name-verified	book
23793	21422	name-verified	book
23794	21423	name-verified	book
23795	21424	name-verified	book
23796	21425	name-verified	parchment
23797	21426	name-verified	broken brown glass
23798	21427	name-verified	paladin's bow
23799	21428	otb-only	simple arrows
23800	21429	otb-only	wooden shield
23801	21430	name-verified	simple dagger
23802	21431	name-verified	scorcher
23803	21432	name-verified	lightest missile rune
23804	21433	name-verified	chiller
23805	21434	name-verified	light stone shower rune
23806	21435	name-verified	black knight doll
23807	21436	name-verified	black knight doll
23808	21437	name-verified	stone tile with a socket
23809	21438	otb-only	ornamented fountain
23810	21439	name-verified	lion's heart
23811	21440	name-verified	stone tile with a socket
23812	21441	name-verified	stone tile with a socket
23813	21442	name-verified	stone tile with a socket
23814	21443	otb-only	remains of an old amphora
23816	21445	name-verified	war backpack
23817	21446	name-verified	dead woodling
23818	21447	name-verified	dead woodling
23819	21448	name-verified	dead woodling
23820	21449	name-verified	dead woodling
23821	21450	name-verified	dead meadow strider
23822	21451	name-verified	dead meadow strider
23823	21452	name-verified	dead meadow strider
23824	21453	name-verified	dead meadow strider
23825	21454	name-verified	dead dawnfly
23826	21455	name-verified	dead dawnfly
23827	21456	name-verified	dead dawnfly
23828	21457	name-verified	dead dawnfly
23833	21462	otb-only	red flame
23834	9100	name-verified	mystic flame
23835	21466	name-verified	ewer with holy water
23836	21467	name-verified	translation scroll
23837	21468	name-verified	translation scroll
23838	21469	name-verified	eggs of a sacred snake
23839	21470	name-verified	simple arrow
23840	21471	otb-only	dead snake
23841	21472	name-verified	ancient sacrificial stone
23842	21473	name-verified	ancient sacrificial stone
23843	21474	otb-only	dead snake
23844	21475	name-verified	dead sacred snake
23845	21476	name-verified	dead snake
23846	727	name-verified	lava
23847	21478	name-verified	lava
23848	21479	name-verified	lava
23849	21480	name-verified	lava
23850	21481	name-verified	lava
23851	21482	name-verified	lava
23853	21484	otb-only	small lava cracks
23854	21485	otb-only	small lava cracks
23855	21486	otb-only	small lava cracks
23856	21487	otb-only	small lava cracks
23857	21488	name-verified	lava
23858	21489	name-verified	lava
23859	21490	name-verified	lava
23860	21491	name-verified	lava
23861	21492	name-verified	lava
23862	21493	name-verified	lava
23863	21494	name-verified	lava
23864	21495	name-verified	lava
23865	21496	name-verified	lava
23866	21497	name-verified	lava
23867	21498	name-verified	lava
23868	21499	name-verified	lava
23869	21500	name-verified	water vortex
23870	21501	name-verified	dirt floor
23871	21502	name-verified	pendulum clock
23872	21503	otb-only	globe of the world
23873	21504	name-verified	vial of medusa blood
23874	21505	name-verified	flask with oil and blood
23875	21506	name-verified	flask of medusa's ointment
23876	21507	name-verified	pinch of crystal dust
23877	21508	name-verified	coral stone
23878	21509	name-verified	coral stone
23879	21510	name-verified	coral stone
23880	21511	name-verified	coral stone
23881	21512	name-verified	coral stone
23882	21513	name-verified	coral stone
23883	21514	name-verified	coral stone
23884	21515	name-verified	coral stone
23885	21516	name-verified	coral stone
23886	21517	name-verified	coral stone
23887	21518	name-verified	coral stone
23888	21519	name-verified	coral stone
23889	21520	name-verified	coral stone
23890	21521	name-verified	coral stone
23891	21522	name-verified	coral stone
23892	21523	name-verified	coral stone
23893	21524	name-verified	coral stone
23894	21525	name-verified	coral stone
23895	21526	name-verified	coral stone
23896	21527	name-verified	coral stone
23897	21528	name-verified	coral stone
23898	21529	name-verified	coral stone
23899	21530	name-verified	coral stone
23900	21531	name-verified	coral stone
23901	21532	name-verified	coral stone
23902	21533	name-verified	coral stone
23903	21534	name-verified	coral stone
23904	21535	name-verified	coral stone
23905	21536	name-verified	coral stone
23906	21537	name-verified	coral stone
23907	21538	name-verified	coral stone
23908	21539	name-verified	coral stone
23909	21540	name-verified	coral stone
23910	21541	name-verified	coral stone
23911	21542	name-verified	coral stone
23912	21543	name-verified	coral stone
23913	21544	name-verified	coral stone
23914	21545	name-verified	coral stone
23915	21546	name-verified	coral stone
23916	21547	name-verified	coral stone
23917	21548	name-verified	coral stone
23918	21549	name-verified	coral stone
23919	21550	name-verified	coral stone
23920	21551	name-verified	coral stone
23921	21552	name-verified	coral stone
23922	21553	name-verified	coral stone
23923	21554	name-verified	small crystal bell
23924	21555	otb-only	coral stone
23925	21556	otb-only	coral stone
23926	21557	otb-only	coral stone
23927	21558	name-verified	coral stone
23928	21559	name-verified	coral stone
23929	21560	name-verified	coral stone
23930	21561	name-verified	coral stone
23931	21562	name-verified	coral stone
23932	21563	name-verified	coral stone
23933	21564	otb-only	ramp
23934	21565	name-verified	ramp
23935	21566	otb-only	ramp
23936	21567	name-verified	ramp
23937	21568	otb-only	ramp
23938	21569	name-verified	ramp
23939	21570	otb-only	ramp
23940	21571	name-verified	ramp
23941	21572	name-verified	bloodstained crystal
23942	21573	name-verified	wooden grinder
23944	21575	name-verified	ocean floor
23945	21576	name-verified	ocean floor
23946	21577	name-verified	ocean floor
23947	21578	name-verified	ocean floor
23948	21579	name-verified	ocean floor
23949	21580	name-verified	ocean floor
23950	21581	name-verified	rock
23951	21582	name-verified	rock
23952	21583	name-verified	rock
23953	21584	name-verified	rock
23954	21585	name-verified	rock
23955	21586	name-verified	ocean floor
23956	21587	name-verified	ocean floor
23957	21588	name-verified	ocean floor
23958	21589	name-verified	ocean floor
23959	21590	name-verified	ocean floor
23960	21591	name-verified	ocean floor
23961	21592	name-verified	ocean floor
23962	21593	name-verified	ocean floor
23963	21594	name-verified	ocean floor
23964	21595	name-verified	ocean floor
23965	21596	name-verified	ocean floor
23966	21597	name-verified	ocean floor
24029	21660	name-verified	broken stone tile
24030	21661	name-verified	broken stone tile
24031	21662	name-verified	broken stone tile
24032	21663	name-verified	broken stone tile
24033	21664	name-verified	broken stone tile
24034	21665	name-verified	broken stone tile
24035	21666	name-verified	broken stone tile
24036	21667	name-verified	broken stone tile
24037	21668	name-verified	broken stone tile
24038	21669	name-verified	broken stone tile
24039	21670	name-verified	broken stone tile
24040	21671	name-verified	broken stone tile
24041	21672	name-verified	broken stone tile
24042	21673	name-verified	broken stone tile
24043	21674	name-verified	broken stone tile
24044	21675	name-verified	broken stone tile
24045	21676	name-verified	stone floor
24046	21677	name-verified	stone floor
24047	21678	name-verified	stone floor
24048	21679	name-verified	stone floor
24049	21680	name-verified	stone floor
24050	21681	name-verified	stone floor
24062	21693	otb-only	carved stone tile
24063	21694	otb-only	carved stone tile
24065	21696	otb-only	carved stone tile
24066	21697	otb-only	ornamented floor
24067	21698	otb-only	ornamented floor
24068	21699	otb-only	ornamented floor
24069	21700	otb-only	ornamented floor
24070	21701	otb-only	ornamented floor
24071	21702	otb-only	ornamented floor
24072	21703	otb-only	ornamented floor
24073	21704	otb-only	ornamented floor
24074	21705	otb-only	ornamented floor
24075	21706	otb-only	stone floor
24076	21707	otb-only	stone floor
24077	21708	otb-only	stone floor
24078	21709	otb-only	stone floor
24079	21710	otb-only	stone floor
24080	21711	otb-only	stone floor
24081	21712	otb-only	ornamented floor
24082	21713	otb-only	ornamented floor
24083	21714	otb-only	ornamented floor
24084	21715	otb-only	ornamented floor
24085	21716	otb-only	ornamented floor
24086	21717	otb-only	ornamented floor
24087	21718	otb-only	ornamented floor
24088	21719	otb-only	ornamented floor
24089	21720	otb-only	ornamented floor
24090	21721	otb-only	snake ornament
24091	21722	otb-only	snake ornament
24092	21723	otb-only	snake ornament
24093	21724	otb-only	snake ornament
24094	21725	otb-only	snake ornament
24095	21726	otb-only	snake ornament
24096	21727	otb-only	snake ornament
24097	21728	otb-only	snake ornament
24098	21729	otb-only	snake ornament
24099	21730	otb-only	snake ornament
24100	21731	otb-only	snake ornament
24101	21732	otb-only	snake ornament
24102	21733	otb-only	snake ornament
24103	21734	otb-only	snake ornament
24104	21735	otb-only	snake ornament
24105	21736	otb-only	snake ornament
24106	21737	otb-only	stone floor
24108	21739	otb-only	maelstrom
24109	21740	otb-only	water channel
24110	21741	name-verified	hot geyser
24112	21743	name-verified	strange machine
24113	21744	name-verified	strange machine
24114	21745	name-verified	brandon's wedding ring
24115	21746	name-verified	cursed gold
24116	21747	name-verified	seacrest pearl
24117	21748	name-verified	orb of life everchanging
24118	21749	name-verified	nacre altar
24119	21750	name-verified	hoard of cursed gold
24120	21751	name-verified	stone snake shrine
24121	21752	name-verified	broken orb of light undying
24122	21753	name-verified	nacre slab
24123	21754	name-verified	sea ear
24124	21755	name-verified	bronze gear wheel
24126	21757	name-verified	calibrated indicator gauge
24127	21758	name-verified	copper valve
24128	21759	name-verified	strange device
24130	21761	name-verified	glooth converter
24135	21766	name-verified	glass tube
24136	21767	name-verified	filled glooth converter
24137	21768	name-verified	crimson crest mushroom
24138	21769	name-verified	vial of mushroom distillate
24139	21770	name-verified	drowned seaman's skull
24141	21772	name-verified	slime
24142	21773	name-verified	slime
24143	21774	name-verified	slime
24147	21778	name-verified	slime
24148	21779	name-verified	slime
24149	21780	name-verified	slime
24150	21781	name-verified	slime
24151	21782	name-verified	slime
24152	21783	name-verified	slime
24153	21784	name-verified	slime
24154	21785	name-verified	slime
24155	21786	otb-only	slime
24156	21787	name-verified	broken nacre altar
24157	21788	otb-only	slime
24158	21789	otb-only	slime
24159	21790	otb-only	slime
24160	21791	name-verified	strange statue
24161	21792	name-verified	copper valve
24162	21793	otb-only	valve plug
24163	21794	name-verified	ancient sundial
24164	21795	otb-only	time compass
24165	21796	name-verified	nacre altar
24166	21797	name-verified	strange statue
24167	21798	name-verified	large seashell
24168	21799	name-verified	large seashell
24169	21800	name-verified	seacrest scale
24170	21801	name-verified	seacrest hair
24171	21802	name-verified	wicker basket
24172	21803	name-verified	bottle of gloo
24173	21804	otb-only	orb of darkness eternal
24174	21805	otb-only	orb of light undying
24175	21806	name-verified	crimson crest mushroom
24176	21807	otb-only	crimson crest mushroom stem
24177	21808	name-verified	rest of life energy
24178	21809	name-verified	spark of light
24179	21810	name-verified	maelstrom of darkness
24180	21811	name-verified	cloud of earth energy
24181	21812	name-verified	orb of life everchanging
24182	21813	otb-only	dulled orb of light undying
24183	21814	name-verified	glooth capsule
24184	21815	name-verified	magma chunk
24185	21816	name-verified	tainted glooth capsule
24186	21817	name-verified	glooth extractor
24187	21818	name-verified	ashes
24188	21819	name-verified	steel spider silk
24189	21820	name-verified	spool of steel silk yarn
24190	21821	otb-only	yarn-winding winch
24191	21822	name-verified	weaving loom winch
24192	21823	name-verified	weaving loom
24193	21824	name-verified	weaving loom
24194	21825	name-verified	yarn-winding winch
24195	21826	name-verified	small gloothworm tubes
24196	21827	name-verified	small gloothworm tubes
24197	21828	name-verified	small gloothworm tubes
24198	21829	name-verified	small gloothworm tubes
24199	21830	name-verified	spider
24200	21831	name-verified	spider
24201	21832	name-verified	spider
24202	21833	name-verified	irrigation funnel
24203	21834	name-verified	water distilling machine
24204	21835	name-verified	water distilling machine
24205	21836	name-verified	edible rock fungus
24206	21837	name-verified	fungus powder
24207	21838	name-verified	vial of distilled water
24208	21839	name-verified	pink gloud essence
24209	21840	name-verified	glooth plasma
24210	21841	name-verified	glooth farina
24211	21842	otb-only	harvested mushroom
24212	21843	name-verified	flower-adorned statue
24213	21844	name-verified	small gloothworm tubes
24214	21845	name-verified	small gloothworm tubes
24215	21846	name-verified	glooth data machine
24216	21847	name-verified	glooth data machine
24217	21848	name-verified	glooth data machine
24218	21849	name-verified	glooth data machine
24219	21850	name-verified	dead rat
24220	21851	name-verified	dinky moss floret
24221	21852	name-verified	dinky moss floret
24222	21853	name-verified	dinky moss floret
24223	21854	name-verified	dinky moss floret stalks
24224	21855	name-verified	dinky moss floret stalks
24225	21856	name-verified	dinky moss floret garland
24226	21857	name-verified	interwoven moss florets
24227	21858	otb-only	heap of rubbish
24230	21861	name-verified	nacre slab
24231	21862	name-verified	nacre slab
24232	21863	otb-only	dead noble lion
24233	21864	otb-only	dead noble lion
24234	21865	otb-only	dead noble lion
24235	21866	otb-only	dead noble lion
24236	21867	name-verified	torn piece of cloth
24237	21868	name-verified	badly made piece of cloth
24238	21869	name-verified	soft piece of cloth
24239	21870	name-verified	airtight cloth
24240	21871	name-verified	balloon cloth
24241	21872	name-verified	glooth vinegar
24242	21873	name-verified	strong cloth
24243	21874	name-verified	bookcase
24244	21875	otb-only	glooth cauldron
24245	21876	name-verified	bottle of airtight gloo
24246	21877	name-verified	milking fork
24247	21878	name-verified	spider
24248	10847	name-verified	black crystals
24249	21880	name-verified	gas bag
24250	21881	name-verified	full gas bag
24251	21882	name-verified	dead glooth bandit
24253	21884	name-verified	dead glooth bandit
24254	21885	name-verified	dead glooth bandit
24255	21886	name-verified	dead glooth bandit
24256	21887	otb-only	remains of a glooth bomb
24257	21888	name-verified	dead glooth brigand
24258	21889	name-verified	dead glooth brigand
24259	21890	name-verified	dead glooth brigand
24260	21891	name-verified	dead glooth brigand
24261	21892	name-verified	crest of the deep seas
24262	21893	name-verified	dead seacrest serpent
24263	21894	name-verified	dead seacrest serpent
24264	21895	name-verified	dead seacrest serpent
24265	21896	name-verified	dead seacrest serpent
24266	21897	name-verified	glooth glider blueprint
24267	21898	name-verified	roll of covering
24268	21899	name-verified	glooth glider tubes and wires
24269	21900	otb-only	remains of deep terror
24270	21901	name-verified	glooth glider casing
24271	21902	name-verified	glooth glider crank
24272	21903	otb-only	remains of deep terror
24273	21904	otb-only	remains of deep terror
24274	21905	name-verified	glooth glider hinge
24275	21906	name-verified	glooth glider gear wheel
24276	21907	otb-only	remains of glooth horror
24277	21908	otb-only	remains of glooth horror
24278	21909	otb-only	remains of glooth horror
24279	21910	otb-only	remains of professor maxxen
24280	21911	otb-only	remains of professor maxxen
24281	21912	otb-only	remains of professor maxxen
24282	21913	otb-only	remains of a tentacle
24283	21914	name-verified	hoard of cursed gold
24284	21915	name-verified	hoard of cursed gold
24285	21916	name-verified	hoard of cursed gold
24286	21917	name-verified	hoard of cursed gold
24287	21918	name-verified	hoard of cursed gold
24288	21919	name-verified	hoard of cursed gold
24289	21920	otb-only	hoard of gold
24290	21921	name-verified	hoard of cursed gold
24291	21922	name-verified	hoard of cursed gold
24292	21923	name-verified	hoard of cursed gold
24293	21924	name-verified	hoard of cursed gold
24294	21925	name-verified	hoard of cursed gold
24295	21926	name-verified	hoard of cursed gold
24296	21927	name-verified	hoard of cursed gold
24297	21928	name-verified	hoard of cursed gold
24298	21929	name-verified	hoard of cursed gold
24299	21930	name-verified	hoard of cursed gold
24300	21931	name-verified	hoard of cursed gold
24301	21932	name-verified	receipt
24302	21933	name-verified	receipt
24303	21934	name-verified	black crystal shards
24304	21935	name-verified	grass
24305	21936	name-verified	lapis-crested vase
24306	21937	name-verified	remains of a lapis vase
24309	21940	name-verified	destroyed machinery
24310	21941	name-verified	destroyed machinery
24311	21942	name-verified	destroyed machinery
24312	21943	name-verified	destroyed machinery
24314	21945	name-verified	large amphora
24315	21946	otb-only	remains of an amphora
24316	21947	name-verified	midnight panther doll
24317	21948	name-verified	midnight panther doll
24319	21950	name-verified	witches' cap spot
24321	21952	name-verified	maxxen santa
24322	21953	name-verified	truelove teddy
24323	21954	name-verified	crimson rose
24324	21955	name-verified	sweetheart ring
24325	21956	name-verified	dead deepling tyrant
24326	21957	name-verified	dead deepling tyrant
24327	21958	name-verified	dead deepling tyrant
24328	21959	name-verified	dead deepling tyrant
24329	21960	otb-only	remains of a glooth bomb
24330	21961	otb-only	remains of a glooth bomb
24331	21962	name-verified	assassin doll
24332	21963	name-verified	assassin doll
24333	12078	otb-only	stone
24334	12259	otb-only	stone
24335	12261	otb-only	stone
24336	12303	otb-only	stone
24618	21463	otb-only	blue flame
24620	21964	name-verified	hoard of dragon gold
24621	21965	name-verified	snow
24622	21966	name-verified	rock soil
24623	21967	name-verified	grass
24624	21968	name-verified	ocean floor
24626	21970	name-verified	closed door
24627	21971	otb-only	hole
24628	21972	name-verified	pitfall
24629	21973	name-verified	some cracks
24630	21974	name-verified	golden lotus brooch
24631	21975	name-verified	peacock feather fan
24633	21977	name-verified	remains of a tainted soul
24634	21978	otb-only	remains of a freed soul
24635	21979	name-verified	remains of a tainted soul
24636	21980	otb-only	remains of a freed soul
24637	21981	name-verified	oriental shoes
24638	21982	name-verified	nightmare teddy
24639	21983	otb-only	remains of a gloom wolf
24640	21984	name-verified	dead gloom wolf
24641	21985	name-verified	dead gloom wolf
24642	21986	name-verified	dead gloom wolf
24643	21987	otb-only	remains of an asura
24644	21988	otb-only	remains of an asura
24645	21989	name-verified	dead dawnfire asura
24646	21990	name-verified	dead dawnfire asura
24647	21991	name-verified	dead dawnfire asura
24648	21992	name-verified	dead midnight asura
24649	21993	name-verified	dead midnight asura
24650	21994	name-verified	dead midnight asura
24651	21995	name-verified	dead omnivora
24652	21996	name-verified	dead omnivora
24653	21997	name-verified	dead omnivora
24654	21998	name-verified	dead omnivora
24655	21999	name-verified	remains of oodok
24656	22000	name-verified	remains of oodok
24657	22001	name-verified	remains of oodok
24658	22002	name-verified	remains of oodok
24659	22003	name-verified	remains of arthom
24660	22004	name-verified	remains of arthom
24661	22005	name-verified	remains of arthom
24662	22006	name-verified	remains of arthom
24663	22007	name-verified	gloom wolf fur
24664	22008	name-verified	antler talisman
24665	22009	name-verified	sacred antler talisman
24666	22010	name-verified	dead werebear
24667	22011	name-verified	dead werebear
24668	22012	name-verified	dead werebear
24669	22013	name-verified	dead werebear
24670	22014	otb-only	dead vicious squire
24671	22015	name-verified	dead renegade knight
24672	22016	name-verified	dead vile grandmaster
24673	22017	otb-only	dead vicious squire
24674	22018	otb-only	dead vicious squire
24675	22019	otb-only	dead vicious squire
24676	22020	name-verified	dead renegade knight
24677	22021	name-verified	dead renegade knight
24678	22022	name-verified	dead renegade knight
24679	22023	name-verified	dead vile grandmaster
24680	22024	name-verified	dead vile grandmaster
24681	22025	name-verified	dead vile grandmaster
24682	22026	name-verified	phoenix statue
24683	22027	name-verified	dragon eye
24684	22028	name-verified	noble sword
24699	22043	otb-only	arrow
24702	22046	otb-only	bolt
24703	22047	otb-only	power bolt
24704	22048	otb-only	sniper arrow
24705	22049	otb-only	piercing bolt
24706	22050	name-verified	simple arrow
24707	22051	name-verified	werebadger claws
24708	22052	name-verified	werewolf fangs
24709	22053	name-verified	wereboar hooves
24710	22054	name-verified	wereboar tusks
24711	22055	name-verified	werebadger skull
24712	22056	name-verified	werebear skull
24713	22057	name-verified	werebear fur
24714	22058	name-verified	vial of liquid silver
24715	22059	name-verified	silvered trap
24716	22060	name-verified	werewolf amulet
24717	22061	name-verified	enchanted werewolf amulet
24718	22062	name-verified	werewolf helmet
24719	22063	name-verified	purple nightshade
24720	22064	name-verified	blooming purple nightshade
24721	22065	otb-only	moon rays
24722	22066	name-verified	dead wereboar
24723	22067	name-verified	dead werebadger
24724	22068	name-verified	dead wereboar
24725	22069	name-verified	dead wereboar
24726	22070	name-verified	dead wereboar
24727	22071	name-verified	dead werebadger
24728	22072	name-verified	dead werebadger
24729	22073	name-verified	dead werebadger
24730	22074	name-verified	closed silvered trap
24731	22075	name-verified	silver vein
24732	22076	name-verified	strangely glowing mark
24733	22077	name-verified	strangely glowing mark
24734	22078	otb-only	remains of a ghost wolf
24735	22079	otb-only	remains of a ghost wolf
24736	22080	otb-only	remains of a ghost wolf
24737	22081	otb-only	remains of a ghost wolf
24738	22082	name-verified	purple nightshade blossoms
24739	22083	name-verified	moonlight crystals
24740	22084	name-verified	wolf backpack
24741	22085	name-verified	fur armor
24742	22086	name-verified	badger boots
24743	22087	name-verified	wereboar loincloth
24744	22088	name-verified	enchanted werewolf helmet
24745	22089	name-verified	remains of feroxa
24746	22090	name-verified	remains of feroxa
24747	22091	name-verified	remains of feroxa
24748	22092	name-verified	remains of feroxa
24749	22093	name-verified	werebadger trophy
24750	22094	name-verified	werebadger trophy
24751	22095	name-verified	wereboar trophy
24752	22096	name-verified	wereboar trophy
24753	22097	name-verified	werebear trophy
24754	22098	name-verified	werebear trophy
24755	22099	name-verified	trophy of feroxa
24756	22100	name-verified	trophy of feroxa
24757	22101	name-verified	werebadger trophy
24758	22102	name-verified	wereboar trophy
24759	22103	name-verified	werebear trophy
24760	22104	name-verified	trophy of feroxa
24762	22106	otb-only	water channel
24763	22107	name-verified	adventurer's map
24764	22108	otb-only	remains of tzumrah
24765	22109	otb-only	remains of tzumrah
24766	22110	otb-only	remains of tzumrah
24767	22111	otb-only	remains of tzumrah
24769	22113	name-verified	enchanted werewolf helmet
24770	22114	name-verified	enchanted werewolf helmet
24771	22115	name-verified	enchanted werewolf helmet
24772	22116	name-verified	enchanted werewolf helmet
24773	22117	otb-only	remains of feroxa
24774	22118	otb-only	store coins
24775	22119	name-verified	burst arrow
24776	22120	name-verified	little adventurer doll
24777	22121	name-verified	little adventurer doll
24780	22124	name-verified	remains of owin
24782	22126	name-verified	remains of owin
24783	22127	name-verified	enchanted werewolf helmet
24784	22128	name-verified	enchanted werewolf helmet
24785	22129	name-verified	enchanted werewolf helmet
24786	22130	name-verified	enchanted werewolf helmet
24787	22131	name-verified	remains of owin
24788	22132	name-verified	enchanted werewolf helmet
24789	22133	name-verified	remains of owin
24790	22134	name-verified	enchanted werewolf amulet
24791	22135	name-verified	dead elder forest fury
24792	22136	name-verified	dead elder forest fury
24793	22137	name-verified	dead elder forest fury
24794	22138	name-verified	dead elder forest fury
24795	22139	name-verified	dead ogre shaman
24796	22140	name-verified	dead ogre shaman
24797	22141	name-verified	dead ogre shaman
24798	22142	name-verified	dead ogre shaman
24799	22143	name-verified	dead ogre brute
24800	22144	name-verified	dead ogre brute
24801	22145	name-verified	dead ogre brute
24802	22146	name-verified	dead ogre brute
24803	22147	name-verified	dead ogre savage
24804	22148	name-verified	dead ogre savage
24805	22149	name-verified	dead ogre savage
24806	22150	name-verified	dead ogre savage
24807	22151	otb-only	doll
24808	22152	otb-only	doll
24809	22153	name-verified	dark wizard's crown
24810	22154	name-verified	dark wizard's crown
24812	22156	name-verified	stairs
24813	22157	otb-only	stairs
24814	22158	name-verified	bones
24815	22159	name-verified	bones
24816	22160	name-verified	rite of eternal night
24817	22161	otb-only	sacred statue
24818	22162	otb-only	stone coffin
24819	22163	otb-only	sacred statue
24820	22164	otb-only	stone wall
24821	22165	otb-only	stone wall
24822	22166	otb-only	blood well
24823	22167	otb-only	blood well
24824	22168	otb-only	blood well
24825	22169	otb-only	blood well
24826	22170	name-verified	house silversun's signet ring
24827	22171	name-verified	ogre klubba
24828	22172	name-verified	ogre choppa
24829	22173	otb-only	stone wall
24830	22174	name-verified	part of the godbreaker
24831	22175	name-verified	part of the godbreaker
24832	22176	name-verified	part of the godbreaker
24833	22177	name-verified	part of the godbreaker
24834	22178	name-verified	part of the godbreaker
24835	22179	name-verified	part of the godbreaker
24836	22180	name-verified	part of the godbreaker
24838	22182	name-verified	teleportation rod
24839	22183	name-verified	ogre scepta
24840	22184	name-verified	shamanic talisman
24841	22185	name-verified	prickly pear
24842	22186	name-verified	raw meat
24843	22187	name-verified	roasted meat
24844	22188	name-verified	ogre ear stud
24845	22189	name-verified	ogre nose ring
24846	22190	name-verified	painted gourd rattle
24847	22191	name-verified	skull fetish
24848	22192	name-verified	shamanic mask
24849	22193	name-verified	onyx chip
24850	22194	name-verified	opal
24851	22195	name-verified	onyx pendant
24852	22196	otb-only	glowing green sphere
24908	22252	otb-only	sign
24909	22253	otb-only	sign
24910	22254	name-verified	bone flute
24911	22255	name-verified	large cauldron
24912	22256	name-verified	large cauldron
24913	22257	name-verified	large cauldron
24914	22258	name-verified	large cauldron
24915	22259	name-verified	cooking pillar
24916	22260	name-verified	cooking pillar
24917	22261	name-verified	cooking pillar
24918	22262	name-verified	cooking pillar
24919	22263	otb-only	ledger
24920	22264	otb-only	ledger
24921	22265	otb-only	ledger
24922	22266	otb-only	ledger
24923	22267	otb-only	ledger
24924	22268	otb-only	ledger
24925	22269	otb-only	turning handle
24926	22270	otb-only	turning handle
24927	22271	name-verified	grained stone
24928	22272	name-verified	grained stone
24929	22273	name-verified	grained stone
24930	22274	name-verified	grained stone
24931	22275	name-verified	grained stone
24932	22276	name-verified	grained stone
24933	22277	name-verified	grained stone
24934	22278	otb-only	strange runes
24935	22279	otb-only	strange runes
24936	22280	otb-only	strange runes
24937	22281	otb-only	strange runes
24938	22282	otb-only	strange runes
24939	22283	name-verified	ruddy rock
24940	22284	name-verified	ruddy rock
24941	22285	name-verified	ruddy rock
24942	22286	name-verified	ruddy rock
24943	22287	name-verified	ruddy rock
24944	22288	name-verified	ruddy rock
24945	22289	name-verified	ruddy rock
24946	22290	name-verified	cactus tree
24947	22291	name-verified	cactus tree
24948	22292	name-verified	dragonfruit tree
24949	22293	name-verified	juniper tree
24950	22294	name-verified	small juniper tree
24951	22295	name-verified	tuft palm
24952	22296	name-verified	tuft palm
24953	22297	name-verified	small tuft palm
24954	22298	name-verified	flowering cactus
24955	22299	name-verified	flowering cactus
24956	22300	name-verified	tanning rack
24957	22301	name-verified	tanning rack
24958	22302	name-verified	tanned rhino hide
24959	22303	name-verified	tanned rhino hide
24960	22304	name-verified	tanning rack
24961	22305	name-verified	tanning rack
24962	22306	name-verified	tanned rhino hide
24963	22307	name-verified	tanned rhino hide
24964	22308	name-verified	heavy anvil
24965	22309	name-verified	heavy anvil
24966	22310	name-verified	rhino hide
24967	22311	name-verified	rhino hide
24968	22312	name-verified	rhino hide
24969	22313	name-verified	rhino hide
24970	22314	name-verified	rhino hide
24971	22315	name-verified	rhino hide
24972	22316	name-verified	rhino hide
24973	22317	name-verified	rhino hide
24974	22318	name-verified	heavy stone hammer
24975	22319	name-verified	heavy stone hammer
24976	22320	name-verified	stone hammer
24977	22321	name-verified	stone hammer
24978	22322	name-verified	large pliers
24979	22323	name-verified	large pliers
24980	22324	name-verified	bone spiked club
24981	22325	name-verified	stone spiked club
24982	22326	name-verified	bone spiked club
24983	22327	name-verified	stone spiked club
24984	22328	name-verified	large totem pole
24985	22329	name-verified	large totem pole
24986	22330	name-verified	large totem pole
24987	22331	name-verified	large totem pole
24988	22332	name-verified	large totem pole
24989	22333	name-verified	large totem pole
24990	22334	name-verified	clay hut
24991	22335	name-verified	clay hut
24992	22336	name-verified	clay hut entrance
24993	22337	name-verified	clay hut entrance
24994	22338	name-verified	chimney
24995	22339	name-verified	chimney
24996	22340	name-verified	painted tusks
24997	22341	name-verified	painted tusks
24998	22342	name-verified	painted tusks
24999	22343	name-verified	painted tusks
25000	22344	name-verified	painted tusks
25001	22345	name-verified	painted tusks
25002	22346	otb-only	painted tusk
25003	22347	otb-only	painted tusk
25004	22348	name-verified	grass
25005	22349	name-verified	grass
25006	22350	name-verified	grass
25007	22351	name-verified	grass
25008	22352	name-verified	grass
25009	22353	name-verified	grass
25010	22354	name-verified	grass
25011	22355	name-verified	dry floor
25012	22356	name-verified	dry floor
25013	22357	name-verified	dry floor
25014	22358	name-verified	dry floor
25015	22359	name-verified	dry floor
25016	22360	name-verified	dry floor
25017	22361	name-verified	golden quartzes
25018	22362	otb-only	dry grass
25019	22363	otb-only	dry grass
25020	22364	otb-only	dry grass
25021	22365	otb-only	dry grass
25022	22366	otb-only	dry grass
25023	22367	otb-only	dry grass
25024	22368	otb-only	dry grass
25025	22369	otb-only	dry grass
25026	22370	otb-only	dry grass
25027	22371	otb-only	dry grass
25028	22372	otb-only	dry grass
25029	22373	otb-only	dry grass
25030	22374	otb-only	dry grass
25031	22375	otb-only	dry grass
25032	22376	otb-only	dry grass
25033	22377	otb-only	dry grass
25034	22378	otb-only	dry grass
25035	22379	otb-only	dry grass
25036	22380	otb-only	dry grass
25037	22381	otb-only	dry grass
25038	22382	otb-only	dry grass
25039	22383	otb-only	dry grass
25040	22384	otb-only	dry grass
25041	22385	otb-only	dry grass
25042	22386	otb-only	dry grass
25043	22387	otb-only	dry grass
25044	22388	otb-only	dry grass
25045	22389	otb-only	dry grass
25046	22390	otb-only	dry grass
25047	22391	otb-only	dry grass
25048	22392	otb-only	dry grass
25049	22393	otb-only	dry grass
25050	22394	otb-only	dry grass
25051	22395	otb-only	dry grass
25052	22396	otb-only	dry grass
25053	22397	otb-only	dry grass
25054	22398	otb-only	dry grass
25055	22399	otb-only	dry grass
25056	22400	otb-only	dry grass
25057	22401	otb-only	dry grass
25058	22402	otb-only	dry grass
25059	22403	otb-only	dry grass
25060	22404	otb-only	dry grass
25061	22405	otb-only	dry grass
25062	22406	otb-only	dry grass
25063	22407	otb-only	dry grass
25064	22408	otb-only	dry grass
25065	22409	otb-only	dry grass
25066	22410	name-verified	salt incrusted floor
25067	22411	name-verified	salt incrusted floor
25068	22412	name-verified	salt incrusted floor
25069	22413	name-verified	salt incrusted floor
25070	22414	name-verified	salt incrusted floor
25071	22415	name-verified	salt incrusted floor
25072	22416	name-verified	salt incrusted floor
25073	22417	name-verified	salt incrusted floor
25074	22418	name-verified	salt incrusted floor
25075	22419	name-verified	salt incrusted floor
25076	22420	name-verified	salt incrusted floor
25077	22421	name-verified	salt incrusted floor
25078	22422	name-verified	salt incrusted floor
25079	22423	name-verified	salt incrusted floor
25080	22424	name-verified	salt incrusted floor
25081	22425	name-verified	salt incrusted floor
25082	22426	name-verified	salt incrusted floor
25083	22427	name-verified	salt incrusted floor
25084	22428	name-verified	salt incrusted floor
25085	22429	name-verified	salt incrusted floor
25086	22430	name-verified	salt incrusted floor
25087	22431	name-verified	salt incrusted floor
25088	22432	name-verified	salt incrusted floor
25089	22433	name-verified	salt incrusted floor
25090	22434	name-verified	salt incrusted floor
25091	22435	name-verified	salt incrusted floor
25092	22436	name-verified	salt incrusted floor
25093	22437	name-verified	salt incrusted floor
25094	22438	name-verified	salt incrusted floor
25095	22439	name-verified	salt incrusted floor
25096	22440	name-verified	salt incrusted floor
25097	22441	name-verified	salt incrusted floor
25098	22442	name-verified	salt incrusted floor
25099	22443	name-verified	salt incrusted floor
25100	22444	name-verified	salt incrusted floor
25101	22445	name-verified	salt incrusted floor
25102	22446	name-verified	salt incrusted floor
25103	22447	name-verified	salt incrusted floor
25104	22448	name-verified	salt incrusted floor
25105	22449	name-verified	salt incrusted floor
25106	22450	name-verified	salt incrusted floor
25107	22451	name-verified	salt incrusted floor
25108	22452	name-verified	salt incrusted floor
25109	22453	name-verified	salt incrusted floor
25110	22454	name-verified	salt incrusted floor
25111	22455	name-verified	salt incrusted floor
25112	22456	name-verified	salt incrusted floor
25113	22457	name-verified	salt incrusted floor
25114	22458	name-verified	tent
25115	22459	name-verified	tent
25116	22460	name-verified	tent
25117	22461	name-verified	tent
25118	22462	name-verified	tent
25119	22463	name-verified	tent
25120	22464	name-verified	tent
25121	22465	name-verified	tent
25122	22466	name-verified	tent
25123	22467	name-verified	tent
25124	22468	name-verified	tent
25125	22469	name-verified	tent
25126	22470	name-verified	tent
25127	22471	name-verified	tent
25128	22472	name-verified	tent
25129	22473	name-verified	tent
25130	22474	name-verified	tent
25131	22475	name-verified	tent
25132	22476	name-verified	tent
25133	22477	name-verified	tent
25134	22478	name-verified	tent
25135	22479	name-verified	tent
25136	22480	name-verified	tent
25137	22481	name-verified	tent
25138	22482	name-verified	tent
25139	22483	name-verified	tent
25140	22484	name-verified	tent
25141	22485	name-verified	tent
25142	22486	name-verified	tent
25143	22487	name-verified	tent
25144	22488	name-verified	tent
25145	22489	name-verified	tent
25146	22490	name-verified	tent
25147	22491	name-verified	tent
25148	22492	name-verified	tent
25149	22493	name-verified	tent
25151	22495	otb-only	demonic remains
25152	22496	otb-only	demonic remains
25153	22497	otb-only	demonic remains
25154	22498	name-verified	painted tusks
25155	22499	name-verified	painted tusks
25156	22500	name-verified	painted tusks
25157	22501	name-verified	painted tusks
25158	22502	otb-only	closed door
25159	22503	otb-only	open door
25160	22504	otb-only	closed door
25161	22505	otb-only	open door
25162	22506	name-verified	closed door
25163	22507	name-verified	open door
25164	22508	name-verified	closed door
25165	22509	name-verified	open door
25172	22516	name-verified	silver token
25173	22517	otb-only	wooden stairs
25174	22518	name-verified	fireheart cuirass
25175	22519	name-verified	fireheart hauberk
25176	22520	name-verified	fireheart platemail
25177	22521	name-verified	earthheart cuirass
25178	22522	name-verified	earthheart hauberk
25179	22523	name-verified	earthheart platemail
25180	22524	name-verified	thunderheart cuirass
25181	22525	name-verified	thunderheart hauberk
25182	22526	name-verified	thunderheart platemail
25183	22527	name-verified	frostheart cuirass
25184	22528	name-verified	frostheart hauberk
25185	22529	name-verified	frostheart platemail
25186	22530	name-verified	firesoul tabard
25187	22531	name-verified	earthsoul tabard
25188	22532	name-verified	thundersoul tabard
25189	22533	name-verified	frostsoul tabard
25190	22534	name-verified	firemind raiment
25191	22535	name-verified	earthmind raiment
25192	22536	name-verified	thundermind raiment
25193	22537	name-verified	frostmind raiment
25194	22538	otb-only	stone tile
25195	22539	otb-only	stone tile
25196	22540	otb-only	stone tile
25197	22541	otb-only	stone tile
25198	22542	name-verified	dry floor
25199	22543	name-verified	dry floor
25200	22544	name-verified	stone wall
25201	22545	name-verified	stone wall
25202	22546	name-verified	stone wall
25203	22547	name-verified	stone wall
25204	22548	name-verified	stone wall
25205	22549	name-verified	stone wall
25206	22550	name-verified	stone wall
25207	22551	name-verified	stone wall
25208	22552	name-verified	stone wall
25209	22553	name-verified	stone wall
25210	22554	name-verified	stone wall
25211	22555	name-verified	stone wall
25212	22556	name-verified	stone wall
25213	22557	name-verified	stone wall
25214	22558	otb-only	small stone wall
25215	22559	otb-only	small stone wall
25216	22560	otb-only	small stone wall
25217	22561	otb-only	small stone wall
25218	22562	name-verified	stone wall
25219	22563	name-verified	stone wall
25220	22564	name-verified	stone wall
25221	22565	name-verified	stairs
25222	22566	name-verified	stairs
25223	22567	otb-only	archway
25224	22568	otb-only	archway
25225	22569	otb-only	archway
25226	22570	otb-only	archway
25235	22579	otb-only	broken stone wall
25236	22580	otb-only	broken stone wall
25237	22581	otb-only	broken stone wall
25238	22582	otb-only	broken stone wall
25239	22583	otb-only	broken stone wall
25240	22584	otb-only	broken stone wall
25241	22585	otb-only	pure energy
25242	22586	otb-only	pure energy
25243	22587	otb-only	pure energy
25244	22588	otb-only	pure energy
25245	22589	otb-only	pure energy
25246	22590	otb-only	pure energy
25247	22591	otb-only	pure energy
25248	22592	otb-only	pure energy
25249	22593	otb-only	pure energy
25250	22594	otb-only	pure energy
25251	22595	otb-only	pure energy
25252	22596	otb-only	pure energy
25253	22597	otb-only	pure energy
25254	22598	otb-only	pure energy
25255	22599	otb-only	pure energy
25256	22600	otb-only	pure energy
25257	22601	otb-only	pure energy
25258	22602	otb-only	pure energy
25259	22603	otb-only	pure energy
25260	22604	otb-only	pure energy
25261	22605	otb-only	pure energy
25262	22606	otb-only	pure energy
25263	22607	otb-only	pure energy
25264	22608	otb-only	pure energy
25265	22609	otb-only	pure energy
25266	22610	otb-only	pure energy
25267	22611	otb-only	pure energy
25268	22612	otb-only	pure energy
25269	22613	otb-only	pure energy
25270	22614	otb-only	pure energy
25271	22615	otb-only	pure energy
25272	22616	otb-only	pure energy
25273	22617	otb-only	pure energy
25274	22618	otb-only	pure energy
25282	22626	name-verified	large pile of bones
25283	22627	otb-only	closed door
25284	22628	otb-only	closed door
25285	22629	otb-only	open door
25286	22630	otb-only	gate of expertise
25287	22631	otb-only	gate of expertise
25288	22632	otb-only	closed door
25289	22633	otb-only	open door
25290	22634	otb-only	closed door
25291	22635	otb-only	closed door
25292	22636	otb-only	open door
25293	22637	otb-only	gate of expertise
25294	22638	otb-only	gate of expertise
25295	22639	otb-only	closed door
25296	22640	otb-only	open door
25298	22642	name-verified	clay pot
25299	22643	name-verified	moon flower
25300	22644	name-verified	parrot's beak plant
25301	22645	name-verified	skull orchid
25302	22646	name-verified	single oxalis
25303	22647	name-verified	several oxalis
25304	22648	name-verified	voodoo lily
25305	22649	name-verified	shark teeth
25306	22650	name-verified	rattling gourd
25307	22651	name-verified	gourd
25308	22652	name-verified	red paint
25312	22656	name-verified	voodoo lily pollen
25314	22658	name-verified	floating green flask
25315	22659	name-verified	dragon egg shells
25316	22660	name-verified	grey-blue powder
25317	22661	name-verified	flask of greasy red oil
25318	22662	name-verified	hyaena trap
25319	22663	name-verified	trapped hyaena
25320	22664	name-verified	sleeping hyaena
25321	22665	name-verified	ogre rune stones
25322	22666	name-verified	ogre rune stones
25323	22667	otb-only	ogre rune stone
25324	22668	name-verified	ogre rune stones
25325	22669	name-verified	ogre rune stones
25326	22670	otb-only	pebbles
25327	22671	otb-only	pebbles
25328	22672	otb-only	pebble
25329	22673	otb-only	pebbles
25330	22674	otb-only	pebble
25331	22675	name-verified	lava
25332	22676	name-verified	dragon's nest
25333	22677	otb-only	stone
25334	22678	name-verified	opticorder analyser
25335	22679	name-verified	opticorder analyser
25336	22680	name-verified	large pliers
25337	22681	name-verified	heavy stone hammer
25338	22682	name-verified	goblin bone key
25339	22683	name-verified	crude treadmill
25340	22684	name-verified	greasy stone
25341	22685	name-verified	dead goblin
25342	22686	name-verified	dead goblin
25343	22687	name-verified	dead goblin
25344	22688	otb-only	rock
25345	22689	otb-only	wooden treadmill
25346	22690	name-verified	greasy stone
25347	22691	name-verified	dead goblin
25348	22692	name-verified	carafe of water binding
25349	22693	name-verified	dead holy bog frog
25350	22694	name-verified	poison salt crystal
25351	22695	name-verified	crystallized salt
25352	22696	name-verified	crude water conveyor
25353	22697	name-verified	crude water conveyor
25354	22698	name-verified	purified soul
25359	22703	otb-only	crystallized salt
25360	22704	name-verified	botanist's container
25361	22705	name-verified	ancient map
25362	22706	name-verified	rolled-up parchment
25363	22707	name-verified	opticompass sphere
25364	22708	name-verified	golden quartz powder
25365	22709	name-verified	dry floor
25366	22710	name-verified	ogre beer
25367	22711	otb-only	crossbow of swordfish
25368	22712	name-verified	hopgoblin's broken staff
25369	22713	name-verified	sugatrap's obsidian lance
25372	22716	name-verified	stone tile
25373	22717	name-verified	stone tile
25374	22718	name-verified	stone tile
25375	22719	name-verified	stone tile
25376	22720	name-verified	iron token
25377	22721	name-verified	gold token
25378	22722	name-verified	copper token
25379	22723	name-verified	platinum token
25380	22724	name-verified	titanium token
25381	22725	name-verified	rift lamp
25382	22726	name-verified	rift shield
25383	22727	name-verified	rift lance
25384	22728	name-verified	vexclaw talon
25385	22729	name-verified	pair of hellflayer horns
25386	22730	name-verified	some grimeleech wings
25387	22731	name-verified	rift tapestry
25388	22732	name-verified	rift tapestry
25389	22733	otb-only	tapestry
25390	22734	name-verified	rift lamp
25391	22735	name-verified	lit rift lamp
25392	22736	name-verified	rift carpet
25393	22737	name-verified	folded rift carpet
25394	22738	name-verified	stone wall
25395	22739	name-verified	mysterious metal egg
25396	22740	name-verified	culled clomp
25397	22741	name-verified	culled clomp
25398	22742	name-verified	dead clomp
25399	22743	name-verified	dead clomp
25400	22744	name-verified	dead clomp
25401	22745	name-verified	dead clomp
25402	22746	name-verified	ancient amulet
25403	22747	otb-only	rift into nothingnes
25404	22748	otb-only	corkscrew stairs
25405	22749	name-verified	stairs
25406	22750	name-verified	grille
25410	22754	name-verified	visage of the end days
25411	22755	name-verified	book of lies
25412	22756	name-verified	treader of torment
25413	22757	name-verified	shroud of despair
25414	22758	name-verified	death gaze
25415	22759	name-verified	plague bite
25416	22760	name-verified	impaler of the igniter
25417	22761	otb-only	magic forcefield
25418	22762	name-verified	maimer
25419	22763	name-verified	shaggy ogre bag
25420	22764	name-verified	ferumbras' staff
25421	22765	name-verified	ferumbras' staff
25422	22766	name-verified	ferumbras' staff
25423	22767	name-verified	ferumbras' amulet
25424	22768	name-verified	ferumbras' amulet
25425	22769	name-verified	ferumbras' mana keg
25426	22770	name-verified	ferumbras' mana keg
25427	22771	name-verified	scroll of ascension
25428	22772	name-verified	scroll of ascension
25429	22773	name-verified	boots of homecoming
25430	22774	name-verified	boots of homecoming
25431	22775	name-verified	ferumbras' teddy
25432	22776	name-verified	slain vexclaw
25433	22777	name-verified	slain vexclaw
25434	22778	name-verified	slain vexclaw
25435	22779	name-verified	slain vexclaw
25436	22780	name-verified	slain grimeleech
25437	22781	name-verified	slain grimeleech
25438	22782	name-verified	slain grimeleech
25439	22783	name-verified	slain grimeleech
25440	22784	name-verified	slain hellflayer
25441	22785	name-verified	slain hellflayer
25442	22786	name-verified	slain hellflayer
25443	22787	name-verified	slain hellflayer
25449	22793	otb-only	stone pavement
25450	22794	otb-only	letter
25451	22795	name-verified	metal grate
25452	22796	name-verified	arena banner
25453	22797	name-verified	depot box i
25454	22798	name-verified	depot box ii
25455	22799	name-verified	depot box iii
25456	22800	name-verified	depot box iv
25457	22801	name-verified	depot box v
25458	22802	name-verified	depot box vi
25459	22803	name-verified	depot box vii
25460	22804	name-verified	depot box viii
25461	22805	name-verified	depot box ix
25462	22806	name-verified	depot box x
25463	22807	name-verified	depot box xi
25464	22808	name-verified	depot box xii
25465	22809	name-verified	depot box xiii
25466	22810	name-verified	depot box xiv
25467	22811	name-verified	depot box xv
25468	22812	name-verified	depot box xvi
25469	22813	name-verified	depot box xvii
25519	22863	name-verified	test voodoo doll
25520	22864	otb-only	dead elgar
25521	22865	name-verified	mysterious scroll
25522	22866	name-verified	rift bow
25523	22867	name-verified	rift crossbow
25524	22868	name-verified	golden goblet
25525	22869	name-verified	demon oak wood
25526	22870	name-verified	throwing star of sula
25527	22871	name-verified	behemoth taming stone
25528	22872	otb-only	rock
25529	22873	otb-only	grave flower
25530	22874	otb-only	stalk
25531	22875	otb-only	empty coal basin
25532	22876	name-verified	coal basin
25533	22877	name-verified	metal grate
25534	22878	name-verified	metal grate
25535	22879	name-verified	ferumbras' teddy santa
25536	22880	name-verified	grass
25537	22881	otb-only	stalk
25541	22885	name-verified	bird nest
25545	22889	name-verified	shield of destiny
25546	22890	name-verified	shield of destiny
25548	22892	otb-only	black marble floor
25549	22893	name-verified	rift floor
25550	22894	name-verified	vortex
25704	23048	name-verified	rift floor
25705	23049	name-verified	rift floor
25706	23050	name-verified	rift floor
25707	23051	name-verified	rift floor
25708	23052	name-verified	rift floor
25709	23053	name-verified	rift floor
25710	23054	otb-only	holes in the floor
25711	23055	otb-only	hole in the floor
25712	23056	otb-only	hole in the floor
25713	23057	name-verified	rift floor
25716	23060	name-verified	rift floor
25719	23063	name-verified	rift floor
25722	23066	name-verified	rift floor
25725	23069	name-verified	rift floor
25728	23072	name-verified	rift floor
25731	23075	name-verified	rift floor
25734	23078	name-verified	rift floor
25737	23081	name-verified	rift floor
25740	23084	name-verified	rift floor
25743	23087	name-verified	rift floor
25746	23090	name-verified	rift floor
25751	23095	otb-only	glowing wall
25752	23096	otb-only	glowing wall
25753	23097	name-verified	overgrown rift floor
25754	23098	name-verified	overgrown rift floor
25755	23099	otb-only	rift floor
25756	23100	otb-only	rift floor
25757	23101	otb-only	rift floor
25758	23102	otb-only	rift floor
25759	23103	otb-only	rift floor
25760	23104	otb-only	rift floor
25761	23105	otb-only	rift floor
25762	23106	otb-only	rift floor
25763	23107	otb-only	rift floor
25764	23108	otb-only	rift floor
25765	23109	otb-only	rift floor
25766	23110	otb-only	rift floor
25767	23111	name-verified	rift floor
25768	23112	name-verified	rift floor
25769	23113	name-verified	rift floor
25770	23114	otb-only	glowing energy vein
25775	23119	otb-only	glowing energy vein
25780	23124	otb-only	glowing energy vein
25785	23129	otb-only	glowing energy vein
25790	23134	otb-only	glowing energy vein
25795	23139	otb-only	nubs
25796	23140	otb-only	strange colours
25800	23144	name-verified	rift wall
25801	23145	name-verified	rift wall
25802	23146	name-verified	rift wall
25803	23147	name-verified	rift wall
25804	23148	name-verified	rift wall
25805	23149	name-verified	rift wall
25806	23150	name-verified	rift wall
25807	23151	name-verified	rift wall
25808	23152	name-verified	rift wall
25809	23153	name-verified	rift wall
25810	23154	otb-only	glowing vortex
25811	23155	otb-only	glowing vortex
25812	23156	otb-only	glowing vortex
25813	23157	otb-only	glowing vortex
25814	23158	otb-only	glowing vortex
25815	23159	otb-only	glowing vortex
25816	23160	otb-only	glowing vortex
25817	23161	otb-only	glowing vortex
25818	23162	otb-only	glowing vortex
25819	23163	name-verified	rift pinnacle
25820	23164	name-verified	rift pinnacle
25821	23165	otb-only	rift jag
25822	23166	otb-only	rift jag
25823	23167	otb-only	rift jag
25824	23168	name-verified	rift pinnacle
25825	23169	name-verified	rift pinnacle
25826	23170	otb-only	rift pinnacle
25827	23171	otb-only	rift pinnacle
25828	23172	name-verified	rift archway
25829	23173	name-verified	rift archway
25830	23174	name-verified	rift archway
25831	23175	name-verified	rift archway
25832	23176	name-verified	rift archway
25833	23177	name-verified	rift archway
25834	23178	otb-only	crack
25835	23179	otb-only	stone
25836	23180	otb-only	stone
25837	23181	name-verified	strange growth
25838	23182	name-verified	strange growth
25839	23183	otb-only	black bubbles
25840	23184	otb-only	black bubbles
25841	23185	otb-only	crack
25842	23186	otb-only	crack
25845	23189	otb-only	black stones
25847	23191	otb-only	black stones
25848	23192	otb-only	black stones
25851	23195	otb-only	black stones
25852	23196	otb-only	black stones
25853	23197	otb-only	black stones
25854	23198	otb-only	black stones
25855	23199	otb-only	black stones
25856	23200	otb-only	black stones
25857	23201	otb-only	black stones
25858	23202	otb-only	black stones
25859	23203	otb-only	dark stone
25860	23204	otb-only	black stone
25861	23205	otb-only	black stone
25862	23206	otb-only	black stone
25863	23207	otb-only	black stone
25864	23208	otb-only	black stone
25865	23209	otb-only	black stone
25866	23210	otb-only	black stone
25867	23211	otb-only	black stones
25868	23212	otb-only	black stone
25869	23213	otb-only	black stone
25870	23214	otb-only	crackling energy
25871	23215	otb-only	crackling energy
25872	23216	otb-only	crackling energy
25873	23217	otb-only	crackling energy
25874	23218	otb-only	crackling energy
25875	23219	otb-only	crackling energy
25876	23220	otb-only	crackling energy
25877	23221	otb-only	crackling energy
25878	23222	otb-only	crackling energy
25879	23223	otb-only	blade of mayhem
25880	23224	otb-only	slayer of mayhem
25881	23225	otb-only	axe of mayhem
25882	23226	otb-only	chopper of mayhem
25883	23227	otb-only	mace of mayhem
25884	23228	otb-only	hammer of mayhem
25885	23229	otb-only	bow of mayhem
25886	23230	otb-only	crossbow of mayhem
25887	23231	otb-only	wand of mayhem
25888	23232	otb-only	rod of mayhem
25889	23233	otb-only	blade of mayhem
25890	23234	otb-only	slayer of mayhem
25891	23235	otb-only	axe of mayhem
25892	23236	otb-only	chopper of mayhem
25893	23237	otb-only	mace of mayhem
25894	23238	otb-only	hammer of mayhem
25895	23239	otb-only	bow of mayhem
25896	23240	otb-only	crossbow of mayhem
25897	23241	otb-only	wand of mayhem
25898	23242	otb-only	rod of mayhem
25899	23243	otb-only	blade of mayhem
25900	23244	otb-only	slayer of mayhem
25901	23245	otb-only	axe of mayhem
25902	23246	otb-only	chopper of mayhem
25903	23247	otb-only	mace of mayhem
25904	23248	otb-only	hammer of mayhem
25905	23249	otb-only	crossbow of mayhem
25906	23250	otb-only	bow of mayhem
25907	23251	otb-only	wand of mayhem
25908	23252	otb-only	rod of mayhem
25909	23253	otb-only	blade of mayhem
25910	23254	otb-only	slayer of mayhem
25911	23255	otb-only	axe of mayhem
25912	23256	otb-only	chopper of mayhem
25913	23257	otb-only	mace of mayhem
25914	23258	otb-only	hammer of mayhem
25915	23259	otb-only	bow of mayhem
25916	23260	otb-only	crossbow of mayhem
25917	23261	otb-only	wand of mayhem
25918	23262	otb-only	rod of mayhem
25919	23263	otb-only	blade of remedy
25920	23264	otb-only	blade of remedy
25921	23265	otb-only	blade of remedy
25922	23266	otb-only	blade of remedy
25923	23267	otb-only	slayer of remedy
25924	23268	otb-only	slayer of remedy
25925	23269	otb-only	slayer of remedy
25926	23270	otb-only	slayer of remedy
25927	23271	otb-only	axe of remedy
25928	23272	otb-only	axe of remedy
25929	23273	otb-only	axe of remedy
25930	23274	otb-only	axe of remedy
25931	23275	otb-only	chopper of remedy
25932	23276	otb-only	chopper of remedy
25933	23277	otb-only	chopper of remedy
25934	23278	otb-only	chopper of remedy
25935	23279	otb-only	mace of remedy
25936	23280	otb-only	mace of remedy
25937	23281	otb-only	mace of remedy
25938	23282	otb-only	mace of remedy
25939	23283	otb-only	hammer of remedy
25940	23284	otb-only	hammer of remedy
25941	23285	otb-only	hammer of remedy
25942	23286	otb-only	hammer of remedy
25943	23287	otb-only	bow of remedy
25944	23288	otb-only	bow of remedy
25945	23289	otb-only	bow of remedy
25946	23290	otb-only	bow of remedy
25947	23291	otb-only	crossbow of remedy
25948	23292	otb-only	crossbow of remedy
25949	23293	otb-only	crossbow of remedy
25950	23294	otb-only	crossbow of remedy
25951	23295	otb-only	wand of remedy
25952	23296	otb-only	wand of remedy
25953	23297	otb-only	wand of remedy
25954	23298	otb-only	wand of remedy
25955	23299	otb-only	rod of remedy
25956	23300	otb-only	rod of remedy
25957	23301	otb-only	rod of remedy
25958	23302	otb-only	rod of remedy
25959	23303	otb-only	blade of carving
25960	23304	otb-only	blade of carving
25961	23305	otb-only	blade of carving
25962	23306	otb-only	blade of carving
25963	23307	otb-only	slayer of carving
25964	23308	otb-only	slayer of carving
25965	23309	otb-only	slayer of carving
25966	23310	otb-only	slayer of carving
25967	23311	otb-only	axe of carving
25968	23312	otb-only	axe of carving
25969	23313	otb-only	axe of carving
25970	23314	otb-only	axe of carving
25971	23315	otb-only	chopper of carving
25972	23316	otb-only	chopper of carving
25973	23317	otb-only	chopper of carving
25974	23318	otb-only	chopper of carving
25975	23319	otb-only	mace of carving
25976	23320	otb-only	mace of carving
25977	23321	otb-only	mace of carving
25978	23322	otb-only	mace of carving
25979	23323	otb-only	hammer of carving
25980	23324	otb-only	hammer of carving
25981	23325	otb-only	hammer of carving
25982	23326	otb-only	hammer of carving
25983	23327	otb-only	bow of carving
25984	23328	otb-only	bow of carving
25985	23329	otb-only	bow of carving
25986	23330	otb-only	bow of carving
25987	23331	otb-only	crossbow of carving
25988	23332	otb-only	crossbow of carving
25989	23333	otb-only	crossbow of carving
25990	23334	otb-only	crossbow of carving
25991	23335	otb-only	wand of carving
25992	23336	otb-only	wand of carving
25993	23337	otb-only	wand of carving
25994	23338	otb-only	wand of carving
25995	23339	otb-only	rod of carving
25996	23340	otb-only	rod of carving
25997	23341	otb-only	rod of carving
25998	23342	otb-only	rod of carving
25999	23343	name-verified	crater
26000	23344	otb-only	strange colours
26005	23349	name-verified	crater
26006	23350	name-verified	crater
26007	23351	name-verified	crater
26010	23354	name-verified	rift wall
26011	23355	name-verified	rift wall
26012	23356	name-verified	rift wall
26013	23357	name-verified	rift wall
26016	23360	otb-only	strange colours
26018	23362	otb-only	strange colours
26019	23363	otb-only	dark floor
26020	23364	otb-only	hole
26021	23365	otb-only	fire
26022	23366	name-verified	energy trap
26023	23367	otb-only	smoke trap
26024	23368	name-verified	poison trap
26025	23369	name-verified	blade trap
26026	23370	name-verified	spike trap
26027	23371	otb-only	strange slits
26028	23372	otb-only	strange holes
26029	23373	name-verified	ultimate mana potion
26030	23374	name-verified	ultimate spirit potion
26031	23375	name-verified	supreme health potion
26032	23376	otb-only	stones
26033	23377	otb-only	stones
26034	23378	otb-only	stones
26035	23379	otb-only	stone
26036	23380	otb-only	stone
26037	23381	otb-only	stone
26038	23382	otb-only	stone
26039	23383	otb-only	stone
26040	23384	otb-only	stone
26041	23385	otb-only	stone
26042	23386	otb-only	stone
26043	23387	otb-only	stone
26044	23388	name-verified	dead sparkion
26045	23389	name-verified	dead sparkion
26046	23390	name-verified	dead sparkion
26047	23391	name-verified	dead sparkion
26048	23392	otb-only	dead breech brood
26049	23393	name-verified	dead breach brood
26050	23394	name-verified	dead breach brood
26051	23395	name-verified	dead breach brood
26052	23396	name-verified	your store inbox
26054	23398	name-verified	decoration kit
26055	23399	name-verified	mailbox
26056	23400	name-verified	mailbox
26057	23401	name-verified	ornate mailbox
26058	23402	name-verified	ornate mailbox
26059	23403	name-verified	magnificent chair
26060	23404	name-verified	magnificent chair
26061	23405	name-verified	magnificent chair
26062	23406	name-verified	magnificent chair
26063	23407	name-verified	ferocious chair
26064	23408	name-verified	ferocious chair
26065	23409	name-verified	ferocious chair
26066	23410	name-verified	ferocious chair
26067	23411	name-verified	ferocious table
26068	23412	name-verified	dead reality reaver
26069	23413	name-verified	dead reality reaver
26070	23414	name-verified	ferocious table
26071	23415	name-verified	dead reality reaver
26072	23416	name-verified	dead reality reaver
26073	23417	name-verified	magnificent table
26074	23418	name-verified	magnificent table
26075	23419	name-verified	magnificent cabinet
26076	23420	name-verified	magnificent cabinet
26077	23421	name-verified	ferocious cabinet
26078	23422	name-verified	ferocious cabinet
26079	23423	name-verified	ferocious trunk
26080	23424	name-verified	ferocious trunk
26081	23425	name-verified	ferocious trunk
26082	23426	name-verified	ferocious trunk
26083	23427	name-verified	magnificent trunk
26084	23428	name-verified	magnificent trunk
26085	23429	name-verified	magnificent trunk
26086	23430	name-verified	magnificent trunk
26087	23431	name-verified	rolled-up yalaharian carpet
26088	23432	name-verified	rolled-up white fur carpet
26089	23433	name-verified	rolled-up bamboo mat
26090	23434	name-verified	predator lamp
26091	23435	name-verified	predator lamp
26092	23436	name-verified	lit predator lamp
26093	23437	name-verified	lit predator lamp
26094	23438	name-verified	protectress lamp
26095	23439	name-verified	protectress lamp
26096	23440	name-verified	lit protectress lamp
26097	23441	name-verified	lit protectress lamp
26098	23442	name-verified	baby dragon
26099	23443	name-verified	baby dragon
26100	23444	name-verified	hamster in a wheel
26101	23445	name-verified	hamster in a wheel
26104	23448	name-verified	lordly tapestry
26105	23449	name-verified	menacing tapestry
26106	23450	name-verified	all-seeing tapestry
26107	23451	name-verified	cat in a basket
26108	23452	name-verified	cat in a basket
26109	23453	name-verified	yalaharian carpet
26110	23454	name-verified	white fur carpet
26111	23455	name-verified	bamboo mat
26112	23456	name-verified	used red chair kit
26113	23457	name-verified	used globe kit
26114	23458	name-verified	used telescope kit
26115	23459	name-verified	used rocking horse kit
26116	23460	name-verified	large used amphora kit
26117	23461	otb-only	mud
26119	23463	otb-only	metal grate
26121	23465	otb-only	sand
26122	23466	otb-only	snow
26123	23467	otb-only	lightning
26124	23468	otb-only	lightning
26125	23469	name-verified	vortex
26126	23470	name-verified	vortex
26127	23471	name-verified	vortex
26128	23472	otb-only	viscous dirt
26129	23473	name-verified	furniture kit
26130	23474	name-verified	tiara of power
26131	23475	name-verified	tiara of power
26132	23476	name-verified	void boots
26133	23477	name-verified	void boots
26134	23478	name-verified	dead dread intruder
26135	23479	name-verified	dead dread intruder
26136	23480	name-verified	dead dread intruder
26137	23481	name-verified	dead dread intruder
26138	23482	name-verified	vortex
26139	23483	name-verified	vortex
26140	23484	name-verified	vortex
26141	23485	name-verified	explosive barrel
26142	23486	otb-only	ignited explosive barrel
26143	23487	name-verified	arena badge
26144	23488	name-verified	surprise cube
26145	23489	name-verified	brown pit demon
26146	23490	name-verified	green pit demon
26147	23491	name-verified	blue pit demon
26148	23492	name-verified	black pit demon
26149	23493	name-verified	red pit demon
26150	23494	name-verified	mysterious thing
26151	23495	name-verified	mysterious thing
26152	23496	name-verified	mysterious thing
26153	23497	name-verified	mysterious thing
26154	23498	name-verified	mysterious thing
26155	23499	name-verified	mysterious thing
26156	23500	name-verified	mysterious thing
26157	23501	name-verified	condensed energy
26158	23502	name-verified	sparkion claw
26159	23503	name-verified	sparkion tail
26160	23504	name-verified	sparkion legs
26161	23505	name-verified	sparkion stings
26162	23506	name-verified	plasma pearls
26163	23507	name-verified	crystallized anger
26164	23508	name-verified	energy vein
26165	23509	name-verified	mysterious remains
26166	23510	name-verified	odd organ
26167	23511	name-verified	curious matter
26168	23512	name-verified	spying eye
26169	23513	name-verified	strange proto matter
26170	23514	name-verified	volatile proto matter
26171	23515	name-verified	dangerous proto matter
26172	23516	name-verified	instable proto matter
26173	23517	name-verified	solid rage
26174	23518	name-verified	spark sphere
26175	23519	name-verified	frozen lightning
26176	23520	name-verified	plasmatic lightning
26177	23521	name-verified	crystal bone
26178	23522	name-verified	glistening bone
26179	23523	name-verified	energy ball
26180	23524	name-verified	small energy ball
26181	23525	name-verified	energetic backpack
26182	23526	name-verified	collar of blue plasma
26183	23527	otb-only	collar of green plasma (faster regeneration)
26184	23528	name-verified	collar of red plasma
26185	23529	name-verified	ring of blue plasma
26186	23530	name-verified	ring of blue plasma
26187	23531	name-verified	ring of green plasma
26188	23532	otb-only	ring of green plasma (faster regeneration)
26189	23533	name-verified	ring of red plasma
26190	23534	name-verified	ring of red plasma
26191	23535	name-verified	energy bar
26192	23536	name-verified	folded void carpet
26193	23537	name-verified	void carpet
26194	23538	name-verified	vibrant egg
26195	23539	name-verified	ornated sphere lamp
26196	23540	name-verified	ornated sphere lamp
26197	23541	name-verified	blue sphere
26198	23542	name-verified	collar of blue plasma
26199	23543	name-verified	collar of green plasma
26200	23544	name-verified	collar of red plasma
26201	23545	name-verified	energy drink
26203	23547	name-verified	arena certificate
26204	23548	otb-only	arena certificates
26209	23553	otb-only	burster's remains
26210	23554	otb-only	burster's remains
26211	23555	otb-only	burster's remains
26212	23556	otb-only	burster's remains
26213	23557	otb-only	remains of dreadful disruptor
26214	23558	otb-only	remains of dreadful disruptor
26215	23559	otb-only	remains of dreadful disruptor
26216	23560	otb-only	remains of dreadful disruptor
26217	23561	otb-only	plasmatic remains
26218	23562	otb-only	plasmatic remains
26219	23563	otb-only	plasmatic remains
26220	23564	otb-only	energetic remains
26221	23565	otb-only	energetic remains
26222	23566	otb-only	energetic remains
26223	23567	otb-only	energetic remains
26224	23568	otb-only	energetic remains
26225	23569	otb-only	energetic remains
26226	23570	otb-only	strange stone
26227	23571	name-verified	wrecked opticorder forge
26228	23572	name-verified	complete opticording sphere
26229	23573	name-verified	broken opticording sphere
26230	23574	name-verified	vortex
26231	23575	otb-only	waterfall
26232	23576	otb-only	waterfall
26233	23577	otb-only	blade of mayhem
26234	23578	otb-only	blade of mayhem
26235	23579	otb-only	blade of mayhem
26236	23580	otb-only	slayer of mayhem
26237	23581	otb-only	slayer of mayhem
26238	23582	otb-only	slayer of mayhem
26239	23583	otb-only	axe of mayhem
26240	23584	otb-only	axe of mayhem
26241	23585	otb-only	axe of mayhem
26242	23586	otb-only	chopper of mayhem
26243	23587	otb-only	chopper of mayhem
26244	23588	otb-only	chopper of mayhem
26245	23589	otb-only	mace of mayhem
26246	23590	otb-only	mace of mayhem
26247	23591	otb-only	mace of mayhem
26248	23592	otb-only	hammer of mayhem
26249	23593	otb-only	hammer of mayhem
26250	23594	otb-only	hammer of mayhem
26251	23595	otb-only	bow of mayhem
26252	23596	otb-only	blade of remedy
26253	23597	otb-only	bow of mayhem
26254	23598	otb-only	bow of mayhem
26255	23599	otb-only	blade of remedy
26256	23600	otb-only	blade of remedy
26257	23601	otb-only	slayer of remedy
26258	23602	otb-only	slayer of remedy
26260	23604	otb-only	slayer of remedy
26261	23605	otb-only	blade of carving
26262	23606	otb-only	axe of remedy
26263	23607	otb-only	axe of remedy
26264	23608	otb-only	crossbow of mayhem
26265	23609	otb-only	blade of carving
26266	23610	otb-only	crossbow of mayhem
26267	23611	otb-only	axe of remedy
26268	23612	otb-only	crossbow of mayhem
26269	23613	otb-only	chopper of remedy
26270	23614	otb-only	blade of carving
26271	23615	otb-only	chopper of remedy
26272	23616	otb-only	slayer of carving
26273	23617	otb-only	chopper of remedy
26274	23618	otb-only	slayer of carving
26275	23619	otb-only	mace of remedy
26276	23620	otb-only	mace of remedy
26277	23621	otb-only	slayer of carving
26278	23622	otb-only	mace of remedy
26279	23623	otb-only	hammer of remedy
26280	23624	otb-only	axe of carving
26281	23625	otb-only	hammer of remedy
26282	23626	otb-only	axe of carving
26283	23627	otb-only	hammer of remedy
26284	23628	otb-only	axe of carving
26285	23629	otb-only	bow of remedy
26286	23630	otb-only	bow of remedy
26287	23631	otb-only	chopper of carving
26288	23632	otb-only	bow of remedy
26289	23633	otb-only	crossbow of remedy
26290	23634	otb-only	chopper of carving
26291	23635	otb-only	crossbow of remedy
26292	23636	otb-only	crossbow of remedy
26293	23637	otb-only	chopper of carving
26294	23638	otb-only	wand of remedy
26295	23639	otb-only	wand of remedy
26296	23640	otb-only	mace of carving
26297	23641	otb-only	wand of remedy
26298	23642	otb-only	mace of carving
26299	23643	otb-only	rod of remedy
26300	23644	otb-only	mace of carving
26301	23645	otb-only	rod of remedy
26302	23646	otb-only	rod of remedy
26303	23647	otb-only	hammer of carving
26304	23648	otb-only	hammer of carving
26305	23649	otb-only	hammer of carving
26306	23650	otb-only	bow of carving
26307	23651	otb-only	bow of carving
26308	23652	otb-only	bow of carving
26309	23653	otb-only	crossbow of carving
26310	23654	otb-only	crossbow of carving
26311	23655	otb-only	crossbow of carving
26312	23656	otb-only	wand of carving
26313	23657	otb-only	wand of carving
26314	23658	otb-only	wand of carving
26315	23659	otb-only	rod of carving
26316	23660	otb-only	rod of carving
26317	23661	otb-only	rod of carving
26318	23662	otb-only	wand of mayhem
26319	23663	otb-only	wand of mayhem
26320	23664	otb-only	wand of mayhem
26321	23665	otb-only	rod of mayhem
26322	23666	otb-only	rod of mayhem
26323	23667	otb-only	rod of mayhem
26332	23676	name-verified	hand puppets
26333	23677	name-verified	music box
26334	23678	name-verified	encyclopedia
26335	23679	name-verified	doll of durin the almighty
26336	23680	name-verified	medusa skull
26337	23681	name-verified	golden newspaper
26338	23682	name-verified	bag of oriental spices
26339	23683	name-verified	imortus
26340	23684	name-verified	crackling egg
26341	23685	name-verified	menacing egg
26342	23686	name-verified	devourer core
26343	23687	name-verified	burnt out devourer core
26347	23691	name-verified	fish in a tank
26349	23693	name-verified	rustic chair
26350	23694	name-verified	rustic chair
26351	23695	name-verified	rustic chair
26352	23696	name-verified	rustic chair
26353	23697	name-verified	dog house
26354	23698	name-verified	rustic table
26355	23699	name-verified	rustic table
26356	23700	name-verified	rustic cabinet
26357	23701	name-verified	rustic cabinet
26358	23702	name-verified	rustic trunk
26359	23703	name-verified	dog house
26360	23704	name-verified	rustic trunk
26361	23705	name-verified	rustic trunk
26362	23706	name-verified	rustic trunk
26363	23707	name-verified	rolled-up crimson carpet
26364	23708	name-verified	dog house
26365	23709	name-verified	dog house
26366	23710	name-verified	rolled-up azure carpet
26367	23711	name-verified	rolled-up emerald carpet
26368	23712	name-verified	light parquet planks
26369	23713	name-verified	dark parquet planks
26370	23714	name-verified	marble tiles
26371	23715	name-verified	crimson carpet
26372	23716	name-verified	azure carpet
26373	23717	name-verified	emerald carpet
26374	23718	name-verified	light parquet
26375	23719	name-verified	dark parquet
26376	23720	name-verified	marble floor
26377	23721	name-verified	gold pouch
26378	23722	name-verified	gold converter
26379	23723	name-verified	golden dragon tapestry
26380	23724	name-verified	sword tapestry
26381	23725	name-verified	brocade tapestry
